specimen,kind,illumination,score
001,Good,01,39.537113189697266
001,Good,02,41.00408172607422
001,Good,03,40.93251419067383
001,Good,04,40.328269958496094
001,Good,05,40.76539611816406
001,Good,06,38.823646545410156
001,Good,07,38.76778030395508
001,Good,08,39.43116760253906
001,Good,09,40.27214050292969
001,Good,10,42.47403335571289
002,Good,01,39.722808837890625
002,Good,02,40.815574645996094
002,Good,03,39.02403259277344
002,Good,04,39.29009246826172
002,Good,05,37.046836853027344
002,Good,06,44.73780822753906
002,Good,07,45.9349250793457
002,Good,08,45.329803466796875
002,Good,09,43.80476379394531
002,Good,10,44.17239761352539
005,Good,01,41.98567581176758
005,Good,02,40.2442626953125
005,Good,03,39.625247955322266
005,Good,04,39.67033767700195
005,Good,05,41.422828674316406
005,Good,06,38.43709945678711
005,Good,07,40.635597229003906
005,Good,08,40.29026794433594
005,Good,09,39.31429672241211
005,Good,10,38.79557800292969
006,Good,01,39.284603118896484
006,Good,02,41.498077392578125
006,Good,03,41.953758239746094
006,Good,04,41.977413177490234
006,Good,05,41.35269546508789
006,Good,06,40.32572937011719
006,Good,07,42.20794677734375
006,Good,08,43.15685272216797
006,Good,09,41.917381286621094
006,Good,10,42.02962875366211
007,Good,01,37.79417419433594
007,Good,02,37.03890609741211
007,Good,03,36.73832321166992
007,Good,04,35.56769943237305
007,Good,05,37.81483840942383
007,Good,06,41.7503662109375
007,Good,07,40.42906951904297
007,Good,08,41.863914489746094
007,Good,09,43.44225311279297
007,Good,10,43.36231994628906
008,Good,01,40.11389923095703
008,Good,02,39.31245040893555
008,Good,03,35.93638229370117
008,Good,04,36.889644622802734
008,Good,05,37.34861755371094
008,Good,06,42.03898239135742
008,Good,07,43.51789474487305
008,Good,08,41.481021881103516
008,Good,09,43.51462936401367
008,Good,10,44.21213912963867
013,Good,01,35.15571975708008
013,Good,02,36.093753814697266
013,Good,03,36.55448913574219
013,Good,04,37.403785705566406
013,Good,05,36.78127670288086
013,Good,06,36.455284118652344
013,Good,07,37.678592681884766
013,Good,08,36.99852752685547
013,Good,09,37.26832580566406
013,Good,10,37.49189376831055
014,Good,01,37.945213317871094
014,Good,02,36.99957275390625
014,Good,03,39.8032341003418
014,Good,04,37.51436996459961
014,Good,05,39.511024475097656
014,Good,06,40.89093780517578
014,Good,07,44.94456100463867
014,Good,08,42.26691818237305
014,Good,09,42.16423416137695
014,Good,10,42.99714660644531
015,Good,01,42.532840728759766
015,Good,02,42.0843505859375
015,Good,03,36.839271545410156
015,Good,04,36.697208404541016
015,Good,05,39.57933807373047
015,Good,06,42.81126022338867
015,Good,07,43.91990280151367
015,Good,08,44.62948989868164
015,Good,09,42.810523986816406
015,Good,10,43.17490005493164
017,Good,01,36.352455139160156
017,Good,02,35.863525390625
017,Good,03,36.360450744628906
017,Good,04,36.27897644042969
017,Good,05,37.62350845336914
017,Good,06,41.61225128173828
017,Good,07,43.437808990478516
017,Good,08,43.13458251953125
017,Good,09,44.23587417602539
017,Good,10,44.859100341796875
027,Good,01,40.76363754272461
027,Good,02,38.52857208251953
027,Good,03,39.94333267211914
027,Good,04,38.92510986328125
027,Good,05,40.42458724975586
027,Good,06,40.63725662231445
027,Good,07,41.26025390625
027,Good,08,39.57231521606445
027,Good,09,39.505531311035156
027,Good,10,39.32349395751953
032,Good,01,40.147247314453125
032,Good,02,44.58485794067383
032,Good,03,47.11486053466797
032,Good,04,45.775413513183594
032,Good,05,48.02042770385742
032,Good,06,47.55622482299805
032,Good,07,46.6365852355957
032,Good,08,45.13068771362305
032,Good,09,46.361454010009766
032,Good,10,46.15328598022461
034,Good,01,40.251033782958984
034,Good,02,39.26856994628906
034,Good,03,40.11568069458008
034,Good,04,41.86112594604492
034,Good,05,42.44890213012695
034,Good,06,44.2629280090332
034,Good,07,39.77980422973633
034,Good,08,41.364013671875
034,Good,09,43.14402770996094
034,Good,10,42.87665557861328
036,Good,01,40.743099212646484
036,Good,02,38.103515625
036,Good,03,40.644737243652344
036,Good,04,43.24848175048828
036,Good,05,44.46072006225586
036,Good,06,44.181453704833984
036,Good,07,46.648521423339844
036,Good,08,43.54159927368164
036,Good,09,42.48601150512695
036,Good,10,43.88285446166992
037,Good,01,40.218360900878906
037,Good,02,38.86359786987305
037,Good,03,36.84878921508789
037,Good,04,39.55788803100586
037,Good,05,40.176849365234375
037,Good,06,39.90330505371094
037,Good,07,37.871253967285156
037,Good,08,38.27030944824219
037,Good,09,37.23889923095703
037,Good,10,37.16483688354492
040,Good,01,37.74400329589844
040,Good,02,38.51020431518555
040,Good,03,41.06185531616211
040,Good,04,42.1397819519043
040,Good,05,39.21738815307617
040,Good,06,39.95258331298828
040,Good,07,43.07047653198242
040,Good,08,38.8791389465332
040,Good,09,39.790740966796875
040,Good,10,40.137908935546875
044,Good,01,37.30170822143555
044,Good,02,37.91950988769531
044,Good,03,43.863616943359375
044,Good,04,41.187049865722656
044,Good,05,39.63214874267578
044,Good,06,38.8352165222168
044,Good,07,38.62424087524414
044,Good,08,37.74336624145508
044,Good,09,39.743797302246094
044,Good,10,38.526668548583984
046,Good,01,45.869483947753906
046,Good,02,43.795806884765625
046,Good,03,46.205142974853516
046,Good,04,45.24799346923828
046,Good,05,43.45131301879883
046,Good,06,42.283599853515625
046,Good,07,45.91918182373047
046,Good,08,44.3575553894043
046,Good,09,44.243038177490234
046,Good,10,44.868438720703125
047,Good,01,37.75166702270508
047,Good,02,38.31342315673828
047,Good,03,40.268192291259766
047,Good,04,40.337745666503906
047,Good,05,40.70557403564453
047,Good,06,40.69318389892578
047,Good,07,41.33903503417969
047,Good,08,40.55784225463867
047,Good,09,38.41035079956055
047,Good,10,39.41975402832031
049,Good,01,39.26286315917969
049,Good,02,39.07209014892578
049,Good,03,39.50777053833008
049,Good,04,36.546165466308594
049,Good,05,38.351627349853516
049,Good,06,36.5853271484375
049,Good,07,38.97291946411133
049,Good,08,39.64111328125
049,Good,09,37.502052307128906
049,Good,10,38.30709457397461
damage_1_008,NG,01,53.91925811767578
damage_1_008,NG,02,52.13515853881836
damage_1_008,NG,03,50.44070053100586
damage_1_008,NG,04,55.87468719482422
damage_1_008,NG,05,56.20114517211914
damage_1_008,NG,06,55.86864471435547
damage_1_008,NG,07,54.017887115478516
damage_1_008,NG,08,52.2864990234375
damage_1_008,NG,09,55.273956298828125
damage_1_008,NG,10,56.183231353759766
damage_1_009,NG,01,44.922523498535156
damage_1_009,NG,02,51.383968353271484
damage_1_009,NG,03,53.480812072753906
damage_1_009,NG,04,51.75819396972656
damage_1_009,NG,05,53.88753890991211
damage_1_009,NG,06,51.363525390625
damage_1_009,NG,07,52.062252044677734
damage_1_009,NG,08,47.79731369018555
damage_1_009,NG,09,54.31998062133789
damage_1_009,NG,10,54.13788604736328
damage_1_010,NG,01,45.710609436035156
damage_1_010,NG,02,46.216758728027344
damage_1_010,NG,03,48.00405502319336
damage_1_010,NG,04,50.195743560791016
damage_1_010,NG,05,52.15596389770508
damage_1_010,NG,06,50.656280517578125
damage_1_010,NG,07,49.934932708740234
damage_1_010,NG,08,48.3892936706543
damage_1_010,NG,09,49.34318542480469
damage_1_010,NG,10,49.8494758605957
damage_1_011,NG,01,51.72983932495117
damage_1_011,NG,02,54.074188232421875
damage_1_011,NG,03,56.271636962890625
damage_1_011,NG,04,56.39368438720703
damage_1_011,NG,05,56.24888610839844
damage_1_011,NG,06,56.49407958984375
damage_1_011,NG,07,55.84772872924805
damage_1_011,NG,08,56.26457977294922
damage_1_011,NG,09,56.59517288208008
damage_1_011,NG,10,56.133155822753906
damage_1_033,NG,01,34.611289978027344
damage_1_033,NG,02,36.18108367919922
damage_1_033,NG,03,39.964317321777344
damage_1_033,NG,04,40.121700286865234
damage_1_033,NG,05,41.716495513916016
damage_1_033,NG,06,38.70823669433594
damage_1_033,NG,07,40.34440994262695
damage_1_033,NG,08,37.03813934326172
damage_1_033,NG,09,37.74879455566406
damage_1_033,NG,10,38.53666305541992
damage_1_034,NG,01,40.14912033081055
damage_1_034,NG,02,40.57393264770508
damage_1_034,NG,03,43.95866775512695
damage_1_034,NG,04,41.481407165527344
damage_1_034,NG,05,43.76683807373047
damage_1_034,NG,06,42.25197982788086
damage_1_034,NG,07,40.80962371826172
damage_1_034,NG,08,40.7952880859375
damage_1_034,NG,09,40.865055084228516
damage_1_034,NG,10,40.960853576660156
damage_1_035,NG,01,38.36310958862305
damage_1_035,NG,02,38.4182014465332
damage_1_035,NG,03,36.962364196777344
damage_1_035,NG,04,36.68617630004883
damage_1_035,NG,05,38.99256896972656
damage_1_035,NG,06,40.52214813232422
damage_1_035,NG,07,44.149681091308594
damage_1_035,NG,08,41.44028091430664
damage_1_035,NG,09,42.025997161865234
damage_1_035,NG,10,41.65923309326172
damage_1_036,NG,01,41.01978302001953
damage_1_036,NG,02,40.75519561767578
damage_1_036,NG,03,38.66877746582031
damage_1_036,NG,04,43.40760040283203
damage_1_036,NG,05,45.00578308105469
damage_1_036,NG,06,42.452659606933594
damage_1_036,NG,07,40.43415832519531
damage_1_036,NG,08,36.96268844604492
damage_1_036,NG,09,41.93937301635742
damage_1_036,NG,10,42.37709045410156
damage_1_hole_1_scratch_1_021,NG,01,48.36435317993164
damage_1_hole_1_scratch_1_021,NG,02,50.824031829833984
damage_1_hole_1_scratch_1_021,NG,03,52.862823486328125
damage_1_hole_1_scratch_1_021,NG,04,52.587711334228516
damage_1_hole_1_scratch_1_021,NG,05,51.223976135253906
damage_1_hole_1_scratch_1_021,NG,06,51.683902740478516
damage_1_hole_1_scratch_1_021,NG,07,48.60068130493164
damage_1_hole_1_scratch_1_021,NG,08,49.50068664550781
damage_1_hole_1_scratch_1_021,NG,09,52.62827682495117
damage_1_hole_1_scratch_1_021,NG,10,53.506195068359375
damage_1_hole_1_scratch_1_022,NG,01,44.35615539550781
damage_1_hole_1_scratch_1_022,NG,02,47.66352081298828
damage_1_hole_1_scratch_1_022,NG,03,48.61405563354492
damage_1_hole_1_scratch_1_022,NG,04,48.758331298828125
damage_1_hole_1_scratch_1_022,NG,05,49.7718391418457
damage_1_hole_1_scratch_1_022,NG,06,52.17886734008789
damage_1_hole_1_scratch_1_022,NG,07,52.58767318725586
damage_1_hole_1_scratch_1_022,NG,08,50.39563751220703
damage_1_hole_1_scratch_1_022,NG,09,50.13762664794922
damage_1_hole_1_scratch_1_022,NG,10,50.775177001953125
damage_1_hole_1_scratch_1_023,NG,01,56.37311935424805
damage_1_hole_1_scratch_1_023,NG,02,55.257938385009766
damage_1_hole_1_scratch_1_023,NG,03,53.854305267333984
damage_1_hole_1_scratch_1_023,NG,04,52.88068771362305
damage_1_hole_1_scratch_1_023,NG,05,51.71705627441406
damage_1_hole_1_scratch_1_023,NG,06,53.78620147705078
damage_1_hole_1_scratch_1_023,NG,07,53.61173629760742
damage_1_hole_1_scratch_1_023,NG,08,54.22210693359375
damage_1_hole_1_scratch_1_023,NG,09,54.50751495361328
damage_1_hole_1_scratch_1_023,NG,10,56.30167770385742
damage_1_hole_1_scratch_1_024,NG,01,48.39472579956055
damage_1_hole_1_scratch_1_024,NG,02,48.40201187133789
damage_1_hole_1_scratch_1_024,NG,03,47.548240661621094
damage_1_hole_1_scratch_1_024,NG,04,49.293731689453125
damage_1_hole_1_scratch_1_024,NG,05,50.885162353515625
damage_1_hole_1_scratch_1_024,NG,06,50.24736785888672
damage_1_hole_1_scratch_1_024,NG,07,52.67390060424805
damage_1_hole_1_scratch_1_024,NG,08,50.8460578918457
damage_1_hole_1_scratch_1_024,NG,09,50.376766204833984
damage_1_hole_1_scratch_1_024,NG,10,51.993553161621094
damage_1_hole_1_scratch_1_047,NG,01,39.884220123291016
damage_1_hole_1_scratch_1_047,NG,02,39.696903228759766
damage_1_hole_1_scratch_1_047,NG,03,39.6996955871582
damage_1_hole_1_scratch_1_047,NG,04,40.6682014465332
damage_1_hole_1_scratch_1_047,NG,05,41.19784164428711
damage_1_hole_1_scratch_1_047,NG,06,41.8084831237793
damage_1_hole_1_scratch_1_047,NG,07,43.51827621459961
damage_1_hole_1_scratch_1_047,NG,08,41.36360549926758
damage_1_hole_1_scratch_1_047,NG,09,40.901702880859375
damage_1_hole_1_scratch_1_047,NG,10,40.181854248046875
damage_1_hole_2_scratch_1_048,NG,01,38.90943908691406
damage_1_hole_2_scratch_1_048,NG,02,36.468135833740234
damage_1_hole_2_scratch_1_048,NG,03,38.713966369628906
damage_1_hole_2_scratch_1_048,NG,04,39.148738861083984
damage_1_hole_2_scratch_1_048,NG,05,39.34376907348633
damage_1_hole_2_scratch_1_048,NG,06,41.694210052490234
damage_1_hole_2_scratch_1_048,NG,07,45.800785064697266
damage_1_hole_2_scratch_1_048,NG,08,43.143672943115234
damage_1_hole_2_scratch_1_048,NG,09,39.90321350097656
damage_1_hole_2_scratch_1_048,NG,10,40.059356689453125
damage_1_hole_5_scratch_1_046,NG,01,60.508644104003906
damage_1_hole_5_scratch_1_046,NG,02,59.31330871582031
damage_1_hole_5_scratch_1_046,NG,03,53.65863800048828
damage_1_hole_5_scratch_1_046,NG,04,59.4285774230957
damage_1_hole_5_scratch_1_046,NG,05,60.64450454711914
damage_1_hole_5_scratch_1_046,NG,06,57.20851135253906
damage_1_hole_5_scratch_1_046,NG,07,58.19940185546875
damage_1_hole_5_scratch_1_046,NG,08,58.08987045288086
damage_1_hole_5_scratch_1_046,NG,09,55.93903350830078
damage_1_hole_5_scratch_1_046,NG,10,56.425865173339844
damage_2_018,NG,01,47.78765106201172
damage_2_018,NG,02,47.979366302490234
damage_2_018,NG,03,46.61140823364258
damage_2_018,NG,04,49.12316131591797
damage_2_018,NG,05,47.550235748291016
damage_2_018,NG,06,47.94547653198242
damage_2_018,NG,07,45.116859436035156
damage_2_018,NG,08,48.104644775390625
damage_2_018,NG,09,48.614051818847656
damage_2_018,NG,10,48.03340148925781
damage_2_020,NG,01,52.510955810546875
damage_2_020,NG,02,51.09521484375
damage_2_020,NG,03,49.309635162353516
damage_2_020,NG,04,52.74391555786133
damage_2_020,NG,05,54.8809700012207
damage_2_020,NG,06,55.050907135009766
damage_2_020,NG,07,51.410133361816406
damage_2_020,NG,08,52.00822448730469
damage_2_020,NG,09,54.46444320678711
damage_2_020,NG,10,54.71571350097656
damage_2_043,NG,01,36.8173713684082
damage_2_043,NG,02,38.94774627685547
damage_2_043,NG,03,42.98876953125
damage_2_043,NG,04,39.07102584838867
damage_2_043,NG,05,38.35592269897461
damage_2_043,NG,06,38.19816970825195
damage_2_043,NG,07,42.336029052734375
damage_2_043,NG,08,39.72031021118164
damage_2_043,NG,09,38.866634368896484
damage_2_043,NG,10,38.98917770385742
damage_2_044,NG,01,41.21898651123047
damage_2_044,NG,02,40.91989517211914
damage_2_044,NG,03,44.040428161621094
damage_2_044,NG,04,42.8270378112793
damage_2_044,NG,05,42.706016540527344
damage_2_044,NG,06,41.574737548828125
damage_2_044,NG,07,41.76337432861328
damage_2_044,NG,08,40.360782623291016
damage_2_044,NG,09,42.08308410644531
damage_2_044,NG,10,41.49906539916992
damage_2_hole_2_scratch_2_049,NG,01,45.17011642456055
damage_2_hole_2_scratch_2_049,NG,02,44.912349700927734
damage_2_hole_2_scratch_2_049,NG,03,43.514442443847656
damage_2_hole_2_scratch_2_049,NG,04,46.56999588012695
damage_2_hole_2_scratch_2_049,NG,05,48.622215270996094
damage_2_hole_2_scratch_2_049,NG,06,46.44115447998047
damage_2_hole_2_scratch_2_049,NG,07,46.640159606933594
damage_2_hole_2_scratch_2_049,NG,08,44.30642318725586
damage_2_hole_2_scratch_2_049,NG,09,47.14081954956055
damage_2_hole_2_scratch_2_049,NG,10,47.25997543334961
damage_3_019,NG,01,49.1585578918457
damage_3_019,NG,02,51.21611404418945
damage_3_019,NG,03,51.601810455322266
damage_3_019,NG,04,50.789894104003906
damage_3_019,NG,05,51.3775634765625
damage_3_019,NG,06,48.98155212402344
damage_3_019,NG,07,49.849571228027344
damage_3_019,NG,08,51.18057632446289
damage_3_019,NG,09,51.77739715576172
damage_3_019,NG,10,52.4449462890625
damage_3_045,NG,01,44.703060150146484
damage_3_045,NG,02,43.780494689941406
damage_3_045,NG,03,43.970245361328125
damage_3_045,NG,04,50.45209503173828
damage_3_045,NG,05,52.11314392089844
damage_3_045,NG,06,50.303565979003906
damage_3_045,NG,07,47.14244079589844
damage_3_045,NG,08,46.198787689208984
damage_3_045,NG,09,50.861942291259766
damage_3_045,NG,10,49.57307434082031
hole_1_004,NG,01,45.31379318237305
hole_1_004,NG,02,43.24296951293945
hole_1_004,NG,03,44.55221939086914
hole_1_004,NG,04,44.612709045410156
hole_1_004,NG,05,46.697410583496094
hole_1_004,NG,06,47.2442512512207
hole_1_004,NG,07,48.329349517822266
hole_1_004,NG,08,48.912445068359375
hole_1_004,NG,09,45.34247589111328
hole_1_004,NG,10,46.87673568725586
hole_1_005,NG,01,51.291481018066406
hole_1_005,NG,02,52.93476104736328
hole_1_005,NG,03,51.51485061645508
hole_1_005,NG,04,49.80789566040039
hole_1_005,NG,05,50.25098419189453
hole_1_005,NG,06,52.05779266357422
hole_1_005,NG,07,52.55760192871094
hole_1_005,NG,08,52.460941314697266
hole_1_005,NG,09,51.935604095458984
hole_1_005,NG,10,53.122901916503906
hole_1_006,NG,01,47.468990325927734
hole_1_006,NG,02,52.798248291015625
hole_1_006,NG,03,49.38808059692383
hole_1_006,NG,04,53.66276931762695
hole_1_006,NG,05,52.0340690612793
hole_1_006,NG,06,53.21168899536133
hole_1_006,NG,07,54.294578552246094
hole_1_006,NG,08,51.473873138427734
hole_1_006,NG,09,54.489654541015625
hole_1_006,NG,10,55.57731246948242
hole_1_007,NG,01,53.46213912963867
hole_1_007,NG,02,51.903770446777344
hole_1_007,NG,03,51.66579818725586
hole_1_007,NG,04,55.78531265258789
hole_1_007,NG,05,55.490142822265625
hole_1_007,NG,06,56.420387268066406
hole_1_007,NG,07,54.196372985839844
hole_1_007,NG,08,55.06017303466797
hole_1_007,NG,09,54.49066162109375
hole_1_007,NG,10,56.59033203125
hole_1_025,NG,01,40.24756622314453
hole_1_025,NG,02,39.30018997192383
hole_1_025,NG,03,39.91461944580078
hole_1_025,NG,04,42.47455596923828
hole_1_025,NG,05,41.940711975097656
hole_1_025,NG,06,44.18915939331055
hole_1_025,NG,07,46.680076599121094
hole_1_025,NG,08,45.73335266113281
hole_1_025,NG,09,44.508758544921875
hole_1_025,NG,10,43.23777389526367
hole_1_026,NG,01,38.62510299682617
hole_1_026,NG,02,38.5596923828125
hole_1_026,NG,03,44.483951568603516
hole_1_026,NG,04,43.00290298461914
hole_1_026,NG,05,42.12904739379883
hole_1_026,NG,06,40.59423065185547
hole_1_026,NG,07,39.514122009277344
hole_1_026,NG,08,38.29505920410156
hole_1_026,NG,09,40.92133331298828
hole_1_026,NG,10,41.24558639526367
hole_1_027,NG,01,43.932830810546875
hole_1_027,NG,02,43.47782897949219
hole_1_027,NG,03,45.72080993652344
hole_1_027,NG,04,42.84531021118164
hole_1_027,NG,05,45.017799377441406
hole_1_027,NG,06,43.444026947021484
hole_1_027,NG,07,43.27687072753906
hole_1_027,NG,08,44.561607360839844
hole_1_027,NG,09,43.431854248046875
hole_1_027,NG,10,44.30518341064453
hole_1_028,NG,01,37.665626525878906
hole_1_028,NG,02,36.8084716796875
hole_1_028,NG,03,40.413665771484375
hole_1_028,NG,04,38.96523666381836
hole_1_028,NG,05,39.877506256103516
hole_1_028,NG,06,39.3325080871582
hole_1_028,NG,07,42.24980926513672
hole_1_028,NG,08,41.18790054321289
hole_1_028,NG,09,39.35466384887695
hole_1_028,NG,10,38.90510559082031
hole_2_015,NG,01,47.9991569519043
hole_2_015,NG,02,45.283267974853516
hole_2_015,NG,03,43.79119110107422
hole_2_015,NG,04,47.638526916503906
hole_2_015,NG,05,49.0261116027832
hole_2_015,NG,06,48.16616439819336
hole_2_015,NG,07,46.34883117675781
hole_2_015,NG,08,44.88116455078125
hole_2_015,NG,09,47.263458251953125
hole_2_015,NG,10,50.047393798828125
hole_2_017,NG,01,50.809967041015625
hole_2_017,NG,02,49.29770278930664
hole_2_017,NG,03,50.318328857421875
hole_2_017,NG,04,50.29161834716797
hole_2_017,NG,05,55.63660430908203
hole_2_017,NG,06,56.11387634277344
hole_2_017,NG,07,57.51655197143555
hole_2_017,NG,08,53.58293914794922
hole_2_017,NG,09,50.97613525390625
hole_2_017,NG,10,54.7470588684082
hole_2_037,NG,01,39.72580337524414
hole_2_037,NG,02,45.240333557128906
hole_2_037,NG,03,47.44117736816406
hole_2_037,NG,04,48.60960006713867
hole_2_037,NG,05,48.839515686035156
hole_2_037,NG,06,47.37712478637695
hole_2_037,NG,07,47.25638961791992
hole_2_037,NG,08,42.65667724609375
hole_2_037,NG,09,45.20616912841797
hole_2_037,NG,10,45.92295837402344
hole_3_016,NG,01,45.647682189941406
hole_3_016,NG,02,48.09482192993164
hole_3_016,NG,03,46.41917419433594
hole_3_016,NG,04,47.42570114135742
hole_3_016,NG,05,49.834251403808594
hole_3_016,NG,06,48.94965744018555
hole_3_016,NG,07,49.5235595703125
hole_3_016,NG,08,46.26211166381836
hole_3_016,NG,09,48.06584930419922
hole_3_016,NG,10,48.91156005859375
hole_3_038,NG,01,45.56218338012695
hole_3_038,NG,02,44.7313346862793
hole_3_038,NG,03,44.011474609375
hole_3_038,NG,04,46.83039093017578
hole_3_038,NG,05,47.338748931884766
hole_3_038,NG,06,45.750770568847656
hole_3_038,NG,07,43.66147994995117
hole_3_038,NG,08,44.451751708984375
hole_3_038,NG,09,44.92321014404297
hole_3_038,NG,10,43.789188385009766
hole_3_039,NG,01,36.66522216796875
hole_3_039,NG,02,37.336769104003906
hole_3_039,NG,03,38.592872619628906
hole_3_039,NG,04,36.332942962646484
hole_3_039,NG,05,38.678611755371094
hole_3_039,NG,06,39.37040328979492
hole_3_039,NG,07,39.68897247314453
hole_3_039,NG,08,41.47976303100586
hole_3_039,NG,09,37.108245849609375
hole_3_039,NG,10,36.57084655761719
scratch_1_000,NG,01,47.12028884887695
scratch_1_000,NG,02,46.6179313659668
scratch_1_000,NG,03,52.24551773071289
scratch_1_000,NG,04,51.4509162902832
scratch_1_000,NG,05,54.40889358520508
scratch_1_000,NG,06,52.42280578613281
scratch_1_000,NG,07,52.46967315673828
scratch_1_000,NG,08,49.108642578125
scratch_1_000,NG,09,52.211055755615234
scratch_1_000,NG,10,52.58051681518555
scratch_1_001,NG,01,46.95282745361328
scratch_1_001,NG,02,53.51731872558594
scratch_1_001,NG,03,53.278255462646484
scratch_1_001,NG,04,54.91134262084961
scratch_1_001,NG,05,53.619903564453125
scratch_1_001,NG,06,54.98485565185547
scratch_1_001,NG,07,54.137786865234375
scratch_1_001,NG,08,51.346405029296875
scratch_1_001,NG,09,56.652130126953125
scratch_1_001,NG,10,57.17435073852539
scratch_1_002,NG,01,47.4908561706543
scratch_1_002,NG,02,47.020572662353516
scratch_1_002,NG,03,49.753265380859375
scratch_1_002,NG,04,50.334007263183594
scratch_1_002,NG,05,50.427757263183594
scratch_1_002,NG,06,51.10960006713867
scratch_1_002,NG,07,53.743751525878906
scratch_1_002,NG,08,46.86787414550781
scratch_1_002,NG,09,50.28335952758789
scratch_1_002,NG,10,51.54552459716797
scratch_1_003,NG,01,51.35920715332031
scratch_1_003,NG,02,44.08285140991211
scratch_1_003,NG,03,43.53005599975586
scratch_1_003,NG,04,44.48725509643555
scratch_1_003,NG,05,46.21550750732422
scratch_1_003,NG,06,46.9552001953125
scratch_1_003,NG,07,47.03196716308594
scratch_1_003,NG,08,47.655765533447266
scratch_1_003,NG,09,46.01729965209961
scratch_1_003,NG,10,47.27314758300781
scratch_1_029,NG,01,36.94731521606445
scratch_1_029,NG,02,41.33572769165039
scratch_1_029,NG,03,41.40345001220703
scratch_1_029,NG,04,41.615291595458984
scratch_1_029,NG,05,41.09865188598633
scratch_1_029,NG,06,40.131797790527344
scratch_1_029,NG,07,39.75850296020508
scratch_1_029,NG,08,37.919803619384766
scratch_1_029,NG,09,40.911407470703125
scratch_1_029,NG,10,42.30059814453125
scratch_1_030,NG,01,39.41382598876953
scratch_1_030,NG,02,37.37371063232422
scratch_1_030,NG,03,38.84480285644531
scratch_1_030,NG,04,38.75053024291992
scratch_1_030,NG,05,37.73065185546875
scratch_1_030,NG,06,41.93251419067383
scratch_1_030,NG,07,43.341278076171875
scratch_1_030,NG,08,41.28606414794922
scratch_1_030,NG,09,41.595458984375
scratch_1_030,NG,10,40.9407844543457
scratch_1_031,NG,01,51.0423698425293
scratch_1_031,NG,02,49.531917572021484
scratch_1_031,NG,03,50.42462921142578
scratch_1_031,NG,04,48.76895523071289
scratch_1_031,NG,05,46.931644439697266
scratch_1_031,NG,06,47.27522277832031
scratch_1_031,NG,07,46.942970275878906
scratch_1_031,NG,08,48.69014358520508
scratch_1_031,NG,09,48.26527404785156
scratch_1_031,NG,10,47.93461608886719
scratch_1_032,NG,01,41.07122802734375
scratch_1_032,NG,02,39.302486419677734
scratch_1_032,NG,03,42.61028289794922
scratch_1_032,NG,04,46.71814727783203
scratch_1_032,NG,05,49.75392532348633
scratch_1_032,NG,06,47.79658508300781
scratch_1_032,NG,07,44.041324615478516
scratch_1_032,NG,08,46.983619689941406
scratch_1_032,NG,09,46.19813919067383
scratch_1_032,NG,10,47.09273910522461
scratch_2_012,NG,01,40.85320281982422
scratch_2_012,NG,02,45.279747009277344
scratch_2_012,NG,03,47.53196334838867
scratch_2_012,NG,04,48.18709945678711
scratch_2_012,NG,05,47.81055450439453
scratch_2_012,NG,06,47.753963470458984
scratch_2_012,NG,07,48.188175201416016
scratch_2_012,NG,08,43.83292770385742
scratch_2_012,NG,09,49.9740104675293
scratch_2_012,NG,10,50.17060852050781
scratch_2_014,NG,01,42.77381134033203
scratch_2_014,NG,02,43.660560607910156
scratch_2_014,NG,03,46.90944290161133
scratch_2_014,NG,04,45.75722122192383
scratch_2_014,NG,05,47.31350326538086
scratch_2_014,NG,06,46.3016242980957
scratch_2_014,NG,07,46.606842041015625
scratch_2_014,NG,08,45.76286315917969
scratch_2_014,NG,09,48.2081413269043
scratch_2_014,NG,10,48.00232696533203
scratch_2_042,NG,01,40.465675354003906
scratch_2_042,NG,02,40.579532623291016
scratch_2_042,NG,03,42.335941314697266
scratch_2_042,NG,04,42.84042739868164
scratch_2_042,NG,05,43.65023422241211
scratch_2_042,NG,06,42.802406311035156
scratch_2_042,NG,07,45.594085693359375
scratch_2_042,NG,08,45.0242805480957
scratch_2_042,NG,09,45.184349060058594
scratch_2_042,NG,10,43.62774658203125
scratch_3_013,NG,01,54.69662857055664
scratch_3_013,NG,02,53.755348205566406
scratch_3_013,NG,03,53.968719482421875
scratch_3_013,NG,04,54.24266052246094
scratch_3_013,NG,05,56.29341125488281
scratch_3_013,NG,06,55.304473876953125
scratch_3_013,NG,07,55.03325653076172
scratch_3_013,NG,08,57.12171936035156
scratch_3_013,NG,09,55.860626220703125
scratch_3_013,NG,10,57.08205032348633
scratch_3_040,NG,01,37.373687744140625
scratch_3_040,NG,02,37.62936019897461
scratch_3_040,NG,03,39.71992492675781
scratch_3_040,NG,04,39.40956497192383
scratch_3_040,NG,05,39.87620544433594
scratch_3_040,NG,06,39.385719299316406
scratch_3_040,NG,07,41.19791793823242
scratch_3_040,NG,08,41.31474685668945
scratch_3_040,NG,09,38.31667709350586
scratch_3_040,NG,10,38.699668884277344
scratch_3_041,NG,01,39.5338249206543
scratch_3_041,NG,02,38.06666564941406
scratch_3_041,NG,03,39.03349685668945
scratch_3_041,NG,04,40.6139030456543
scratch_3_041,NG,05,40.90978240966797
scratch_3_041,NG,06,41.607200622558594
scratch_3_041,NG,07,45.2353630065918
scratch_3_041,NG,08,40.291847229003906
scratch_3_041,NG,09,42.09452438354492
scratch_3_041,NG,10,43.19438552856445
