category,defect_type,location,delta_mean_defect_mean,delta_mean_defect_std,delta_mean_defect_ci_low,delta_mean_defect_ci_high,delta_std_defect_mean,delta_std_defect_std,delta_std_defect_ci_low,delta_std_defect_ci_high,delta_mean_gap_mean,delta_mean_gap_std,delta_mean_gap_ci_low,delta_mean_gap_ci_high,delta_d_prime_mean,delta_d_prime_std,delta_d_prime_ci_low,delta_d_prime_ci_high,delta_image_auroc_mean,delta_image_auroc_std,delta_image_auroc_ci_low,delta_image_auroc_ci_high
bottle,broken_large,layer2,-6.580757967631023,0.11261738092609672,-6.860537629986986,-6.300978305275059,0.4617702820203477,0.10068021933295654,0.21164656630914785,0.7118939977315475,-7.044620831807453,0.11068521289716471,-7.319600335304241,-6.769641328310666,-3.63464073020706,0.23424289253494507,-4.216579298159713,-3.052702162254407,0.0,0.0,0.0,0.0
bottle,broken_large,layer3,0.15812791188557895,0.16725068790049916,-0.25737936243392967,0.5736351862050876,0.495603024914314,0.06828734366230271,0.32595416790917464,0.6652518819194534,-2.8583288510640443,0.04367949935076369,-2.9668435002215645,-2.749814201906524,-2.188106363729958,0.09559816763323249,-2.425604544226861,-1.9506081832330553,0.0,0.0,0.0,0.0
bottle,broken_large,post_concat,-3.9594553629557296,0.15354450710455514,-4.340911848633692,-3.5779988772777673,1.621554837443475,0.018992930872314615,1.574369973589347,1.6687397012976029,-8.491010856628415,0.04449721751841906,-8.601556994273482,-8.38046471898335,-5.575267607204101,0.06456790064876493,-5.735676109817029,-5.414859104591174,0.0,0.0,0.0,0.0
bottle,broken_small,layer2,-4.355463374744761,0.1548233436188442,-4.74009692283737,-3.9708298266521513,-0.667926023215022,0.17215249547257813,-1.0956110453756933,-0.2402410010543508,-4.819326238921193,0.09177490158715086,-5.047326133499231,-4.591326344343155,-0.5116195710564376,0.21369166827324962,-1.0425019473479469,0.019262805235071623,0.0,0.0,0.0,0.0
bottle,broken_small,layer3,2.844746040575432,0.15665196665749834,2.4555695743992745,3.2339225067515898,-0.2192821968073068,0.26260675672133726,-0.8716861962938971,0.4331218026792836,-0.17171072237419338,0.05918895539012388,-0.3187561057606013,-0.024665338987785418,0.19087940671252746,0.3590537947688943,-0.7011316544751871,1.082890467900242,0.0,0.0,0.0,0.0
bottle,broken_small,post_concat,1.0040312102346693,0.22205316079832435,0.45237605858451024,1.5556863618848285,-0.6559920699702347,0.155127295886213,-1.0413807382941749,-0.2706034016462947,-3.5275242834380194,0.18580642710703452,-3.989130289652,-3.0659182772240388,-0.14573256602993023,0.30734634928601656,-0.9092848447497551,0.6178197126898947,0.0,0.0,0.0,0.0
bottle,contamination,layer2,-2.730898175920759,0.08612969065868989,-2.9448734572951794,-2.516922894546339,-2.2444207308719033,0.10092713564617185,-2.4951578702142823,-1.9936835915295243,-3.194761040097191,0.1897760836669025,-3.666229015776772,-2.7232930644176103,0.32836846214116483,0.028584463385897284,0.2573549875871715,0.39938193669515815,0.0,0.0,0.0,0.0
bottle,contamination,layer3,2.478938995845733,0.07438709607316761,2.2941362908649716,2.663741700826494,-0.8567315204826477,0.11403906867879188,-1.1400431360429364,-0.573419904922359,-0.5375177671038927,0.21316101842792146,-1.0670818297094125,-0.007953704498372849,0.2002792188256146,0.049175476217570374,0.07811070434582751,0.3224477333054017,0.0,0.0,0.0,0.0
bottle,contamination,post_concat,1.9410218738374236,0.03449931663732108,1.855313903354295,2.0267298443205526,-2.200322809962371,0.05415603539706099,-2.3348647179105804,-2.0657809020141613,-2.590533619835264,0.13637967280842173,-2.92934685183181,-2.251720387838718,0.40530809799621564,0.032199239415379596,0.3253142972376495,0.4853018987547818,0.0,0.0,0.0,0.0
cable,bent_wire,layer2,-8.259102845803278,0.12407091531889787,-8.56733696127162,-7.950868730334938,-2.1487315532472837,0.1610220091654516,-2.5487646829979447,-1.7486984234966225,-3.5876813563069376,0.02823695301666396,-3.657831497572856,-3.517531215041019,1.362344995212885,0.14925921382139506,0.9915346273721468,1.7331553630536232,0.0,0.0,0.0,0.0
cable,bent_wire,layer3,0.5834249838804624,0.0959539011470465,0.3450430410232105,0.8218069267377143,-2.053812833306397,0.12235249678277471,-2.357777815947556,-1.7498478506652377,-3.9421295634842224,0.2798018694876238,-4.63725203861252,-3.2470070883559243,0.9013589495466174,0.1274216817774573,0.5848003969381108,1.217917502155124,0.0,0.0,0.0,0.0
cable,bent_wire,post_concat,-4.552705226800377,0.17598920529270834,-4.989921933761446,-4.1154885198393085,-3.592519140759107,0.03805045369302746,-3.6870493367127186,-3.497988944805495,-6.964754553203766,0.15897862630523865,-7.359711228840568,-6.569797877566963,2.4154289287102197,0.07948625653577526,2.217958184561833,2.6128996728586067,0.0,0.0,0.0,0.0
cable,cable_swap,layer2,-4.572897275288902,0.20770235966775144,-5.088900183370335,-4.0568943672074695,-0.019717886600033152,0.11005191902821797,-0.2931240739410996,0.2536883007410333,0.09852421420743933,0.10421997304403935,-0.16039344689625656,0.35744187531113525,0.594938882235401,0.10785688466729294,0.3269859026257624,0.8628918618450396,0.019636015325670497,0.021327053714762793,-0.033347599088870826,0.07261962974021183
cable,cable_swap,layer3,3.3397938410441057,0.198152278467528,2.847516564580975,3.8320711175072364,0.336299979050505,0.19325465742720477,-0.14380995033226424,0.8164099084332743,-1.185760706320579,0.17436953215497655,-1.6189535974205862,-0.7525678152205719,-0.7020813760189726,0.1136797823727649,-0.9845004028814712,-0.4196623491564739,-0.0560344827586207,0.008972698273560922,-0.07832569991138155,-0.03374326560585984
cable,cable_swap,post_concat,1.4520014656914573,0.08511328353883192,1.2405512833601116,1.663451648022803,0.39967578603654946,0.10457564115512466,0.1398745250550023,0.6594770470180966,-0.9600478607119314,0.057173273040846,-1.102085607422186,-0.8180101140016767,-0.38975709010209325,0.12633076056741296,-0.7036054254662167,-0.07590875473796971,-0.01532567049808431,0.004147631244178285,-0.025629789272030516,-0.005021551724138101
cable,combined,layer2,-5.876051816073328,0.07693935272131787,-6.067195189762535,-5.684908442384121,-0.449565354097835,0.2670515476779637,-1.1130117175859808,0.2138810093903108,-1.2046303265769869,0.1462251489084159,-1.5679030510278789,-0.8413576021260949,0.1774906372085967,0.15008931265051487,-0.19538197687000797,0.5503632512872014,0.0,0.0,0.0,0.0
cable,combined,layer3,0.6002792589592261,0.13260310681673043,0.27084829415209194,0.9297102237663601,-0.7589198117872957,0.20139396873056906,-1.259250543230448,-0.25858908034414363,-3.9252752884054587,0.2727736058861769,-4.6029371797305165,-3.247613397080401,-0.33487059140137837,0.07568559213255432,-0.5228991997558307,-0.14684198304692606,0.0,0.0,0.0,0.0
cable,combined,post_concat,-2.3662068916089587,0.25615591172937296,-3.0025848104060433,-1.729828972811874,-1.3162876518094313,0.03752616862556223,-1.4095153463378858,-1.2230599572809768,-4.778256218012348,0.33886210862099847,-5.620104301812379,-3.936408134212316,-0.025813898127729534,0.10559126088036488,-0.2881383019978175,0.2365105057423584,0.0,0.0,0.0,0.0
cable,cut_inner_insulation,layer2,-5.7610157557896216,0.0646277545663792,-5.9215729557769965,-5.600458555802247,-0.47548851547652154,0.13991992442466583,-0.8230969298303797,-0.12788010112266335,-1.08959426629328,0.16810390032905154,-1.5072212088488572,-0.6719673237377027,0.20753157628824534,0.07501881255006912,0.02115947392709064,0.3939036786494,0.004926108374384193,0.0012315270935960299,0.0018665785611786502,0.007985638187589735
cable,cut_inner_insulation,layer3,4.236015319824219,0.10220556606000357,3.9821021269580754,4.489928512690362,-0.11237506643648694,0.33545486502250843,-0.9457584047797258,0.7210082719067519,-0.289539227540466,0.2791400375273142,-0.9830174882422775,0.4039390331613455,0.02150357167587395,0.20145610154474264,-0.4789815186915202,0.5219886620432681,0.005336617405582851,0.0014220449980039706,0.00180377668308704,0.008869458128078662
cable,cut_inner_insulation,post_concat,1.559546788533531,0.20750953870436348,1.0440229129388088,2.075070664128253,-0.4419298930945998,0.1402732019397054,-0.7904159682772123,-0.0934438179119873,-0.8525025378698577,0.11613813016103393,-1.1410289320720994,-0.5639761436676161,0.23625454062945694,0.11810000655973861,-0.05714581807009389,0.5296548993290078,0.008620689655172376,0.0,0.008620689655172376,0.008620689655172376
cable,cut_outer_insulation,layer2,-7.629629516601564,0.1491246939241825,-8.000105691521878,-7.25915334168125,0.48933562530662017,0.27502817173697947,-0.19392737010476674,1.172598620718007,-2.958208027105222,0.08801320824674562,-3.1768626031896976,-2.7395534510207464,-1.0461164551743736,0.2108919295926191,-1.5700433336882726,-0.5221895766604744,-0.0034482758620690093,0.005172413793103459,-0.01629830107753262,0.009401749353394601
cable,cut_outer_insulation,layer3,1.7253283182779953,0.22761200530816914,1.1598631168179026,2.290793519738088,0.2561158816156827,0.3630854315065067,-0.6459111287613608,1.1581428919927264,-2.8002262290866895,0.1959278482291503,-3.2869772685168694,-2.3134751896565096,-0.997566055533051,0.2168503022340564,-1.536295546859499,-0.458836564206603,-0.0005747126436781805,0.0026336641925033375,-0.007117625225006257,0.005968199937649896
cable,cut_outer_insulation,post_concat,-3.080502700805667,0.22187272144432943,-3.6317095800744115,-2.5292958215369223,0.7833786295091382,0.12451766403843753,0.474034639127326,1.0927226198909503,-5.492552027209055,0.15459805549299577,-5.876625883402738,-5.108478171015372,-1.9468298713373928,0.05909753477426086,-2.0936481349947837,-1.800011607680002,-0.029310344827586248,0.0075153430061046375,-0.047980998606304726,-0.010639691048867767
cable,missing_cable,layer2,-6.3144303427802155,0.3473216493026162,-7.177294786720452,-5.451565898839979,0.9357100941390392,0.13102563025415473,0.6101981146290458,1.2612220736490325,-1.6430088532838738,0.313549543225188,-2.42197196372042,-0.8640457428473278,-1.5324554601687168,0.6252434182626895,-3.08577157366117,0.020860653323736322,0.0,0.0,0.0,0.0
cable,missing_cable,layer3,-2.502556800842285,0.13086732987161176,-2.827675508663535,-2.1774380930210353,0.12717740270552813,0.09781471916166735,-0.11582744144418203,0.37018224685523826,-7.02811134820697,0.3552795807954001,-7.910745985413946,-6.1454767109999935,-3.803995668382379,0.7865595471401381,-5.758075604463828,-1.8499157323009294,0.0,0.0,0.0,0.0
cable,missing_cable,post_concat,-5.922115431891545,0.34437561910534265,-6.777660940449822,-5.066569923333269,1.8244575433510581,0.07499576743252494,1.6381426928559337,2.0107723938461826,-8.334164758294934,0.28916828112259324,-9.052556567722867,-7.615772948867001,-7.089015168413044,0.4257659286595182,-8.146761732783993,-6.031268604042095,0.0,0.0,0.0,0.0
cable,missing_wire,layer2,-4.03350830078125,0.13919603320105842,-4.37931832450963,-3.6876982770528692,-0.6351520911299969,0.3274685073988832,-1.4486946160835323,0.17839043382353847,0.6379131887150914,0.12857287838872328,0.31849467437992485,0.9573317030502579,1.0290984411773774,0.3964001232560345,0.044306469188480135,2.0138904131662745,0.0022988505747126484,0.00199086299720561,-0.0026471264367816144,0.007244827586206912
cable,missing_wire,layer3,2.370441309611001,0.41273754239067395,1.3450616630405323,3.3958209561814696,-0.8069643073334096,0.10814348101461933,-1.075629289199077,-0.5382993254677422,-2.155113237753684,0.20981002602104074,-2.6763523018869897,-1.6338741736203781,0.009636527667759983,0.1570288737746858,-0.38047630326061516,0.3997493585961351,0.0005747126436782176,0.00199086299720561,-0.0043712643678160456,0.00552068965517248
cable,missing_wire,post_concat,0.6100073496500661,0.2133954556904267,0.07986086559584993,1.1401538337042822,-1.4172825791452708,0.10031886543158983,-1.6665085695525788,-1.1680565887379628,-1.8020419767533227,0.17475381238181414,-2.2361895499035653,-1.3678944036030798,1.0222026253407674,0.1383760632367535,0.6784296843243867,1.3659755663571482,0.0022988505747126484,0.00199086299720561,-0.0026471264367816144,0.007244827586206912
cable,poke_insulation,layer2,-5.601754633585609,0.09320574439760823,-5.833309225627771,-5.370200041543447,-0.3192031376961177,0.2095594322981956,-0.8398196422689934,0.2014133668767581,-0.9303331440892677,0.09564113125606738,-1.167938060755947,-0.6927282274225882,0.051196541334724475,0.12249005978394178,-0.2531101943262857,0.3555032769957346,-0.009770114942528699,0.018596195042946465,-0.05596935281714662,0.036429122932089227
cable,poke_insulation,layer3,3.349836603800457,0.17034745920193542,2.926635902214352,3.773037305386562,0.13982289125385305,0.12382240974173672,-0.16779385231416455,0.44743963482187066,-1.1757179435642275,0.3504832336945668,-2.046436832408225,-0.30499905472023026,-0.46211555539330895,0.11670390217928686,-0.7520475186376965,-0.17218359214892148,-0.041954022988505736,0.009803863281167847,-0.06631013512708551,-0.017597910849925954
cable,poke_insulation,post_concat,0.4289234161376972,0.09890605095038991,0.18320733472730613,0.6746394975480883,-0.6123548789471385,0.19210055782250451,-1.0895976345857403,-0.1351121233085365,-1.9831259102656915,0.215260506279728,-2.5179058107593644,-1.4483460097720187,-0.26889791173790645,0.20010974850939128,-0.7660382058176857,0.22824238234187277,-0.029885057471264354,0.011217943273530533,-0.05775422256449579,-0.0020158923780329123
hazelnut,crack,layer2,-1.3234678904215496,0.13572744126665146,-1.6606607586782023,-0.9862750221648968,0.28998775357938644,0.05025118503071561,0.16514681459407288,0.4148286925647,-1.0524274826049809,0.0611383111132709,-1.204315724896016,-0.9005392403139457,-0.8273940286015007,0.1426768899866539,-1.1818516778400365,-0.4729363793629649,0.0,0.0,0.0,0.0
hazelnut,crack,layer3,1.4758340341073481,0.09526554321869585,1.2391622051524998,1.7125058630621965,0.603371880130872,0.24378372990177397,-0.002269354631589615,1.2090131148933336,-2.1668355482595962,0.24991940516940045,-2.787719875523284,-1.545951220995908,-1.5240396477332683,0.455167176395368,-2.6548288552267576,-0.39325044023977895,0.0,0.0,0.0,0.0
hazelnut,crack,post_concat,2.7006472128408916,0.09646716127755986,2.4609901582305964,2.940304267451187,1.436543110014697,0.09696708487436462,1.1956440761116176,1.6774421439177765,-2.74169742089731,0.10568148515585685,-3.004245972382321,-2.4791488694122994,-2.511889080619484,0.25821348115407844,-3.1533786977546416,-1.8703994634843264,0.0,0.0,0.0,0.0
hazelnut,cut,layer2,-0.2800632551604612,0.06230976919492231,-0.43486179552319165,-0.12526471479773077,-0.5424624080287742,0.09694570638090926,-0.7833083305237261,-0.30161648553382236,-0.009022847343892693,0.1336333363361426,-0.34101325070944466,0.3229675560216593,0.673531092493009,0.16464808260125904,0.26448956995958645,1.0825726150264317,0.0,0.0,0.0,0.0
hazelnut,cut,layer3,2.821034076167088,0.28627338207698266,2.1098341750474026,3.532233977286773,0.8788616705649476,0.09496659103158804,0.6429325399509929,1.1147908011789023,-0.8216355061998565,0.4202141497662901,-1.8655895741421977,0.22231856174248465,-1.081950821607171,0.15282389414071654,-1.4616170609656562,-0.7022845822486856,0.0,0.0,0.0,0.0
hazelnut,cut,post_concat,5.447789659687118,0.1918471812967322,4.971176377032584,5.9244029423416515,0.7558734134711361,0.1117171122857686,0.47833032289609484,1.0334165040461774,0.005445025948915827,0.33093638435176,-0.8167128782204139,0.8276029301182456,-0.7808482059890544,0.07197189366176952,-0.9596507313383454,-0.6020456806397633,-0.0004901960784313708,0.0008490445135141525,-0.0025995098039215594,0.0016191176470588178
hazelnut,hole,layer2,0.7627850991708224,0.17510243108924856,0.32777143924556407,1.1977987590960808,-0.2825080158852738,0.13135246809055756,-0.6088319711201683,0.04381593934962069,1.033825506987391,0.10629893412760796,0.7697430034301691,1.2979080105446128,0.5445434229162064,0.13284146959818013,0.21452028434367465,0.8745665614887381,0.0,0.0,0.0,0.0
hazelnut,hole,layer3,2.297620702672887,0.16312449219930553,1.8923642939888718,2.7028771113569023,-1.2121021196556179,0.25920617809589697,-1.8560579317326205,-0.5681463075786153,-1.3450488796940572,0.09846492015518829,-1.589669043015061,-1.1004287163730533,1.1415200979203695,0.2571580531519927,0.5026525208969275,1.7803876749438114,0.0,0.0,0.0,0.0
hazelnut,hole,post_concat,6.134405348036021,0.3713123858660124,5.211939800605529,7.056870895466514,-1.0140467101511383,0.27185084320538627,-1.6894161468910935,-0.33867727341118314,0.6920607142978193,0.34629096968057876,-0.1682431728768501,1.5523646014724888,1.4067971898491518,0.1868817580212526,0.9425196979583883,1.8710746817399153,0.0,0.0,0.0,0.0
hazelnut,print,layer2,-1.9181532766304794,0.02401447414166383,-1.9778133522933985,-1.8584932009675603,-1.7655058270261377,0.07858119982323346,-1.960728104202858,-1.5702835498494174,-1.6471128688139107,0.08987264306686112,-1.8703869098678854,-1.423838827759936,1.136459712365009,0.1443720903134612,0.7777906121838243,1.495128812546194,0.0,0.0,0.0,0.0
hazelnut,print,layer3,-1.8685561535405217,0.033973165850613385,-1.9529569875208934,-1.78415531956015,-1.974200189912935,0.03273534778699342,-2.0555258651829034,-1.8928745146429669,-5.511225735907466,0.17144257432892254,-5.937147073846058,-5.085304397968875,0.36739074826308943,0.06801746444861868,0.1984123625001375,0.5363691340260414,0.0,0.0,0.0,0.0
hazelnut,print,post_concat,-1.5793744255514734,0.09023098594725258,-1.803538711514885,-1.3552101395880618,-2.7278512891327202,0.08105266151360173,-2.929213513017229,-2.5264890652482115,-7.021719059289675,0.06978151276144175,-7.195079937677502,-6.848358180901849,0.7055216241860217,0.15613338360088302,0.3176334937116026,1.0934097546604409,0.0,0.0,0.0,0.0
screw,manipulated_front,layer2,0.39206205474005884,0.04084778785722483,0.29058233464088457,0.4935417748392331,-0.3758842959494764,0.1530734726022341,-0.7561705726158844,0.004401980716931542,-0.720240880480303,0.23887712234237615,-1.3136924426097063,-0.12678931835089968,-0.07413235352977028,0.23510178825381248,-0.6582047089337707,0.50994000187423,-0.0064363143631435875,0.02056096328657659,-0.057516701055911425,0.044644072329624244
screw,manipulated_front,layer3,4.218356423907811,0.13269745148015183,3.888691075048588,4.548021772767035,-0.13492956187149385,0.027204403530449082,-0.20251450099682453,-0.06734462274616318,-0.5795427757873112,0.28863803462369453,-1.296617273578201,0.13753172200357855,-0.3280553842713829,0.11231202256303148,-0.6070764331787524,-0.04903433536401347,-0.04640921409214086,0.011194249079849793,-0.07421951479469584,-0.018598913389585883
screw,manipulated_front,post_concat,6.295332564247981,0.051684891504547845,6.166929813490206,6.4237353150057555,-0.18778169409766665,0.05681788560792272,-0.32893653822955227,-0.046626849965781064,-0.9255555115418055,0.17395710490895347,-1.3577237938763642,-0.49338722920724687,-0.531875401959266,0.0638739553269253,-0.6905599096946604,-0.3731908942238716,-0.058604336043360385,0.004802658156760778,-0.0705357632037151,-0.04667290888300567
screw,scratch_head,layer2,2.00702187750075,0.07203766944043215,1.828055942871345,2.1859878121301546,-0.23218072595797734,0.057817143327491244,-0.3758180642225487,-0.08854338769340597,0.8947189422803881,0.28095357857261755,0.19673523226736744,1.5927026522934087,0.5048854534693161,0.22163709452729632,-0.045736048846533706,1.055506955785166,0.019986449864498674,0.012251450758824564,-0.010450297363036511,0.050423197092033856
screw,scratch_head,layer3,4.0693705611758775,0.2293257400815841,3.4996478629392582,4.639093259412497,0.5227553932511162,0.25593096864968273,-0.11306369085839618,1.1585744773606286,-0.7285286385192448,0.4280041544203029,-1.7918357126665634,0.33477843562807397,-0.6863220190309661,0.26796305366471024,-1.3520328716691015,-0.020611166392830782,-0.03895663956639565,0.031113719520880795,-0.11625364177516376,0.03834036264237246
screw,scratch_head,post_concat,7.613883362876045,0.15089486546263317,7.239009483167473,7.988757242584617,0.5267263000681632,0.10586968203485088,0.2637102038859804,0.789742396250346,0.392995287086259,0.33417510805912487,-0.43720870213547874,1.2231992763079969,-0.4572345120976011,0.18978129061647778,-0.9287154236009604,0.014246399405758225,-0.025406504065040636,0.011452670395919332,-0.05385881071695227,0.003045802586871
screw,scratch_neck,layer2,0.32172042846679716,0.13143698051809097,-0.004813484220896724,0.648254341154491,-0.5123372690744846,0.11437043054273531,-0.7964720995741492,-0.2282024385748201,-0.7905825067535647,0.11736669330644908,-1.0821610673192987,-0.4990039461878306,0.05039046501601222,0.09040478015450501,-0.17420558453686183,0.2749865145688863,0.0026016260162601648,0.00225307422122781,-0.00299577235772358,0.00819902439024391
screw,scratch_neck,layer3,3.3893793741861984,0.11173746234901835,3.111785727171484,3.6669730212009126,-0.37157093456567897,0.06957603452723318,-0.5444213355252818,-0.1987205336060761,-1.4085198255089242,0.11545445407783174,-1.69534773709555,-1.1216919139222983,-0.24510463496241655,0.039020951630503675,-0.3420458760231989,-0.1481633939016342,-0.014634146341463428,0.004470805556054482,-0.025741139406352153,-0.0035271532765747023
screw,scratch_neck,post_concat,4.806030934651692,0.07797222505555308,4.612321556758225,4.999740312545159,-0.7677452473443337,0.1109884078589365,-1.043477989669222,-0.4920125050194455,-2.414857141138094,0.10602131233716108,-2.678249938273846,-2.1514643440023424,-0.39072371745781265,0.016280490937739887,-0.4311699631446955,-0.35027747177092977,-0.022113821138211403,0.0036935989240977425,-0.031289970071568,-0.012937672204854804
screw,thread_side,layer2,0.10886692655259367,0.059117445136815126,-0.03800080117923249,0.2557346542844198,0.12935706362773272,0.16585487982416294,-0.2826825513562481,0.5413966786117135,-1.0034360086677683,0.22601026906634356,-1.5649219555826384,-0.4419500617528982,-0.44217402278698476,0.19947117539260473,-0.9377278852739233,0.053379839699953746,-0.05337575114881584,0.017944206640504817,-0.09795522932386452,-0.008796272973767151
screw,thread_side,layer3,3.7185765418453514,0.2463296523657303,3.1066103746302556,4.330542709060447,-0.04159337083641187,0.13179173971013544,-0.36900862533965556,0.28582188366683187,-1.0793226578497712,0.41741476230209146,-2.1163221005549033,-0.042323215144639104,-0.582603142486087,0.17135975992309543,-1.0083187414320824,-0.1568875435400916,-0.08377518557794272,0.010116004256807469,-0.10890676146868722,-0.05864360968719823
screw,thread_side,post_concat,5.517261090485948,0.18725159347007486,5.052064802258883,5.982457378713013,0.35313497112610354,0.0611369815252966,0.2012500319812743,0.5050199102709327,-1.7036269853038384,0.369972697021968,-2.6227642925518078,-0.7844896780558692,-0.952136193610207,0.16900519883526455,-1.3720022664818736,-0.5322701207385403,-0.12937433722163308,0.016666207471369758,-0.17077883323059456,-0.0879698412126716
screw,thread_top,layer2,-0.1926535177921925,0.2313303918887213,-0.7673564491076665,0.3820494135232815,-0.07670691949432722,0.05287273501838317,-0.20806067527903188,0.054646836290377435,-1.3049564530125544,0.043326439197533,-1.412593981341567,-1.1973189246835416,-0.3852686102054393,0.061827575880247135,-0.5388692192927242,-0.2316680011181543,-0.0063626723223753805,0.004859571256580946,-0.018435490871167443,0.005710146226416681
screw,thread_top,layer3,2.816606051679969,0.14213695143291546,2.4634897924206323,3.1697223109393056,-0.10566785441351072,0.054989172670476094,-0.24227955712284316,0.030943848295821738,-1.9812931480151537,0.3478183984452459,-2.8453916848303775,-1.11719461119993,-0.8158061507375076,0.10756671754569547,-1.0830382570801627,-0.5485740443948527,-0.03958996111700245,0.007959229585859103,-0.059363379285966744,-0.019816542948038154
screw,thread_top,post_concat,3.80324239316194,0.19265777306762877,3.324615326399616,4.281869459924264,-0.31009750164613487,0.12129201193734875,-0.6114278812664549,-0.008767122025814866,-3.417645682627846,0.18400423534517954,-3.8747744349891255,-2.9605169302665666,-1.3132093248391767,0.057640192598946975,-1.456407057647835,-1.1700115920305185,-0.07281724991162952,0.004285739007770268,-0.08346447507953333,-0.06217002474372572
grid,bent,layer2,15.27830007341173,0.18616302841544474,14.815808148942127,15.740791997881333,-1.0508043443208728,0.2109722699025406,-1.5749308153363784,-0.5266778733053672,-2.4872405188424267,0.20720101980257286,-3.0019979291414405,-1.972483108543413,-0.07066594855787874,0.09420508516888915,-0.3047032410612686,0.16337134394551117,0.0,0.0,0.0,0.0
grid,bent,layer3,25.09492354922824,0.1208524642788833,24.794685154650224,25.395161943806258,4.4535451982125975,0.39335344685352625,3.4763222008188475,5.430768195606348,-0.7155024059235112,0.26245009733813196,-1.3675172105187126,-0.06348760132831,-1.9015825501051042,0.12158318129053915,-2.203636292874648,-1.5995288073355605,-0.08730158730158732,0.003968253968253954,-0.09716007225524984,-0.07744310234792481
grid,bent,post_concat,38.83218510945638,0.19494025331556164,38.34788758980438,39.316482629108386,4.206585577230882,0.36175788911219486,3.307856631147196,5.1053145233145685,0.9949423169332808,0.4185789322154283,-0.04494931756853393,2.0348339514350955,-1.7638170394733788,0.08129370986959873,-1.965778108998744,-1.5618559699480135,-0.09126984126984128,0.0,-0.09126984126984128,-0.09126984126984128
grid,broken,layer2,16.695344183180065,0.1588058560526959,16.300816727282918,17.089871639077213,1.7399716413301372,0.1430056812105192,1.3846971634915914,2.095246119168683,-1.0701964090740905,0.35271498199492274,-1.946459715492022,-0.19393310265615915,-0.8815423391576201,0.03910732073219047,-0.9786981502777415,-0.7843865280374988,0.0,0.0,0.0,0.0
grid,broken,layer3,28.39773686726888,0.16892619485100893,27.978067067013907,28.81740666752385,4.322025968223759,0.19793288849510032,3.830293730651653,4.813758205795865,2.587310912117123,0.3104271965050794,1.816104766936975,3.3585170572972713,-1.3613173774091258,0.009041284646641827,-1.383778986309102,-1.3388557685091498,-0.04100529100529097,0.002291072496784221,-0.04669708994708989,-0.03531349206349205
grid,broken,post_concat,43.93874253167047,0.09557045032674791,43.7013132103371,44.176171853003844,6.24600464338582,0.12068671716387668,5.946178020698535,6.5458312660731055,6.101499739147367,0.3146884166845107,5.319707281861381,6.883292196433353,-1.3725080849389932,0.0132034809621674,-1.4053099971761704,-1.339706172701816,-0.04232804232804229,0.0022910724967842213,-0.04801984126984121,-0.03663624338624337
grid,glue,layer2,18.088137193159625,0.3449994262133526,17.231041936768296,18.945232449550954,1.1670464408755061,0.20705325701714786,0.6526561233100917,1.6814367584409204,0.32259660090546777,0.36230953469422233,-0.5775028193751017,1.2226960211860374,-0.291525857173363,0.13673690872905178,-0.6312265840169156,0.04817486967018958,-0.06060606060606059,0.014996110888042232,-0.09786147186147186,-0.023350649350649316
grid,glue,layer3,24.606084650213067,0.38153685873497206,23.658218054174256,25.553951246251877,5.09577217089645,0.23174375372236736,4.520042308983787,5.671502032809113,-1.204341304938687,0.3693730545293772,-2.121988897430979,-0.2866937124463952,-1.2933576514940446,0.12030935635818989,-1.5922467823134385,-0.9944685206746506,-0.19913419913419914,0.012987012987012991,-0.231398331709822,-0.16687006655857628
grid,glue,post_concat,38.82757764874083,0.3377016265674108,37.9886125948466,39.666542702635056,6.642193014804582,0.15024271914735707,6.268939287104468,7.015446742504697,0.9903348562177285,0.5449919740569468,-0.36360952816129966,2.344279240596757,-1.2043572989874132,0.13337898668142265,-1.5357158117874707,-0.8729987861873557,-0.1847041847041847,0.015202963568330004,-0.2224734879767289,-0.14693488143164052
grid,metal_contamination,layer2,17.49407774029356,0.18569717811795952,17.032743145517358,17.95541233506976,3.0042814695917586,0.07720833263288765,2.8124698588309673,3.19609308035255,-0.2714628519605971,0.10791250618861335,-0.539554014240857,-0.003371689680337131,-1.053661768268306,0.03285849036878576,-1.1352933713592925,-0.9720301651773195,-0.049062049062049064,0.004998703629347433,-0.06148051948051954,-0.03664357864357859
grid,metal_contamination,layer3,32.93131533536044,0.16628502654596136,32.518207090440306,33.34442358028057,6.864808994616109,0.23241762013531783,6.287405020626447,7.44221296860577,7.120889380208681,0.029790914750130328,7.0468786724340395,7.194900087983322,-1.162946325257812,0.060667280029801214,-1.3136643670308756,-1.0122282834847485,-0.041847041847041834,0.002499351814673684,-0.04805627705627699,-0.03563780663780668
grid,metal_contamination,post_concat,48.120052222049594,0.1871875035700416,47.65501515480995,48.585089289289236,9.821406716034394,0.09978558760798716,9.573505568099913,10.069307863968875,10.282809429526495,0.22471019865338282,9.724553297212053,10.841065561840937,-1.3093943507835146,0.03168637217431586,-1.388114015859309,-1.2306746857077202,-0.07070707070707068,0.009011541123230046,-0.09309478663538467,-0.04831935477875667
grid,thread,layer2,12.307861906109435,0.3902811062165588,11.338271641949087,13.277452170269784,4.119452082163618,0.4271729875380157,3.0582099076594584,5.180694256667778,-5.457678686144722,0.42784302745575015,-6.520585466417611,-4.394771905871833,-1.4591612533798461,0.13189976343113324,-1.78684487534057,-1.1314776314191224,-0.18037518037518038,0.026450653361938484,-0.24608754915735032,-0.11466281159301046
grid,thread,layer3,24.758049704811793,0.2950240138829892,24.02511027474948,25.490989134874106,8.074689215891926,0.07738229359974418,7.882445427254416,8.266933004529436,-1.0523762503399634,0.20368179007001405,-1.5583907037505154,-0.5463617969294114,-1.4027074678021163,0.08500858822364657,-1.6138975515617147,-1.191517384042518,-0.16305916305916304,0.009997407258694736,-0.18789610389610367,-0.1382222222222224
grid,thread,post_concat,35.599322810317524,0.2570893348007199,34.96062595291976,36.238019667715285,11.412165840424137,0.25761027190128516,10.772174799083308,12.052156881764967,-2.237919982205566,0.15662759672164125,-2.627035905218939,-1.8488040591921926,-1.670411093411306,0.0842483095425454,-1.8797123877944713,-1.4611097990281405,-0.253968253968254,0.0024993518146736843,-0.2601774891774892,-0.24775901875901885
