category,defect_type,delta_layer2,delta_layer3,delta_concat,LSI,preferred_sensitive_layer
bottle,broken_large,-6.580757967631023,0.15812791188557895,-3.9594553629557296,6.738885879516602,layer2
bottle,broken_small,-4.355463374744761,2.844746040575432,1.0040312102346693,7.200209415320193,layer2
bottle,contamination,-2.730898175920759,2.478938995845733,1.9410218738374236,5.209837171766492,layer2
cable,bent_wire,-8.259102845803278,0.5834249838804624,-4.552705226800377,8.84252782968374,layer2
cable,cable_swap,-4.572897275288902,3.3397938410441057,1.4520014656914573,7.912691116333008,layer2
cable,combined,-5.876051816073328,0.6002792589592261,-2.3662068916089587,6.4763310750325545,layer2
cable,cut_inner_insulation,-5.7610157557896216,4.236015319824219,1.559546788533531,9.99703107561384,layer2
cable,cut_outer_insulation,-7.629629516601564,1.7253283182779953,-3.080502700805667,9.35495783487956,layer2
cable,missing_cable,-6.3144303427802155,-2.502556800842285,-5.922115431891545,3.8118735419379304,layer2
cable,missing_wire,-4.03350830078125,2.370441309611001,0.6100073496500661,6.403949610392251,layer2
cable,poke_insulation,-5.601754633585609,3.349836603800457,0.4289234161376972,8.951591237386067,layer2
hazelnut,crack,-1.3234678904215496,1.4758340341073481,2.7006472128408916,2.7993019245288977,layer3
hazelnut,cut,-0.2800632551604612,2.821034076167088,5.447789659687118,3.101097331327549,layer3
hazelnut,hole,0.7627850991708224,2.297620702672887,6.134405348036021,1.534835603502065,layer3
hazelnut,print,-1.9181532766304794,-1.8685561535405217,-1.5793744255514734,0.04959712308995767,layer2
screw,manipulated_front,0.39206205474005884,4.218356423907811,6.295332564247981,3.8262943691677522,layer3
screw,scratch_head,2.00702187750075,4.0693705611758775,7.613883362876045,2.0623486836751277,layer3
screw,scratch_neck,0.32172042846679716,3.3893793741861984,4.806030934651692,3.0676589457194012,layer3
screw,thread_side,0.10886692655259367,3.7185765418453514,5.517261090485948,3.6097096152927577,layer3
screw,thread_top,-0.1926535177921925,2.816606051679969,3.80324239316194,3.0092595694721616,layer3
grid,bent,15.27830007341173,25.09492354922824,38.83218510945638,9.816623475816511,layer3
grid,broken,16.695344183180065,28.39773686726888,43.93874253167047,11.702392684088814,layer3
grid,glue,18.088137193159625,24.606084650213067,38.82757764874083,6.517947457053442,layer3
grid,metal_contamination,17.49407774029356,32.93131533536044,48.120052222049594,15.437237595066879,layer3
grid,thread,12.307861906109435,24.758049704811793,35.599322810317524,12.450187798702357,layer3
