category,defect_type,seed,image_path,beta,recon_maxdiff,radius_target,radius_actual
cable,bent_wire,0,/root/autodl-tmp/research-experiments/industrial-anomaly-detection/data/mvtec_ad/cable/test/bent_wire/000.png,1.0,4.76837158203125e-07,31.9285945892334,31.9285945892334
cable,bent_wire,0,/root/autodl-tmp/research-experiments/industrial-anomaly-detection/data/mvtec_ad/cable/test/bent_wire/001.png,1.0,4.76837158203125e-07,31.90047264099121,31.90047264099121
cable,bent_wire,0,/root/autodl-tmp/research-experiments/industrial-anomaly-detection/data/mvtec_ad/cable/test/bent_wire/002.png,1.0,2.384185791015625e-07,31.8966121673584,31.8966121673584
cable,bent_wire,0,/root/autodl-tmp/research-experiments/industrial-anomaly-detection/data/mvtec_ad/cable/test/bent_wire/003.png,1.0,4.76837158203125e-07,31.900861740112305,31.900861740112305
cable,bent_wire,0,/root/autodl-tmp/research-experiments/industrial-anomaly-detection/data/mvtec_ad/cable/test/bent_wire/004.png,1.0,2.384185791015625e-07,31.918594360351562,31.918594360351562
cable,bent_wire,0,/root/autodl-tmp/research-experiments/industrial-anomaly-detection/data/mvtec_ad/cable/test/bent_wire/005.png,1.0,2.384185791015625e-07,31.97964096069336,31.97964096069336
cable,bent_wire,0,/root/autodl-tmp/research-experiments/industrial-anomaly-detection/data/mvtec_ad/cable/test/bent_wire/006.png,1.0,4.76837158203125e-07,31.948917388916016,31.948917388916016
cable,bent_wire,0,/root/autodl-tmp/research-experiments/industrial-anomaly-detection/data/mvtec_ad/cable/test/bent_wire/007.png,1.0,4.76837158203125e-07,31.943525314331055,31.943525314331055
cable,bent_wire,0,/root/autodl-tmp/research-experiments/industrial-anomaly-detection/data/mvtec_ad/cable/test/bent_wire/008.png,1.0,4.76837158203125e-07,31.937042236328125,31.937042236328125
cable,bent_wire,0,/root/autodl-tmp/research-experiments/industrial-anomaly-detection/data/mvtec_ad/cable/test/bent_wire/009.png,1.0,2.384185791015625e-07,31.932039260864258,31.932039260864258
cable,bent_wire,0,/root/autodl-tmp/research-experiments/industrial-anomaly-detection/data/mvtec_ad/cable/test/bent_wire/010.png,1.0,4.76837158203125e-07,31.922855377197266,31.922855377197266
cable,bent_wire,0,/root/autodl-tmp/research-experiments/industrial-anomaly-detection/data/mvtec_ad/cable/test/bent_wire/011.png,1.0,2.384185791015625e-07,31.959815979003906,31.959815979003906
cable,bent_wire,0,/root/autodl-tmp/research-experiments/industrial-anomaly-detection/data/mvtec_ad/cable/test/bent_wire/012.png,1.0,4.76837158203125e-07,31.97128677368164,31.97128677368164
cable,bent_wire,1,/root/autodl-tmp/research-experiments/industrial-anomaly-detection/data/mvtec_ad/cable/test/bent_wire/000.png,1.0,4.76837158203125e-07,31.9285945892334,31.9285945892334
cable,bent_wire,1,/root/autodl-tmp/research-experiments/industrial-anomaly-detection/data/mvtec_ad/cable/test/bent_wire/001.png,1.0,4.76837158203125e-07,31.90047264099121,31.90047264099121
cable,bent_wire,1,/root/autodl-tmp/research-experiments/industrial-anomaly-detection/data/mvtec_ad/cable/test/bent_wire/002.png,1.0,2.384185791015625e-07,31.8966121673584,31.8966121673584
cable,bent_wire,1,/root/autodl-tmp/research-experiments/industrial-anomaly-detection/data/mvtec_ad/cable/test/bent_wire/003.png,1.0,4.76837158203125e-07,31.900861740112305,31.900861740112305
cable,bent_wire,1,/root/autodl-tmp/research-experiments/industrial-anomaly-detection/data/mvtec_ad/cable/test/bent_wire/004.png,1.0,2.384185791015625e-07,31.918594360351562,31.918594360351562
cable,bent_wire,1,/root/autodl-tmp/research-experiments/industrial-anomaly-detection/data/mvtec_ad/cable/test/bent_wire/005.png,1.0,2.384185791015625e-07,31.97964096069336,31.97964096069336
cable,bent_wire,1,/root/autodl-tmp/research-experiments/industrial-anomaly-detection/data/mvtec_ad/cable/test/bent_wire/006.png,1.0,4.76837158203125e-07,31.948917388916016,31.948917388916016
cable,bent_wire,1,/root/autodl-tmp/research-experiments/industrial-anomaly-detection/data/mvtec_ad/cable/test/bent_wire/007.png,1.0,4.76837158203125e-07,31.943525314331055,31.943525314331055
cable,bent_wire,1,/root/autodl-tmp/research-experiments/industrial-anomaly-detection/data/mvtec_ad/cable/test/bent_wire/008.png,1.0,4.76837158203125e-07,31.937042236328125,31.937042236328125
cable,bent_wire,1,/root/autodl-tmp/research-experiments/industrial-anomaly-detection/data/mvtec_ad/cable/test/bent_wire/009.png,1.0,2.384185791015625e-07,31.932039260864258,31.932039260864258
cable,bent_wire,1,/root/autodl-tmp/research-experiments/industrial-anomaly-detection/data/mvtec_ad/cable/test/bent_wire/010.png,1.0,4.76837158203125e-07,31.922855377197266,31.922855377197266
cable,bent_wire,1,/root/autodl-tmp/research-experiments/industrial-anomaly-detection/data/mvtec_ad/cable/test/bent_wire/011.png,1.0,2.384185791015625e-07,31.959815979003906,31.959815979003906
cable,bent_wire,1,/root/autodl-tmp/research-experiments/industrial-anomaly-detection/data/mvtec_ad/cable/test/bent_wire/012.png,1.0,4.76837158203125e-07,31.97128677368164,31.97128677368164
cable,bent_wire,2,/root/autodl-tmp/research-experiments/industrial-anomaly-detection/data/mvtec_ad/cable/test/bent_wire/000.png,1.0,4.76837158203125e-07,31.9285945892334,31.9285945892334
cable,bent_wire,2,/root/autodl-tmp/research-experiments/industrial-anomaly-detection/data/mvtec_ad/cable/test/bent_wire/001.png,1.0,4.76837158203125e-07,31.90047264099121,31.90047264099121
cable,bent_wire,2,/root/autodl-tmp/research-experiments/industrial-anomaly-detection/data/mvtec_ad/cable/test/bent_wire/002.png,1.0,2.384185791015625e-07,31.8966121673584,31.8966121673584
cable,bent_wire,2,/root/autodl-tmp/research-experiments/industrial-anomaly-detection/data/mvtec_ad/cable/test/bent_wire/003.png,1.0,4.76837158203125e-07,31.900861740112305,31.900861740112305
cable,bent_wire,2,/root/autodl-tmp/research-experiments/industrial-anomaly-detection/data/mvtec_ad/cable/test/bent_wire/004.png,1.0,2.384185791015625e-07,31.918594360351562,31.918594360351562
cable,bent_wire,2,/root/autodl-tmp/research-experiments/industrial-anomaly-detection/data/mvtec_ad/cable/test/bent_wire/005.png,1.0,2.384185791015625e-07,31.97964096069336,31.97964096069336
cable,bent_wire,2,/root/autodl-tmp/research-experiments/industrial-anomaly-detection/data/mvtec_ad/cable/test/bent_wire/006.png,1.0,4.76837158203125e-07,31.948917388916016,31.948917388916016
cable,bent_wire,2,/root/autodl-tmp/research-experiments/industrial-anomaly-detection/data/mvtec_ad/cable/test/bent_wire/007.png,1.0,4.76837158203125e-07,31.943525314331055,31.943525314331055
cable,bent_wire,2,/root/autodl-tmp/research-experiments/industrial-anomaly-detection/data/mvtec_ad/cable/test/bent_wire/008.png,1.0,4.76837158203125e-07,31.937042236328125,31.937042236328125
cable,bent_wire,2,/root/autodl-tmp/research-experiments/industrial-anomaly-detection/data/mvtec_ad/cable/test/bent_wire/009.png,1.0,2.384185791015625e-07,31.932039260864258,31.932039260864258
cable,bent_wire,2,/root/autodl-tmp/research-experiments/industrial-anomaly-detection/data/mvtec_ad/cable/test/bent_wire/010.png,1.0,4.76837158203125e-07,31.922855377197266,31.922855377197266
cable,bent_wire,2,/root/autodl-tmp/research-experiments/industrial-anomaly-detection/data/mvtec_ad/cable/test/bent_wire/011.png,1.0,2.384185791015625e-07,31.959815979003906,31.959815979003906
cable,bent_wire,2,/root/autodl-tmp/research-experiments/industrial-anomaly-detection/data/mvtec_ad/cable/test/bent_wire/012.png,1.0,4.76837158203125e-07,31.97128677368164,31.97128677368164
hazelnut,print,0,/root/autodl-tmp/research-experiments/industrial-anomaly-detection/data/mvtec_ad/hazelnut/test/print/000.png,1.0,2.384185791015625e-07,31.955312728881836,31.955312728881836
hazelnut,print,0,/root/autodl-tmp/research-experiments/industrial-anomaly-detection/data/mvtec_ad/hazelnut/test/print/001.png,1.0,4.76837158203125e-07,31.958847045898438,31.958847045898438
hazelnut,print,0,/root/autodl-tmp/research-experiments/industrial-anomaly-detection/data/mvtec_ad/hazelnut/test/print/002.png,1.0,4.76837158203125e-07,31.974985122680664,31.974985122680664
hazelnut,print,0,/root/autodl-tmp/research-experiments/industrial-anomaly-detection/data/mvtec_ad/hazelnut/test/print/003.png,1.0,2.384185791015625e-07,31.977760314941406,31.977760314941406
hazelnut,print,0,/root/autodl-tmp/research-experiments/industrial-anomaly-detection/data/mvtec_ad/hazelnut/test/print/004.png,1.0,4.76837158203125e-07,31.952869415283203,31.952869415283203
hazelnut,print,0,/root/autodl-tmp/research-experiments/industrial-anomaly-detection/data/mvtec_ad/hazelnut/test/print/005.png,1.0,4.76837158203125e-07,31.944368362426758,31.944368362426758
hazelnut,print,0,/root/autodl-tmp/research-experiments/industrial-anomaly-detection/data/mvtec_ad/hazelnut/test/print/006.png,1.0,2.384185791015625e-07,31.99256134033203,31.99256134033203
hazelnut,print,0,/root/autodl-tmp/research-experiments/industrial-anomaly-detection/data/mvtec_ad/hazelnut/test/print/007.png,1.0,2.384185791015625e-07,31.978317260742188,31.978317260742188
hazelnut,print,0,/root/autodl-tmp/research-experiments/industrial-anomaly-detection/data/mvtec_ad/hazelnut/test/print/008.png,1.0,2.384185791015625e-07,31.984657287597656,31.984657287597656
hazelnut,print,0,/root/autodl-tmp/research-experiments/industrial-anomaly-detection/data/mvtec_ad/hazelnut/test/print/009.png,1.0,4.76837158203125e-07,31.975723266601562,31.975723266601562
hazelnut,print,0,/root/autodl-tmp/research-experiments/industrial-anomaly-detection/data/mvtec_ad/hazelnut/test/print/010.png,1.0,2.384185791015625e-07,31.97696876525879,31.97696876525879
hazelnut,print,0,/root/autodl-tmp/research-experiments/industrial-anomaly-detection/data/mvtec_ad/hazelnut/test/print/011.png,1.0,2.384185791015625e-07,31.972332000732422,31.972332000732422
hazelnut,print,0,/root/autodl-tmp/research-experiments/industrial-anomaly-detection/data/mvtec_ad/hazelnut/test/print/012.png,1.0,2.384185791015625e-07,31.971107482910156,31.971107482910156
hazelnut,print,0,/root/autodl-tmp/research-experiments/industrial-anomaly-detection/data/mvtec_ad/hazelnut/test/print/013.png,1.0,4.76837158203125e-07,31.945419311523438,31.945419311523438
hazelnut,print,0,/root/autodl-tmp/research-experiments/industrial-anomaly-detection/data/mvtec_ad/hazelnut/test/print/014.png,1.0,2.384185791015625e-07,31.95811653137207,31.95811653137207
hazelnut,print,0,/root/autodl-tmp/research-experiments/industrial-anomaly-detection/data/mvtec_ad/hazelnut/test/print/015.png,1.0,2.384185791015625e-07,31.965715408325195,31.965715408325195
hazelnut,print,0,/root/autodl-tmp/research-experiments/industrial-anomaly-detection/data/mvtec_ad/hazelnut/test/print/016.png,1.0,2.384185791015625e-07,31.97662353515625,31.97662353515625
hazelnut,print,1,/root/autodl-tmp/research-experiments/industrial-anomaly-detection/data/mvtec_ad/hazelnut/test/print/000.png,1.0,2.384185791015625e-07,31.955312728881836,31.955312728881836
hazelnut,print,1,/root/autodl-tmp/research-experiments/industrial-anomaly-detection/data/mvtec_ad/hazelnut/test/print/001.png,1.0,4.76837158203125e-07,31.958847045898438,31.958847045898438
hazelnut,print,1,/root/autodl-tmp/research-experiments/industrial-anomaly-detection/data/mvtec_ad/hazelnut/test/print/002.png,1.0,4.76837158203125e-07,31.974985122680664,31.974985122680664
hazelnut,print,1,/root/autodl-tmp/research-experiments/industrial-anomaly-detection/data/mvtec_ad/hazelnut/test/print/003.png,1.0,2.384185791015625e-07,31.977760314941406,31.977760314941406
hazelnut,print,1,/root/autodl-tmp/research-experiments/industrial-anomaly-detection/data/mvtec_ad/hazelnut/test/print/004.png,1.0,4.76837158203125e-07,31.952869415283203,31.952869415283203
hazelnut,print,1,/root/autodl-tmp/research-experiments/industrial-anomaly-detection/data/mvtec_ad/hazelnut/test/print/005.png,1.0,4.76837158203125e-07,31.944368362426758,31.944368362426758
hazelnut,print,1,/root/autodl-tmp/research-experiments/industrial-anomaly-detection/data/mvtec_ad/hazelnut/test/print/006.png,1.0,2.384185791015625e-07,31.99256134033203,31.99256134033203
hazelnut,print,1,/root/autodl-tmp/research-experiments/industrial-anomaly-detection/data/mvtec_ad/hazelnut/test/print/007.png,1.0,2.384185791015625e-07,31.978317260742188,31.978317260742188
hazelnut,print,1,/root/autodl-tmp/research-experiments/industrial-anomaly-detection/data/mvtec_ad/hazelnut/test/print/008.png,1.0,2.384185791015625e-07,31.984657287597656,31.984657287597656
hazelnut,print,1,/root/autodl-tmp/research-experiments/industrial-anomaly-detection/data/mvtec_ad/hazelnut/test/print/009.png,1.0,4.76837158203125e-07,31.975723266601562,31.975723266601562
hazelnut,print,1,/root/autodl-tmp/research-experiments/industrial-anomaly-detection/data/mvtec_ad/hazelnut/test/print/010.png,1.0,2.384185791015625e-07,31.97696876525879,31.97696876525879
hazelnut,print,1,/root/autodl-tmp/research-experiments/industrial-anomaly-detection/data/mvtec_ad/hazelnut/test/print/011.png,1.0,2.384185791015625e-07,31.972332000732422,31.972332000732422
hazelnut,print,1,/root/autodl-tmp/research-experiments/industrial-anomaly-detection/data/mvtec_ad/hazelnut/test/print/012.png,1.0,2.384185791015625e-07,31.971107482910156,31.971107482910156
hazelnut,print,1,/root/autodl-tmp/research-experiments/industrial-anomaly-detection/data/mvtec_ad/hazelnut/test/print/013.png,1.0,4.76837158203125e-07,31.945419311523438,31.945419311523438
hazelnut,print,1,/root/autodl-tmp/research-experiments/industrial-anomaly-detection/data/mvtec_ad/hazelnut/test/print/014.png,1.0,2.384185791015625e-07,31.95811653137207,31.95811653137207
hazelnut,print,1,/root/autodl-tmp/research-experiments/industrial-anomaly-detection/data/mvtec_ad/hazelnut/test/print/015.png,1.0,2.384185791015625e-07,31.965715408325195,31.965715408325195
hazelnut,print,1,/root/autodl-tmp/research-experiments/industrial-anomaly-detection/data/mvtec_ad/hazelnut/test/print/016.png,1.0,2.384185791015625e-07,31.97662353515625,31.97662353515625
hazelnut,print,2,/root/autodl-tmp/research-experiments/industrial-anomaly-detection/data/mvtec_ad/hazelnut/test/print/000.png,1.0,2.384185791015625e-07,31.955312728881836,31.955312728881836
hazelnut,print,2,/root/autodl-tmp/research-experiments/industrial-anomaly-detection/data/mvtec_ad/hazelnut/test/print/001.png,1.0,4.76837158203125e-07,31.958847045898438,31.958847045898438
hazelnut,print,2,/root/autodl-tmp/research-experiments/industrial-anomaly-detection/data/mvtec_ad/hazelnut/test/print/002.png,1.0,4.76837158203125e-07,31.974985122680664,31.974985122680664
hazelnut,print,2,/root/autodl-tmp/research-experiments/industrial-anomaly-detection/data/mvtec_ad/hazelnut/test/print/003.png,1.0,2.384185791015625e-07,31.977760314941406,31.977760314941406
hazelnut,print,2,/root/autodl-tmp/research-experiments/industrial-anomaly-detection/data/mvtec_ad/hazelnut/test/print/004.png,1.0,4.76837158203125e-07,31.952869415283203,31.952869415283203
hazelnut,print,2,/root/autodl-tmp/research-experiments/industrial-anomaly-detection/data/mvtec_ad/hazelnut/test/print/005.png,1.0,4.76837158203125e-07,31.944368362426758,31.944368362426758
hazelnut,print,2,/root/autodl-tmp/research-experiments/industrial-anomaly-detection/data/mvtec_ad/hazelnut/test/print/006.png,1.0,2.384185791015625e-07,31.99256134033203,31.99256134033203
hazelnut,print,2,/root/autodl-tmp/research-experiments/industrial-anomaly-detection/data/mvtec_ad/hazelnut/test/print/007.png,1.0,2.384185791015625e-07,31.978317260742188,31.978317260742188
hazelnut,print,2,/root/autodl-tmp/research-experiments/industrial-anomaly-detection/data/mvtec_ad/hazelnut/test/print/008.png,1.0,2.384185791015625e-07,31.984657287597656,31.984657287597656
hazelnut,print,2,/root/autodl-tmp/research-experiments/industrial-anomaly-detection/data/mvtec_ad/hazelnut/test/print/009.png,1.0,4.76837158203125e-07,31.975723266601562,31.975723266601562
hazelnut,print,2,/root/autodl-tmp/research-experiments/industrial-anomaly-detection/data/mvtec_ad/hazelnut/test/print/010.png,1.0,2.384185791015625e-07,31.97696876525879,31.97696876525879
hazelnut,print,2,/root/autodl-tmp/research-experiments/industrial-anomaly-detection/data/mvtec_ad/hazelnut/test/print/011.png,1.0,2.384185791015625e-07,31.972332000732422,31.972332000732422
hazelnut,print,2,/root/autodl-tmp/research-experiments/industrial-anomaly-detection/data/mvtec_ad/hazelnut/test/print/012.png,1.0,2.384185791015625e-07,31.971107482910156,31.971107482910156
hazelnut,print,2,/root/autodl-tmp/research-experiments/industrial-anomaly-detection/data/mvtec_ad/hazelnut/test/print/013.png,1.0,4.76837158203125e-07,31.945419311523438,31.945419311523438
hazelnut,print,2,/root/autodl-tmp/research-experiments/industrial-anomaly-detection/data/mvtec_ad/hazelnut/test/print/014.png,1.0,2.384185791015625e-07,31.95811653137207,31.95811653137207
hazelnut,print,2,/root/autodl-tmp/research-experiments/industrial-anomaly-detection/data/mvtec_ad/hazelnut/test/print/015.png,1.0,2.384185791015625e-07,31.965715408325195,31.965715408325195
hazelnut,print,2,/root/autodl-tmp/research-experiments/industrial-anomaly-detection/data/mvtec_ad/hazelnut/test/print/016.png,1.0,2.384185791015625e-07,31.97662353515625,31.97662353515625
bottle,contamination,0,/root/autodl-tmp/research-experiments/industrial-anomaly-detection/data/mvtec_ad/bottle/test/contamination/000.png,1.0,4.76837158203125e-07,31.97808265686035,31.97808265686035
bottle,contamination,0,/root/autodl-tmp/research-experiments/industrial-anomaly-detection/data/mvtec_ad/bottle/test/contamination/001.png,1.0,2.384185791015625e-07,31.972923278808594,31.972923278808594
bottle,contamination,0,/root/autodl-tmp/research-experiments/industrial-anomaly-detection/data/mvtec_ad/bottle/test/contamination/002.png,1.0,4.76837158203125e-07,31.98995018005371,31.98995018005371
bottle,contamination,0,/root/autodl-tmp/research-experiments/industrial-anomaly-detection/data/mvtec_ad/bottle/test/contamination/003.png,1.0,2.384185791015625e-07,31.980161666870117,31.980161666870117
bottle,contamination,0,/root/autodl-tmp/research-experiments/industrial-anomaly-detection/data/mvtec_ad/bottle/test/contamination/004.png,1.0,2.384185791015625e-07,31.941251754760742,31.941251754760742
bottle,contamination,0,/root/autodl-tmp/research-experiments/industrial-anomaly-detection/data/mvtec_ad/bottle/test/contamination/005.png,1.0,2.384185791015625e-07,31.976898193359375,31.976898193359375
bottle,contamination,0,/root/autodl-tmp/research-experiments/industrial-anomaly-detection/data/mvtec_ad/bottle/test/contamination/006.png,1.0,2.384185791015625e-07,31.99095916748047,31.99095916748047
bottle,contamination,0,/root/autodl-tmp/research-experiments/industrial-anomaly-detection/data/mvtec_ad/bottle/test/contamination/007.png,1.0,4.76837158203125e-07,31.995824813842773,31.995824813842773
bottle,contamination,0,/root/autodl-tmp/research-experiments/industrial-anomaly-detection/data/mvtec_ad/bottle/test/contamination/008.png,1.0,4.76837158203125e-07,31.975662231445312,31.975662231445312
bottle,contamination,0,/root/autodl-tmp/research-experiments/industrial-anomaly-detection/data/mvtec_ad/bottle/test/contamination/009.png,1.0,4.76837158203125e-07,31.973506927490234,31.973506927490234
bottle,contamination,0,/root/autodl-tmp/research-experiments/industrial-anomaly-detection/data/mvtec_ad/bottle/test/contamination/010.png,1.0,2.384185791015625e-07,31.981109619140625,31.981109619140625
bottle,contamination,0,/root/autodl-tmp/research-experiments/industrial-anomaly-detection/data/mvtec_ad/bottle/test/contamination/011.png,1.0,2.384185791015625e-07,31.97437286376953,31.97437286376953
bottle,contamination,0,/root/autodl-tmp/research-experiments/industrial-anomaly-detection/data/mvtec_ad/bottle/test/contamination/012.png,1.0,2.384185791015625e-07,31.97018814086914,31.97018814086914
bottle,contamination,0,/root/autodl-tmp/research-experiments/industrial-anomaly-detection/data/mvtec_ad/bottle/test/contamination/013.png,1.0,2.384185791015625e-07,31.990140914916992,31.990140914916992
bottle,contamination,0,/root/autodl-tmp/research-experiments/industrial-anomaly-detection/data/mvtec_ad/bottle/test/contamination/014.png,1.0,2.384185791015625e-07,31.99020004272461,31.99020004272461
bottle,contamination,0,/root/autodl-tmp/research-experiments/industrial-anomaly-detection/data/mvtec_ad/bottle/test/contamination/015.png,1.0,4.76837158203125e-07,31.966915130615234,31.966915130615234
bottle,contamination,0,/root/autodl-tmp/research-experiments/industrial-anomaly-detection/data/mvtec_ad/bottle/test/contamination/016.png,1.0,2.384185791015625e-07,31.97381019592285,31.97381019592285
bottle,contamination,0,/root/autodl-tmp/research-experiments/industrial-anomaly-detection/data/mvtec_ad/bottle/test/contamination/017.png,1.0,2.384185791015625e-07,31.978492736816406,31.978492736816406
bottle,contamination,0,/root/autodl-tmp/research-experiments/industrial-anomaly-detection/data/mvtec_ad/bottle/test/contamination/018.png,1.0,4.76837158203125e-07,31.979984283447266,31.979984283447266
bottle,contamination,0,/root/autodl-tmp/research-experiments/industrial-anomaly-detection/data/mvtec_ad/bottle/test/contamination/019.png,1.0,2.384185791015625e-07,31.974117279052734,31.974117279052734
bottle,contamination,0,/root/autodl-tmp/research-experiments/industrial-anomaly-detection/data/mvtec_ad/bottle/test/contamination/020.png,1.0,2.384185791015625e-07,31.986814498901367,31.986814498901367
bottle,contamination,1,/root/autodl-tmp/research-experiments/industrial-anomaly-detection/data/mvtec_ad/bottle/test/contamination/000.png,1.0,4.76837158203125e-07,31.97808265686035,31.97808265686035
bottle,contamination,1,/root/autodl-tmp/research-experiments/industrial-anomaly-detection/data/mvtec_ad/bottle/test/contamination/001.png,1.0,2.384185791015625e-07,31.972923278808594,31.972923278808594
bottle,contamination,1,/root/autodl-tmp/research-experiments/industrial-anomaly-detection/data/mvtec_ad/bottle/test/contamination/002.png,1.0,4.76837158203125e-07,31.98995018005371,31.98995018005371
bottle,contamination,1,/root/autodl-tmp/research-experiments/industrial-anomaly-detection/data/mvtec_ad/bottle/test/contamination/003.png,1.0,2.384185791015625e-07,31.980161666870117,31.980161666870117
bottle,contamination,1,/root/autodl-tmp/research-experiments/industrial-anomaly-detection/data/mvtec_ad/bottle/test/contamination/004.png,1.0,2.384185791015625e-07,31.941251754760742,31.941251754760742
bottle,contamination,1,/root/autodl-tmp/research-experiments/industrial-anomaly-detection/data/mvtec_ad/bottle/test/contamination/005.png,1.0,2.384185791015625e-07,31.976898193359375,31.976898193359375
bottle,contamination,1,/root/autodl-tmp/research-experiments/industrial-anomaly-detection/data/mvtec_ad/bottle/test/contamination/006.png,1.0,2.384185791015625e-07,31.99095916748047,31.99095916748047
bottle,contamination,1,/root/autodl-tmp/research-experiments/industrial-anomaly-detection/data/mvtec_ad/bottle/test/contamination/007.png,1.0,4.76837158203125e-07,31.995824813842773,31.995824813842773
bottle,contamination,1,/root/autodl-tmp/research-experiments/industrial-anomaly-detection/data/mvtec_ad/bottle/test/contamination/008.png,1.0,4.76837158203125e-07,31.975662231445312,31.975662231445312
bottle,contamination,1,/root/autodl-tmp/research-experiments/industrial-anomaly-detection/data/mvtec_ad/bottle/test/contamination/009.png,1.0,4.76837158203125e-07,31.973506927490234,31.973506927490234
bottle,contamination,1,/root/autodl-tmp/research-experiments/industrial-anomaly-detection/data/mvtec_ad/bottle/test/contamination/010.png,1.0,2.384185791015625e-07,31.981109619140625,31.981109619140625
bottle,contamination,1,/root/autodl-tmp/research-experiments/industrial-anomaly-detection/data/mvtec_ad/bottle/test/contamination/011.png,1.0,2.384185791015625e-07,31.97437286376953,31.97437286376953
bottle,contamination,1,/root/autodl-tmp/research-experiments/industrial-anomaly-detection/data/mvtec_ad/bottle/test/contamination/012.png,1.0,2.384185791015625e-07,31.97018814086914,31.97018814086914
bottle,contamination,1,/root/autodl-tmp/research-experiments/industrial-anomaly-detection/data/mvtec_ad/bottle/test/contamination/013.png,1.0,2.384185791015625e-07,31.990140914916992,31.990140914916992
bottle,contamination,1,/root/autodl-tmp/research-experiments/industrial-anomaly-detection/data/mvtec_ad/bottle/test/contamination/014.png,1.0,2.384185791015625e-07,31.99020004272461,31.99020004272461
bottle,contamination,1,/root/autodl-tmp/research-experiments/industrial-anomaly-detection/data/mvtec_ad/bottle/test/contamination/015.png,1.0,4.76837158203125e-07,31.966915130615234,31.966915130615234
bottle,contamination,1,/root/autodl-tmp/research-experiments/industrial-anomaly-detection/data/mvtec_ad/bottle/test/contamination/016.png,1.0,2.384185791015625e-07,31.97381019592285,31.97381019592285
bottle,contamination,1,/root/autodl-tmp/research-experiments/industrial-anomaly-detection/data/mvtec_ad/bottle/test/contamination/017.png,1.0,2.384185791015625e-07,31.978492736816406,31.978492736816406
bottle,contamination,1,/root/autodl-tmp/research-experiments/industrial-anomaly-detection/data/mvtec_ad/bottle/test/contamination/018.png,1.0,4.76837158203125e-07,31.979984283447266,31.979984283447266
bottle,contamination,1,/root/autodl-tmp/research-experiments/industrial-anomaly-detection/data/mvtec_ad/bottle/test/contamination/019.png,1.0,2.384185791015625e-07,31.974117279052734,31.974117279052734
bottle,contamination,1,/root/autodl-tmp/research-experiments/industrial-anomaly-detection/data/mvtec_ad/bottle/test/contamination/020.png,1.0,2.384185791015625e-07,31.986814498901367,31.986814498901367
bottle,contamination,2,/root/autodl-tmp/research-experiments/industrial-anomaly-detection/data/mvtec_ad/bottle/test/contamination/000.png,1.0,4.76837158203125e-07,31.97808265686035,31.97808265686035
bottle,contamination,2,/root/autodl-tmp/research-experiments/industrial-anomaly-detection/data/mvtec_ad/bottle/test/contamination/001.png,1.0,2.384185791015625e-07,31.972923278808594,31.972923278808594
bottle,contamination,2,/root/autodl-tmp/research-experiments/industrial-anomaly-detection/data/mvtec_ad/bottle/test/contamination/002.png,1.0,4.76837158203125e-07,31.98995018005371,31.98995018005371
bottle,contamination,2,/root/autodl-tmp/research-experiments/industrial-anomaly-detection/data/mvtec_ad/bottle/test/contamination/003.png,1.0,2.384185791015625e-07,31.980161666870117,31.980161666870117
bottle,contamination,2,/root/autodl-tmp/research-experiments/industrial-anomaly-detection/data/mvtec_ad/bottle/test/contamination/004.png,1.0,2.384185791015625e-07,31.941251754760742,31.941251754760742
bottle,contamination,2,/root/autodl-tmp/research-experiments/industrial-anomaly-detection/data/mvtec_ad/bottle/test/contamination/005.png,1.0,2.384185791015625e-07,31.976898193359375,31.976898193359375
bottle,contamination,2,/root/autodl-tmp/research-experiments/industrial-anomaly-detection/data/mvtec_ad/bottle/test/contamination/006.png,1.0,2.384185791015625e-07,31.99095916748047,31.99095916748047
bottle,contamination,2,/root/autodl-tmp/research-experiments/industrial-anomaly-detection/data/mvtec_ad/bottle/test/contamination/007.png,1.0,4.76837158203125e-07,31.995824813842773,31.995824813842773
bottle,contamination,2,/root/autodl-tmp/research-experiments/industrial-anomaly-detection/data/mvtec_ad/bottle/test/contamination/008.png,1.0,4.76837158203125e-07,31.975662231445312,31.975662231445312
bottle,contamination,2,/root/autodl-tmp/research-experiments/industrial-anomaly-detection/data/mvtec_ad/bottle/test/contamination/009.png,1.0,4.76837158203125e-07,31.973506927490234,31.973506927490234
bottle,contamination,2,/root/autodl-tmp/research-experiments/industrial-anomaly-detection/data/mvtec_ad/bottle/test/contamination/010.png,1.0,2.384185791015625e-07,31.981109619140625,31.981109619140625
bottle,contamination,2,/root/autodl-tmp/research-experiments/industrial-anomaly-detection/data/mvtec_ad/bottle/test/contamination/011.png,1.0,2.384185791015625e-07,31.97437286376953,31.97437286376953
bottle,contamination,2,/root/autodl-tmp/research-experiments/industrial-anomaly-detection/data/mvtec_ad/bottle/test/contamination/012.png,1.0,2.384185791015625e-07,31.97018814086914,31.97018814086914
bottle,contamination,2,/root/autodl-tmp/research-experiments/industrial-anomaly-detection/data/mvtec_ad/bottle/test/contamination/013.png,1.0,2.384185791015625e-07,31.990140914916992,31.990140914916992
bottle,contamination,2,/root/autodl-tmp/research-experiments/industrial-anomaly-detection/data/mvtec_ad/bottle/test/contamination/014.png,1.0,2.384185791015625e-07,31.99020004272461,31.99020004272461
bottle,contamination,2,/root/autodl-tmp/research-experiments/industrial-anomaly-detection/data/mvtec_ad/bottle/test/contamination/015.png,1.0,4.76837158203125e-07,31.966915130615234,31.966915130615234
bottle,contamination,2,/root/autodl-tmp/research-experiments/industrial-anomaly-detection/data/mvtec_ad/bottle/test/contamination/016.png,1.0,2.384185791015625e-07,31.97381019592285,31.97381019592285
bottle,contamination,2,/root/autodl-tmp/research-experiments/industrial-anomaly-detection/data/mvtec_ad/bottle/test/contamination/017.png,1.0,2.384185791015625e-07,31.978492736816406,31.978492736816406
bottle,contamination,2,/root/autodl-tmp/research-experiments/industrial-anomaly-detection/data/mvtec_ad/bottle/test/contamination/018.png,1.0,4.76837158203125e-07,31.979984283447266,31.979984283447266
bottle,contamination,2,/root/autodl-tmp/research-experiments/industrial-anomaly-detection/data/mvtec_ad/bottle/test/contamination/019.png,1.0,2.384185791015625e-07,31.974117279052734,31.974117279052734
bottle,contamination,2,/root/autodl-tmp/research-experiments/industrial-anomaly-detection/data/mvtec_ad/bottle/test/contamination/020.png,1.0,2.384185791015625e-07,31.986814498901367,31.986814498901367
screw,manipulated_front,0,/root/autodl-tmp/research-experiments/industrial-anomaly-detection/data/mvtec_ad/screw/test/manipulated_front/000.png,1.0,4.76837158203125e-07,31.970849990844727,31.970849990844727
screw,manipulated_front,0,/root/autodl-tmp/research-experiments/industrial-anomaly-detection/data/mvtec_ad/screw/test/manipulated_front/001.png,1.0,2.384185791015625e-07,31.986602783203125,31.986602783203125
screw,manipulated_front,0,/root/autodl-tmp/research-experiments/industrial-anomaly-detection/data/mvtec_ad/screw/test/manipulated_front/002.png,1.0,4.76837158203125e-07,31.932565689086914,31.932565689086914
screw,manipulated_front,0,/root/autodl-tmp/research-experiments/industrial-anomaly-detection/data/mvtec_ad/screw/test/manipulated_front/003.png,1.0,2.384185791015625e-07,31.943260192871094,31.943260192871094
screw,manipulated_front,0,/root/autodl-tmp/research-experiments/industrial-anomaly-detection/data/mvtec_ad/screw/test/manipulated_front/004.png,1.0,2.384185791015625e-07,31.986831665039062,31.986831665039062
screw,manipulated_front,0,/root/autodl-tmp/research-experiments/industrial-anomaly-detection/data/mvtec_ad/screw/test/manipulated_front/005.png,1.0,2.384185791015625e-07,31.953351974487305,31.953351974487305
screw,manipulated_front,0,/root/autodl-tmp/research-experiments/industrial-anomaly-detection/data/mvtec_ad/screw/test/manipulated_front/006.png,1.0,4.76837158203125e-07,31.974973678588867,31.974973678588867
screw,manipulated_front,0,/root/autodl-tmp/research-experiments/industrial-anomaly-detection/data/mvtec_ad/screw/test/manipulated_front/007.png,1.0,4.76837158203125e-07,31.950944900512695,31.950944900512695
screw,manipulated_front,0,/root/autodl-tmp/research-experiments/industrial-anomaly-detection/data/mvtec_ad/screw/test/manipulated_front/008.png,1.0,2.384185791015625e-07,31.97304916381836,31.97304916381836
screw,manipulated_front,0,/root/autodl-tmp/research-experiments/industrial-anomaly-detection/data/mvtec_ad/screw/test/manipulated_front/009.png,1.0,4.76837158203125e-07,31.933914184570312,31.933914184570312
screw,manipulated_front,0,/root/autodl-tmp/research-experiments/industrial-anomaly-detection/data/mvtec_ad/screw/test/manipulated_front/010.png,1.0,2.384185791015625e-07,31.942094802856445,31.942094802856445
screw,manipulated_front,0,/root/autodl-tmp/research-experiments/industrial-anomaly-detection/data/mvtec_ad/screw/test/manipulated_front/011.png,1.0,4.76837158203125e-07,31.952951431274414,31.952951431274414
screw,manipulated_front,0,/root/autodl-tmp/research-experiments/industrial-anomaly-detection/data/mvtec_ad/screw/test/manipulated_front/012.png,1.0,2.384185791015625e-07,31.94588851928711,31.94588851928711
screw,manipulated_front,0,/root/autodl-tmp/research-experiments/industrial-anomaly-detection/data/mvtec_ad/screw/test/manipulated_front/013.png,1.0,2.384185791015625e-07,31.977161407470703,31.977161407470703
screw,manipulated_front,0,/root/autodl-tmp/research-experiments/industrial-anomaly-detection/data/mvtec_ad/screw/test/manipulated_front/014.png,1.0,2.384185791015625e-07,31.975055694580078,31.975055694580078
screw,manipulated_front,0,/root/autodl-tmp/research-experiments/industrial-anomaly-detection/data/mvtec_ad/screw/test/manipulated_front/015.png,1.0,2.384185791015625e-07,31.964221954345703,31.964221954345703
screw,manipulated_front,0,/root/autodl-tmp/research-experiments/industrial-anomaly-detection/data/mvtec_ad/screw/test/manipulated_front/016.png,1.0,4.76837158203125e-07,31.95932960510254,31.95932960510254
screw,manipulated_front,0,/root/autodl-tmp/research-experiments/industrial-anomaly-detection/data/mvtec_ad/screw/test/manipulated_front/017.png,1.0,2.384185791015625e-07,31.941041946411133,31.941041946411133
screw,manipulated_front,0,/root/autodl-tmp/research-experiments/industrial-anomaly-detection/data/mvtec_ad/screw/test/manipulated_front/018.png,1.0,2.384185791015625e-07,31.979137420654297,31.979137420654297
screw,manipulated_front,0,/root/autodl-tmp/research-experiments/industrial-anomaly-detection/data/mvtec_ad/screw/test/manipulated_front/019.png,1.0,2.384185791015625e-07,31.970788955688477,31.970788955688477
screw,manipulated_front,0,/root/autodl-tmp/research-experiments/industrial-anomaly-detection/data/mvtec_ad/screw/test/manipulated_front/020.png,1.0,2.384185791015625e-07,31.970176696777344,31.970176696777344
screw,manipulated_front,0,/root/autodl-tmp/research-experiments/industrial-anomaly-detection/data/mvtec_ad/screw/test/manipulated_front/021.png,1.0,2.384185791015625e-07,31.93227195739746,31.93227195739746
screw,manipulated_front,0,/root/autodl-tmp/research-experiments/industrial-anomaly-detection/data/mvtec_ad/screw/test/manipulated_front/022.png,1.0,2.384185791015625e-07,31.962926864624023,31.962926864624023
screw,manipulated_front,0,/root/autodl-tmp/research-experiments/industrial-anomaly-detection/data/mvtec_ad/screw/test/manipulated_front/023.png,1.0,4.76837158203125e-07,31.942209243774414,31.942209243774414
screw,manipulated_front,1,/root/autodl-tmp/research-experiments/industrial-anomaly-detection/data/mvtec_ad/screw/test/manipulated_front/000.png,1.0,4.76837158203125e-07,31.970849990844727,31.970849990844727
screw,manipulated_front,1,/root/autodl-tmp/research-experiments/industrial-anomaly-detection/data/mvtec_ad/screw/test/manipulated_front/001.png,1.0,2.384185791015625e-07,31.986602783203125,31.986602783203125
screw,manipulated_front,1,/root/autodl-tmp/research-experiments/industrial-anomaly-detection/data/mvtec_ad/screw/test/manipulated_front/002.png,1.0,4.76837158203125e-07,31.932565689086914,31.932565689086914
screw,manipulated_front,1,/root/autodl-tmp/research-experiments/industrial-anomaly-detection/data/mvtec_ad/screw/test/manipulated_front/003.png,1.0,2.384185791015625e-07,31.943260192871094,31.943260192871094
screw,manipulated_front,1,/root/autodl-tmp/research-experiments/industrial-anomaly-detection/data/mvtec_ad/screw/test/manipulated_front/004.png,1.0,2.384185791015625e-07,31.986831665039062,31.986831665039062
screw,manipulated_front,1,/root/autodl-tmp/research-experiments/industrial-anomaly-detection/data/mvtec_ad/screw/test/manipulated_front/005.png,1.0,2.384185791015625e-07,31.953351974487305,31.953351974487305
screw,manipulated_front,1,/root/autodl-tmp/research-experiments/industrial-anomaly-detection/data/mvtec_ad/screw/test/manipulated_front/006.png,1.0,4.76837158203125e-07,31.974973678588867,31.974973678588867
screw,manipulated_front,1,/root/autodl-tmp/research-experiments/industrial-anomaly-detection/data/mvtec_ad/screw/test/manipulated_front/007.png,1.0,4.76837158203125e-07,31.950944900512695,31.950944900512695
screw,manipulated_front,1,/root/autodl-tmp/research-experiments/industrial-anomaly-detection/data/mvtec_ad/screw/test/manipulated_front/008.png,1.0,2.384185791015625e-07,31.97304916381836,31.97304916381836
screw,manipulated_front,1,/root/autodl-tmp/research-experiments/industrial-anomaly-detection/data/mvtec_ad/screw/test/manipulated_front/009.png,1.0,4.76837158203125e-07,31.933914184570312,31.933914184570312
screw,manipulated_front,1,/root/autodl-tmp/research-experiments/industrial-anomaly-detection/data/mvtec_ad/screw/test/manipulated_front/010.png,1.0,2.384185791015625e-07,31.942094802856445,31.942094802856445
screw,manipulated_front,1,/root/autodl-tmp/research-experiments/industrial-anomaly-detection/data/mvtec_ad/screw/test/manipulated_front/011.png,1.0,4.76837158203125e-07,31.952951431274414,31.952951431274414
screw,manipulated_front,1,/root/autodl-tmp/research-experiments/industrial-anomaly-detection/data/mvtec_ad/screw/test/manipulated_front/012.png,1.0,2.384185791015625e-07,31.94588851928711,31.94588851928711
screw,manipulated_front,1,/root/autodl-tmp/research-experiments/industrial-anomaly-detection/data/mvtec_ad/screw/test/manipulated_front/013.png,1.0,2.384185791015625e-07,31.977161407470703,31.977161407470703
screw,manipulated_front,1,/root/autodl-tmp/research-experiments/industrial-anomaly-detection/data/mvtec_ad/screw/test/manipulated_front/014.png,1.0,2.384185791015625e-07,31.975055694580078,31.975055694580078
screw,manipulated_front,1,/root/autodl-tmp/research-experiments/industrial-anomaly-detection/data/mvtec_ad/screw/test/manipulated_front/015.png,1.0,2.384185791015625e-07,31.964221954345703,31.964221954345703
screw,manipulated_front,1,/root/autodl-tmp/research-experiments/industrial-anomaly-detection/data/mvtec_ad/screw/test/manipulated_front/016.png,1.0,4.76837158203125e-07,31.95932960510254,31.95932960510254
screw,manipulated_front,1,/root/autodl-tmp/research-experiments/industrial-anomaly-detection/data/mvtec_ad/screw/test/manipulated_front/017.png,1.0,2.384185791015625e-07,31.941041946411133,31.941041946411133
screw,manipulated_front,1,/root/autodl-tmp/research-experiments/industrial-anomaly-detection/data/mvtec_ad/screw/test/manipulated_front/018.png,1.0,2.384185791015625e-07,31.979137420654297,31.979137420654297
screw,manipulated_front,1,/root/autodl-tmp/research-experiments/industrial-anomaly-detection/data/mvtec_ad/screw/test/manipulated_front/019.png,1.0,2.384185791015625e-07,31.970788955688477,31.970788955688477
screw,manipulated_front,1,/root/autodl-tmp/research-experiments/industrial-anomaly-detection/data/mvtec_ad/screw/test/manipulated_front/020.png,1.0,2.384185791015625e-07,31.970176696777344,31.970176696777344
screw,manipulated_front,1,/root/autodl-tmp/research-experiments/industrial-anomaly-detection/data/mvtec_ad/screw/test/manipulated_front/021.png,1.0,2.384185791015625e-07,31.93227195739746,31.93227195739746
screw,manipulated_front,1,/root/autodl-tmp/research-experiments/industrial-anomaly-detection/data/mvtec_ad/screw/test/manipulated_front/022.png,1.0,2.384185791015625e-07,31.962926864624023,31.962926864624023
screw,manipulated_front,1,/root/autodl-tmp/research-experiments/industrial-anomaly-detection/data/mvtec_ad/screw/test/manipulated_front/023.png,1.0,4.76837158203125e-07,31.942209243774414,31.942209243774414
screw,manipulated_front,2,/root/autodl-tmp/research-experiments/industrial-anomaly-detection/data/mvtec_ad/screw/test/manipulated_front/000.png,1.0,4.76837158203125e-07,31.970849990844727,31.970849990844727
screw,manipulated_front,2,/root/autodl-tmp/research-experiments/industrial-anomaly-detection/data/mvtec_ad/screw/test/manipulated_front/001.png,1.0,2.384185791015625e-07,31.986602783203125,31.986602783203125
screw,manipulated_front,2,/root/autodl-tmp/research-experiments/industrial-anomaly-detection/data/mvtec_ad/screw/test/manipulated_front/002.png,1.0,4.76837158203125e-07,31.932565689086914,31.932565689086914
screw,manipulated_front,2,/root/autodl-tmp/research-experiments/industrial-anomaly-detection/data/mvtec_ad/screw/test/manipulated_front/003.png,1.0,2.384185791015625e-07,31.943260192871094,31.943260192871094
screw,manipulated_front,2,/root/autodl-tmp/research-experiments/industrial-anomaly-detection/data/mvtec_ad/screw/test/manipulated_front/004.png,1.0,2.384185791015625e-07,31.986831665039062,31.986831665039062
screw,manipulated_front,2,/root/autodl-tmp/research-experiments/industrial-anomaly-detection/data/mvtec_ad/screw/test/manipulated_front/005.png,1.0,2.384185791015625e-07,31.953351974487305,31.953351974487305
screw,manipulated_front,2,/root/autodl-tmp/research-experiments/industrial-anomaly-detection/data/mvtec_ad/screw/test/manipulated_front/006.png,1.0,4.76837158203125e-07,31.974973678588867,31.974973678588867
screw,manipulated_front,2,/root/autodl-tmp/research-experiments/industrial-anomaly-detection/data/mvtec_ad/screw/test/manipulated_front/007.png,1.0,4.76837158203125e-07,31.950944900512695,31.950944900512695
screw,manipulated_front,2,/root/autodl-tmp/research-experiments/industrial-anomaly-detection/data/mvtec_ad/screw/test/manipulated_front/008.png,1.0,2.384185791015625e-07,31.97304916381836,31.97304916381836
screw,manipulated_front,2,/root/autodl-tmp/research-experiments/industrial-anomaly-detection/data/mvtec_ad/screw/test/manipulated_front/009.png,1.0,4.76837158203125e-07,31.933914184570312,31.933914184570312
screw,manipulated_front,2,/root/autodl-tmp/research-experiments/industrial-anomaly-detection/data/mvtec_ad/screw/test/manipulated_front/010.png,1.0,2.384185791015625e-07,31.942094802856445,31.942094802856445
screw,manipulated_front,2,/root/autodl-tmp/research-experiments/industrial-anomaly-detection/data/mvtec_ad/screw/test/manipulated_front/011.png,1.0,4.76837158203125e-07,31.952951431274414,31.952951431274414
screw,manipulated_front,2,/root/autodl-tmp/research-experiments/industrial-anomaly-detection/data/mvtec_ad/screw/test/manipulated_front/012.png,1.0,2.384185791015625e-07,31.94588851928711,31.94588851928711
screw,manipulated_front,2,/root/autodl-tmp/research-experiments/industrial-anomaly-detection/data/mvtec_ad/screw/test/manipulated_front/013.png,1.0,2.384185791015625e-07,31.977161407470703,31.977161407470703
screw,manipulated_front,2,/root/autodl-tmp/research-experiments/industrial-anomaly-detection/data/mvtec_ad/screw/test/manipulated_front/014.png,1.0,2.384185791015625e-07,31.975055694580078,31.975055694580078
screw,manipulated_front,2,/root/autodl-tmp/research-experiments/industrial-anomaly-detection/data/mvtec_ad/screw/test/manipulated_front/015.png,1.0,2.384185791015625e-07,31.964221954345703,31.964221954345703
screw,manipulated_front,2,/root/autodl-tmp/research-experiments/industrial-anomaly-detection/data/mvtec_ad/screw/test/manipulated_front/016.png,1.0,4.76837158203125e-07,31.95932960510254,31.95932960510254
screw,manipulated_front,2,/root/autodl-tmp/research-experiments/industrial-anomaly-detection/data/mvtec_ad/screw/test/manipulated_front/017.png,1.0,2.384185791015625e-07,31.941041946411133,31.941041946411133
screw,manipulated_front,2,/root/autodl-tmp/research-experiments/industrial-anomaly-detection/data/mvtec_ad/screw/test/manipulated_front/018.png,1.0,2.384185791015625e-07,31.979137420654297,31.979137420654297
screw,manipulated_front,2,/root/autodl-tmp/research-experiments/industrial-anomaly-detection/data/mvtec_ad/screw/test/manipulated_front/019.png,1.0,2.384185791015625e-07,31.970788955688477,31.970788955688477
screw,manipulated_front,2,/root/autodl-tmp/research-experiments/industrial-anomaly-detection/data/mvtec_ad/screw/test/manipulated_front/020.png,1.0,2.384185791015625e-07,31.970176696777344,31.970176696777344
screw,manipulated_front,2,/root/autodl-tmp/research-experiments/industrial-anomaly-detection/data/mvtec_ad/screw/test/manipulated_front/021.png,1.0,2.384185791015625e-07,31.93227195739746,31.93227195739746
screw,manipulated_front,2,/root/autodl-tmp/research-experiments/industrial-anomaly-detection/data/mvtec_ad/screw/test/manipulated_front/022.png,1.0,2.384185791015625e-07,31.962926864624023,31.962926864624023
screw,manipulated_front,2,/root/autodl-tmp/research-experiments/industrial-anomaly-detection/data/mvtec_ad/screw/test/manipulated_front/023.png,1.0,4.76837158203125e-07,31.942209243774414,31.942209243774414
screw,thread_side,0,/root/autodl-tmp/research-experiments/industrial-anomaly-detection/data/mvtec_ad/screw/test/thread_side/000.png,1.0,2.384185791015625e-07,31.986909866333008,31.986909866333008
screw,thread_side,0,/root/autodl-tmp/research-experiments/industrial-anomaly-detection/data/mvtec_ad/screw/test/thread_side/001.png,1.0,2.384185791015625e-07,31.94470977783203,31.94470977783203
screw,thread_side,0,/root/autodl-tmp/research-experiments/industrial-anomaly-detection/data/mvtec_ad/screw/test/thread_side/002.png,1.0,2.384185791015625e-07,31.950511932373047,31.950511932373047
screw,thread_side,0,/root/autodl-tmp/research-experiments/industrial-anomaly-detection/data/mvtec_ad/screw/test/thread_side/003.png,1.0,2.384185791015625e-07,31.98345184326172,31.98345184326172
screw,thread_side,0,/root/autodl-tmp/research-experiments/industrial-anomaly-detection/data/mvtec_ad/screw/test/thread_side/004.png,1.0,4.76837158203125e-07,31.937976837158203,31.937976837158203
screw,thread_side,0,/root/autodl-tmp/research-experiments/industrial-anomaly-detection/data/mvtec_ad/screw/test/thread_side/005.png,1.0,2.384185791015625e-07,31.98177146911621,31.98177146911621
screw,thread_side,0,/root/autodl-tmp/research-experiments/industrial-anomaly-detection/data/mvtec_ad/screw/test/thread_side/006.png,1.0,4.76837158203125e-07,31.959117889404297,31.959117889404297
screw,thread_side,0,/root/autodl-tmp/research-experiments/industrial-anomaly-detection/data/mvtec_ad/screw/test/thread_side/007.png,1.0,2.384185791015625e-07,31.923084259033203,31.923084259033203
screw,thread_side,0,/root/autodl-tmp/research-experiments/industrial-anomaly-detection/data/mvtec_ad/screw/test/thread_side/008.png,1.0,2.384185791015625e-07,31.98419189453125,31.98419189453125
screw,thread_side,0,/root/autodl-tmp/research-experiments/industrial-anomaly-detection/data/mvtec_ad/screw/test/thread_side/009.png,1.0,4.76837158203125e-07,31.959325790405273,31.959327697753906
screw,thread_side,0,/root/autodl-tmp/research-experiments/industrial-anomaly-detection/data/mvtec_ad/screw/test/thread_side/010.png,1.0,4.76837158203125e-07,31.975889205932617,31.975889205932617
screw,thread_side,0,/root/autodl-tmp/research-experiments/industrial-anomaly-detection/data/mvtec_ad/screw/test/thread_side/011.png,1.0,2.384185791015625e-07,31.978046417236328,31.978046417236328
screw,thread_side,0,/root/autodl-tmp/research-experiments/industrial-anomaly-detection/data/mvtec_ad/screw/test/thread_side/012.png,1.0,4.76837158203125e-07,31.92536735534668,31.92536735534668
screw,thread_side,0,/root/autodl-tmp/research-experiments/industrial-anomaly-detection/data/mvtec_ad/screw/test/thread_side/013.png,1.0,4.76837158203125e-07,31.970306396484375,31.970306396484375
screw,thread_side,0,/root/autodl-tmp/research-experiments/industrial-anomaly-detection/data/mvtec_ad/screw/test/thread_side/014.png,1.0,4.76837158203125e-07,31.985782623291016,31.985782623291016
screw,thread_side,0,/root/autodl-tmp/research-experiments/industrial-anomaly-detection/data/mvtec_ad/screw/test/thread_side/015.png,1.0,4.76837158203125e-07,31.945711135864258,31.945711135864258
screw,thread_side,0,/root/autodl-tmp/research-experiments/industrial-anomaly-detection/data/mvtec_ad/screw/test/thread_side/016.png,1.0,2.384185791015625e-07,31.96519660949707,31.96519660949707
screw,thread_side,0,/root/autodl-tmp/research-experiments/industrial-anomaly-detection/data/mvtec_ad/screw/test/thread_side/017.png,1.0,4.76837158203125e-07,31.967214584350586,31.967214584350586
screw,thread_side,0,/root/autodl-tmp/research-experiments/industrial-anomaly-detection/data/mvtec_ad/screw/test/thread_side/018.png,1.0,2.384185791015625e-07,31.988712310791016,31.988712310791016
screw,thread_side,0,/root/autodl-tmp/research-experiments/industrial-anomaly-detection/data/mvtec_ad/screw/test/thread_side/019.png,1.0,1.1920928955078125e-07,31.98878288269043,31.98878288269043
screw,thread_side,0,/root/autodl-tmp/research-experiments/industrial-anomaly-detection/data/mvtec_ad/screw/test/thread_side/020.png,1.0,4.76837158203125e-07,31.94875717163086,31.94875717163086
screw,thread_side,0,/root/autodl-tmp/research-experiments/industrial-anomaly-detection/data/mvtec_ad/screw/test/thread_side/021.png,1.0,4.76837158203125e-07,31.95916748046875,31.95916748046875
screw,thread_side,0,/root/autodl-tmp/research-experiments/industrial-anomaly-detection/data/mvtec_ad/screw/test/thread_side/022.png,1.0,2.384185791015625e-07,31.93933868408203,31.93933868408203
screw,thread_side,1,/root/autodl-tmp/research-experiments/industrial-anomaly-detection/data/mvtec_ad/screw/test/thread_side/000.png,1.0,2.384185791015625e-07,31.986909866333008,31.986909866333008
screw,thread_side,1,/root/autodl-tmp/research-experiments/industrial-anomaly-detection/data/mvtec_ad/screw/test/thread_side/001.png,1.0,2.384185791015625e-07,31.94470977783203,31.94470977783203
screw,thread_side,1,/root/autodl-tmp/research-experiments/industrial-anomaly-detection/data/mvtec_ad/screw/test/thread_side/002.png,1.0,2.384185791015625e-07,31.950511932373047,31.950511932373047
screw,thread_side,1,/root/autodl-tmp/research-experiments/industrial-anomaly-detection/data/mvtec_ad/screw/test/thread_side/003.png,1.0,2.384185791015625e-07,31.98345184326172,31.98345184326172
screw,thread_side,1,/root/autodl-tmp/research-experiments/industrial-anomaly-detection/data/mvtec_ad/screw/test/thread_side/004.png,1.0,4.76837158203125e-07,31.937976837158203,31.937976837158203
screw,thread_side,1,/root/autodl-tmp/research-experiments/industrial-anomaly-detection/data/mvtec_ad/screw/test/thread_side/005.png,1.0,2.384185791015625e-07,31.98177146911621,31.98177146911621
screw,thread_side,1,/root/autodl-tmp/research-experiments/industrial-anomaly-detection/data/mvtec_ad/screw/test/thread_side/006.png,1.0,4.76837158203125e-07,31.959117889404297,31.959117889404297
screw,thread_side,1,/root/autodl-tmp/research-experiments/industrial-anomaly-detection/data/mvtec_ad/screw/test/thread_side/007.png,1.0,2.384185791015625e-07,31.923084259033203,31.923084259033203
screw,thread_side,1,/root/autodl-tmp/research-experiments/industrial-anomaly-detection/data/mvtec_ad/screw/test/thread_side/008.png,1.0,2.384185791015625e-07,31.98419189453125,31.98419189453125
screw,thread_side,1,/root/autodl-tmp/research-experiments/industrial-anomaly-detection/data/mvtec_ad/screw/test/thread_side/009.png,1.0,4.76837158203125e-07,31.959325790405273,31.959327697753906
screw,thread_side,1,/root/autodl-tmp/research-experiments/industrial-anomaly-detection/data/mvtec_ad/screw/test/thread_side/010.png,1.0,4.76837158203125e-07,31.975889205932617,31.975889205932617
screw,thread_side,1,/root/autodl-tmp/research-experiments/industrial-anomaly-detection/data/mvtec_ad/screw/test/thread_side/011.png,1.0,2.384185791015625e-07,31.978046417236328,31.978046417236328
screw,thread_side,1,/root/autodl-tmp/research-experiments/industrial-anomaly-detection/data/mvtec_ad/screw/test/thread_side/012.png,1.0,4.76837158203125e-07,31.92536735534668,31.92536735534668
screw,thread_side,1,/root/autodl-tmp/research-experiments/industrial-anomaly-detection/data/mvtec_ad/screw/test/thread_side/013.png,1.0,4.76837158203125e-07,31.970306396484375,31.970306396484375
screw,thread_side,1,/root/autodl-tmp/research-experiments/industrial-anomaly-detection/data/mvtec_ad/screw/test/thread_side/014.png,1.0,4.76837158203125e-07,31.985782623291016,31.985782623291016
screw,thread_side,1,/root/autodl-tmp/research-experiments/industrial-anomaly-detection/data/mvtec_ad/screw/test/thread_side/015.png,1.0,4.76837158203125e-07,31.945711135864258,31.945711135864258
screw,thread_side,1,/root/autodl-tmp/research-experiments/industrial-anomaly-detection/data/mvtec_ad/screw/test/thread_side/016.png,1.0,2.384185791015625e-07,31.96519660949707,31.96519660949707
screw,thread_side,1,/root/autodl-tmp/research-experiments/industrial-anomaly-detection/data/mvtec_ad/screw/test/thread_side/017.png,1.0,4.76837158203125e-07,31.967214584350586,31.967214584350586
screw,thread_side,1,/root/autodl-tmp/research-experiments/industrial-anomaly-detection/data/mvtec_ad/screw/test/thread_side/018.png,1.0,2.384185791015625e-07,31.988712310791016,31.988712310791016
screw,thread_side,1,/root/autodl-tmp/research-experiments/industrial-anomaly-detection/data/mvtec_ad/screw/test/thread_side/019.png,1.0,1.1920928955078125e-07,31.98878288269043,31.98878288269043
screw,thread_side,1,/root/autodl-tmp/research-experiments/industrial-anomaly-detection/data/mvtec_ad/screw/test/thread_side/020.png,1.0,4.76837158203125e-07,31.94875717163086,31.94875717163086
screw,thread_side,1,/root/autodl-tmp/research-experiments/industrial-anomaly-detection/data/mvtec_ad/screw/test/thread_side/021.png,1.0,4.76837158203125e-07,31.95916748046875,31.95916748046875
screw,thread_side,1,/root/autodl-tmp/research-experiments/industrial-anomaly-detection/data/mvtec_ad/screw/test/thread_side/022.png,1.0,2.384185791015625e-07,31.93933868408203,31.93933868408203
screw,thread_side,2,/root/autodl-tmp/research-experiments/industrial-anomaly-detection/data/mvtec_ad/screw/test/thread_side/000.png,1.0,2.384185791015625e-07,31.986909866333008,31.986909866333008
screw,thread_side,2,/root/autodl-tmp/research-experiments/industrial-anomaly-detection/data/mvtec_ad/screw/test/thread_side/001.png,1.0,2.384185791015625e-07,31.94470977783203,31.94470977783203
screw,thread_side,2,/root/autodl-tmp/research-experiments/industrial-anomaly-detection/data/mvtec_ad/screw/test/thread_side/002.png,1.0,2.384185791015625e-07,31.950511932373047,31.950511932373047
screw,thread_side,2,/root/autodl-tmp/research-experiments/industrial-anomaly-detection/data/mvtec_ad/screw/test/thread_side/003.png,1.0,2.384185791015625e-07,31.98345184326172,31.98345184326172
screw,thread_side,2,/root/autodl-tmp/research-experiments/industrial-anomaly-detection/data/mvtec_ad/screw/test/thread_side/004.png,1.0,4.76837158203125e-07,31.937976837158203,31.937976837158203
screw,thread_side,2,/root/autodl-tmp/research-experiments/industrial-anomaly-detection/data/mvtec_ad/screw/test/thread_side/005.png,1.0,2.384185791015625e-07,31.98177146911621,31.98177146911621
screw,thread_side,2,/root/autodl-tmp/research-experiments/industrial-anomaly-detection/data/mvtec_ad/screw/test/thread_side/006.png,1.0,4.76837158203125e-07,31.959117889404297,31.959117889404297
screw,thread_side,2,/root/autodl-tmp/research-experiments/industrial-anomaly-detection/data/mvtec_ad/screw/test/thread_side/007.png,1.0,2.384185791015625e-07,31.923084259033203,31.923084259033203
screw,thread_side,2,/root/autodl-tmp/research-experiments/industrial-anomaly-detection/data/mvtec_ad/screw/test/thread_side/008.png,1.0,2.384185791015625e-07,31.98419189453125,31.98419189453125
screw,thread_side,2,/root/autodl-tmp/research-experiments/industrial-anomaly-detection/data/mvtec_ad/screw/test/thread_side/009.png,1.0,4.76837158203125e-07,31.959325790405273,31.959327697753906
screw,thread_side,2,/root/autodl-tmp/research-experiments/industrial-anomaly-detection/data/mvtec_ad/screw/test/thread_side/010.png,1.0,4.76837158203125e-07,31.975889205932617,31.975889205932617
screw,thread_side,2,/root/autodl-tmp/research-experiments/industrial-anomaly-detection/data/mvtec_ad/screw/test/thread_side/011.png,1.0,2.384185791015625e-07,31.978046417236328,31.978046417236328
screw,thread_side,2,/root/autodl-tmp/research-experiments/industrial-anomaly-detection/data/mvtec_ad/screw/test/thread_side/012.png,1.0,4.76837158203125e-07,31.92536735534668,31.92536735534668
screw,thread_side,2,/root/autodl-tmp/research-experiments/industrial-anomaly-detection/data/mvtec_ad/screw/test/thread_side/013.png,1.0,4.76837158203125e-07,31.970306396484375,31.970306396484375
screw,thread_side,2,/root/autodl-tmp/research-experiments/industrial-anomaly-detection/data/mvtec_ad/screw/test/thread_side/014.png,1.0,4.76837158203125e-07,31.985782623291016,31.985782623291016
screw,thread_side,2,/root/autodl-tmp/research-experiments/industrial-anomaly-detection/data/mvtec_ad/screw/test/thread_side/015.png,1.0,4.76837158203125e-07,31.945711135864258,31.945711135864258
screw,thread_side,2,/root/autodl-tmp/research-experiments/industrial-anomaly-detection/data/mvtec_ad/screw/test/thread_side/016.png,1.0,2.384185791015625e-07,31.96519660949707,31.96519660949707
screw,thread_side,2,/root/autodl-tmp/research-experiments/industrial-anomaly-detection/data/mvtec_ad/screw/test/thread_side/017.png,1.0,4.76837158203125e-07,31.967214584350586,31.967214584350586
screw,thread_side,2,/root/autodl-tmp/research-experiments/industrial-anomaly-detection/data/mvtec_ad/screw/test/thread_side/018.png,1.0,2.384185791015625e-07,31.988712310791016,31.988712310791016
screw,thread_side,2,/root/autodl-tmp/research-experiments/industrial-anomaly-detection/data/mvtec_ad/screw/test/thread_side/019.png,1.0,1.1920928955078125e-07,31.98878288269043,31.98878288269043
screw,thread_side,2,/root/autodl-tmp/research-experiments/industrial-anomaly-detection/data/mvtec_ad/screw/test/thread_side/020.png,1.0,4.76837158203125e-07,31.94875717163086,31.94875717163086
screw,thread_side,2,/root/autodl-tmp/research-experiments/industrial-anomaly-detection/data/mvtec_ad/screw/test/thread_side/021.png,1.0,4.76837158203125e-07,31.95916748046875,31.95916748046875
screw,thread_side,2,/root/autodl-tmp/research-experiments/industrial-anomaly-detection/data/mvtec_ad/screw/test/thread_side/022.png,1.0,2.384185791015625e-07,31.93933868408203,31.93933868408203
screw,thread_top,0,/root/autodl-tmp/research-experiments/industrial-anomaly-detection/data/mvtec_ad/screw/test/thread_top/000.png,1.0,2.384185791015625e-07,31.947607040405273,31.947607040405273
screw,thread_top,0,/root/autodl-tmp/research-experiments/industrial-anomaly-detection/data/mvtec_ad/screw/test/thread_top/001.png,1.0,4.76837158203125e-07,31.962160110473633,31.962160110473633
screw,thread_top,0,/root/autodl-tmp/research-experiments/industrial-anomaly-detection/data/mvtec_ad/screw/test/thread_top/002.png,1.0,2.384185791015625e-07,31.939620971679688,31.939620971679688
screw,thread_top,0,/root/autodl-tmp/research-experiments/industrial-anomaly-detection/data/mvtec_ad/screw/test/thread_top/003.png,1.0,2.384185791015625e-07,31.973684310913086,31.973684310913086
screw,thread_top,0,/root/autodl-tmp/research-experiments/industrial-anomaly-detection/data/mvtec_ad/screw/test/thread_top/004.png,1.0,2.384185791015625e-07,31.967082977294922,31.967082977294922
screw,thread_top,0,/root/autodl-tmp/research-experiments/industrial-anomaly-detection/data/mvtec_ad/screw/test/thread_top/005.png,1.0,4.76837158203125e-07,31.92723274230957,31.92723274230957
screw,thread_top,0,/root/autodl-tmp/research-experiments/industrial-anomaly-detection/data/mvtec_ad/screw/test/thread_top/006.png,1.0,2.384185791015625e-07,31.969026565551758,31.969026565551758
screw,thread_top,0,/root/autodl-tmp/research-experiments/industrial-anomaly-detection/data/mvtec_ad/screw/test/thread_top/007.png,1.0,4.76837158203125e-07,31.947113037109375,31.947113037109375
screw,thread_top,0,/root/autodl-tmp/research-experiments/industrial-anomaly-detection/data/mvtec_ad/screw/test/thread_top/008.png,1.0,2.384185791015625e-07,31.953128814697266,31.953128814697266
screw,thread_top,0,/root/autodl-tmp/research-experiments/industrial-anomaly-detection/data/mvtec_ad/screw/test/thread_top/009.png,1.0,2.384185791015625e-07,31.963594436645508,31.963594436645508
screw,thread_top,0,/root/autodl-tmp/research-experiments/industrial-anomaly-detection/data/mvtec_ad/screw/test/thread_top/010.png,1.0,4.76837158203125e-07,31.97683334350586,31.97683334350586
screw,thread_top,0,/root/autodl-tmp/research-experiments/industrial-anomaly-detection/data/mvtec_ad/screw/test/thread_top/011.png,1.0,4.76837158203125e-07,31.9586238861084,31.9586238861084
screw,thread_top,0,/root/autodl-tmp/research-experiments/industrial-anomaly-detection/data/mvtec_ad/screw/test/thread_top/012.png,1.0,2.384185791015625e-07,31.9771671295166,31.9771671295166
screw,thread_top,0,/root/autodl-tmp/research-experiments/industrial-anomaly-detection/data/mvtec_ad/screw/test/thread_top/013.png,1.0,2.384185791015625e-07,31.955568313598633,31.955568313598633
screw,thread_top,0,/root/autodl-tmp/research-experiments/industrial-anomaly-detection/data/mvtec_ad/screw/test/thread_top/014.png,1.0,2.384185791015625e-07,31.94765281677246,31.94765281677246
screw,thread_top,0,/root/autodl-tmp/research-experiments/industrial-anomaly-detection/data/mvtec_ad/screw/test/thread_top/015.png,1.0,2.384185791015625e-07,31.97825813293457,31.97825813293457
screw,thread_top,0,/root/autodl-tmp/research-experiments/industrial-anomaly-detection/data/mvtec_ad/screw/test/thread_top/016.png,1.0,4.76837158203125e-07,31.97062110900879,31.97062110900879
screw,thread_top,0,/root/autodl-tmp/research-experiments/industrial-anomaly-detection/data/mvtec_ad/screw/test/thread_top/017.png,1.0,2.384185791015625e-07,31.979103088378906,31.979103088378906
screw,thread_top,0,/root/autodl-tmp/research-experiments/industrial-anomaly-detection/data/mvtec_ad/screw/test/thread_top/018.png,1.0,4.76837158203125e-07,31.930368423461914,31.930368423461914
screw,thread_top,0,/root/autodl-tmp/research-experiments/industrial-anomaly-detection/data/mvtec_ad/screw/test/thread_top/019.png,1.0,2.384185791015625e-07,31.950597763061523,31.950597763061523
screw,thread_top,0,/root/autodl-tmp/research-experiments/industrial-anomaly-detection/data/mvtec_ad/screw/test/thread_top/020.png,1.0,2.384185791015625e-07,31.969594955444336,31.969594955444336
screw,thread_top,0,/root/autodl-tmp/research-experiments/industrial-anomaly-detection/data/mvtec_ad/screw/test/thread_top/021.png,1.0,4.76837158203125e-07,31.969703674316406,31.969703674316406
screw,thread_top,0,/root/autodl-tmp/research-experiments/industrial-anomaly-detection/data/mvtec_ad/screw/test/thread_top/022.png,1.0,2.384185791015625e-07,31.97501564025879,31.97501564025879
screw,thread_top,1,/root/autodl-tmp/research-experiments/industrial-anomaly-detection/data/mvtec_ad/screw/test/thread_top/000.png,1.0,2.384185791015625e-07,31.947607040405273,31.947607040405273
screw,thread_top,1,/root/autodl-tmp/research-experiments/industrial-anomaly-detection/data/mvtec_ad/screw/test/thread_top/001.png,1.0,4.76837158203125e-07,31.962160110473633,31.962160110473633
screw,thread_top,1,/root/autodl-tmp/research-experiments/industrial-anomaly-detection/data/mvtec_ad/screw/test/thread_top/002.png,1.0,2.384185791015625e-07,31.939620971679688,31.939620971679688
screw,thread_top,1,/root/autodl-tmp/research-experiments/industrial-anomaly-detection/data/mvtec_ad/screw/test/thread_top/003.png,1.0,2.384185791015625e-07,31.973684310913086,31.973684310913086
screw,thread_top,1,/root/autodl-tmp/research-experiments/industrial-anomaly-detection/data/mvtec_ad/screw/test/thread_top/004.png,1.0,2.384185791015625e-07,31.967082977294922,31.967082977294922
screw,thread_top,1,/root/autodl-tmp/research-experiments/industrial-anomaly-detection/data/mvtec_ad/screw/test/thread_top/005.png,1.0,4.76837158203125e-07,31.92723274230957,31.92723274230957
screw,thread_top,1,/root/autodl-tmp/research-experiments/industrial-anomaly-detection/data/mvtec_ad/screw/test/thread_top/006.png,1.0,2.384185791015625e-07,31.969026565551758,31.969026565551758
screw,thread_top,1,/root/autodl-tmp/research-experiments/industrial-anomaly-detection/data/mvtec_ad/screw/test/thread_top/007.png,1.0,4.76837158203125e-07,31.947113037109375,31.947113037109375
screw,thread_top,1,/root/autodl-tmp/research-experiments/industrial-anomaly-detection/data/mvtec_ad/screw/test/thread_top/008.png,1.0,2.384185791015625e-07,31.953128814697266,31.953128814697266
screw,thread_top,1,/root/autodl-tmp/research-experiments/industrial-anomaly-detection/data/mvtec_ad/screw/test/thread_top/009.png,1.0,2.384185791015625e-07,31.963594436645508,31.963594436645508
screw,thread_top,1,/root/autodl-tmp/research-experiments/industrial-anomaly-detection/data/mvtec_ad/screw/test/thread_top/010.png,1.0,4.76837158203125e-07,31.97683334350586,31.97683334350586
screw,thread_top,1,/root/autodl-tmp/research-experiments/industrial-anomaly-detection/data/mvtec_ad/screw/test/thread_top/011.png,1.0,4.76837158203125e-07,31.9586238861084,31.9586238861084
screw,thread_top,1,/root/autodl-tmp/research-experiments/industrial-anomaly-detection/data/mvtec_ad/screw/test/thread_top/012.png,1.0,2.384185791015625e-07,31.9771671295166,31.9771671295166
screw,thread_top,1,/root/autodl-tmp/research-experiments/industrial-anomaly-detection/data/mvtec_ad/screw/test/thread_top/013.png,1.0,2.384185791015625e-07,31.955568313598633,31.955568313598633
screw,thread_top,1,/root/autodl-tmp/research-experiments/industrial-anomaly-detection/data/mvtec_ad/screw/test/thread_top/014.png,1.0,2.384185791015625e-07,31.94765281677246,31.94765281677246
screw,thread_top,1,/root/autodl-tmp/research-experiments/industrial-anomaly-detection/data/mvtec_ad/screw/test/thread_top/015.png,1.0,2.384185791015625e-07,31.97825813293457,31.97825813293457
screw,thread_top,1,/root/autodl-tmp/research-experiments/industrial-anomaly-detection/data/mvtec_ad/screw/test/thread_top/016.png,1.0,4.76837158203125e-07,31.97062110900879,31.97062110900879
screw,thread_top,1,/root/autodl-tmp/research-experiments/industrial-anomaly-detection/data/mvtec_ad/screw/test/thread_top/017.png,1.0,2.384185791015625e-07,31.979103088378906,31.979103088378906
screw,thread_top,1,/root/autodl-tmp/research-experiments/industrial-anomaly-detection/data/mvtec_ad/screw/test/thread_top/018.png,1.0,4.76837158203125e-07,31.930368423461914,31.930368423461914
screw,thread_top,1,/root/autodl-tmp/research-experiments/industrial-anomaly-detection/data/mvtec_ad/screw/test/thread_top/019.png,1.0,2.384185791015625e-07,31.950597763061523,31.950597763061523
screw,thread_top,1,/root/autodl-tmp/research-experiments/industrial-anomaly-detection/data/mvtec_ad/screw/test/thread_top/020.png,1.0,2.384185791015625e-07,31.969594955444336,31.969594955444336
screw,thread_top,1,/root/autodl-tmp/research-experiments/industrial-anomaly-detection/data/mvtec_ad/screw/test/thread_top/021.png,1.0,4.76837158203125e-07,31.969703674316406,31.969703674316406
screw,thread_top,1,/root/autodl-tmp/research-experiments/industrial-anomaly-detection/data/mvtec_ad/screw/test/thread_top/022.png,1.0,2.384185791015625e-07,31.97501564025879,31.97501564025879
screw,thread_top,2,/root/autodl-tmp/research-experiments/industrial-anomaly-detection/data/mvtec_ad/screw/test/thread_top/000.png,1.0,2.384185791015625e-07,31.947607040405273,31.947607040405273
screw,thread_top,2,/root/autodl-tmp/research-experiments/industrial-anomaly-detection/data/mvtec_ad/screw/test/thread_top/001.png,1.0,4.76837158203125e-07,31.962160110473633,31.962160110473633
screw,thread_top,2,/root/autodl-tmp/research-experiments/industrial-anomaly-detection/data/mvtec_ad/screw/test/thread_top/002.png,1.0,2.384185791015625e-07,31.939620971679688,31.939620971679688
screw,thread_top,2,/root/autodl-tmp/research-experiments/industrial-anomaly-detection/data/mvtec_ad/screw/test/thread_top/003.png,1.0,2.384185791015625e-07,31.973684310913086,31.973684310913086
screw,thread_top,2,/root/autodl-tmp/research-experiments/industrial-anomaly-detection/data/mvtec_ad/screw/test/thread_top/004.png,1.0,2.384185791015625e-07,31.967082977294922,31.967082977294922
screw,thread_top,2,/root/autodl-tmp/research-experiments/industrial-anomaly-detection/data/mvtec_ad/screw/test/thread_top/005.png,1.0,4.76837158203125e-07,31.92723274230957,31.92723274230957
screw,thread_top,2,/root/autodl-tmp/research-experiments/industrial-anomaly-detection/data/mvtec_ad/screw/test/thread_top/006.png,1.0,2.384185791015625e-07,31.969026565551758,31.969026565551758
screw,thread_top,2,/root/autodl-tmp/research-experiments/industrial-anomaly-detection/data/mvtec_ad/screw/test/thread_top/007.png,1.0,4.76837158203125e-07,31.947113037109375,31.947113037109375
screw,thread_top,2,/root/autodl-tmp/research-experiments/industrial-anomaly-detection/data/mvtec_ad/screw/test/thread_top/008.png,1.0,2.384185791015625e-07,31.953128814697266,31.953128814697266
screw,thread_top,2,/root/autodl-tmp/research-experiments/industrial-anomaly-detection/data/mvtec_ad/screw/test/thread_top/009.png,1.0,2.384185791015625e-07,31.963594436645508,31.963594436645508
screw,thread_top,2,/root/autodl-tmp/research-experiments/industrial-anomaly-detection/data/mvtec_ad/screw/test/thread_top/010.png,1.0,4.76837158203125e-07,31.97683334350586,31.97683334350586
screw,thread_top,2,/root/autodl-tmp/research-experiments/industrial-anomaly-detection/data/mvtec_ad/screw/test/thread_top/011.png,1.0,4.76837158203125e-07,31.9586238861084,31.9586238861084
screw,thread_top,2,/root/autodl-tmp/research-experiments/industrial-anomaly-detection/data/mvtec_ad/screw/test/thread_top/012.png,1.0,2.384185791015625e-07,31.9771671295166,31.9771671295166
screw,thread_top,2,/root/autodl-tmp/research-experiments/industrial-anomaly-detection/data/mvtec_ad/screw/test/thread_top/013.png,1.0,2.384185791015625e-07,31.955568313598633,31.955568313598633
screw,thread_top,2,/root/autodl-tmp/research-experiments/industrial-anomaly-detection/data/mvtec_ad/screw/test/thread_top/014.png,1.0,2.384185791015625e-07,31.94765281677246,31.94765281677246
screw,thread_top,2,/root/autodl-tmp/research-experiments/industrial-anomaly-detection/data/mvtec_ad/screw/test/thread_top/015.png,1.0,2.384185791015625e-07,31.97825813293457,31.97825813293457
screw,thread_top,2,/root/autodl-tmp/research-experiments/industrial-anomaly-detection/data/mvtec_ad/screw/test/thread_top/016.png,1.0,4.76837158203125e-07,31.97062110900879,31.97062110900879
screw,thread_top,2,/root/autodl-tmp/research-experiments/industrial-anomaly-detection/data/mvtec_ad/screw/test/thread_top/017.png,1.0,2.384185791015625e-07,31.979103088378906,31.979103088378906
screw,thread_top,2,/root/autodl-tmp/research-experiments/industrial-anomaly-detection/data/mvtec_ad/screw/test/thread_top/018.png,1.0,4.76837158203125e-07,31.930368423461914,31.930368423461914
screw,thread_top,2,/root/autodl-tmp/research-experiments/industrial-anomaly-detection/data/mvtec_ad/screw/test/thread_top/019.png,1.0,2.384185791015625e-07,31.950597763061523,31.950597763061523
screw,thread_top,2,/root/autodl-tmp/research-experiments/industrial-anomaly-detection/data/mvtec_ad/screw/test/thread_top/020.png,1.0,2.384185791015625e-07,31.969594955444336,31.969594955444336
screw,thread_top,2,/root/autodl-tmp/research-experiments/industrial-anomaly-detection/data/mvtec_ad/screw/test/thread_top/021.png,1.0,4.76837158203125e-07,31.969703674316406,31.969703674316406
screw,thread_top,2,/root/autodl-tmp/research-experiments/industrial-anomaly-detection/data/mvtec_ad/screw/test/thread_top/022.png,1.0,2.384185791015625e-07,31.97501564025879,31.97501564025879
grid,glue,0,/root/autodl-tmp/research-experiments/industrial-anomaly-detection/data/mvtec_ad/grid/test/glue/000.png,1.0,4.76837158203125e-07,29.171077728271484,29.171077728271484
grid,glue,0,/root/autodl-tmp/research-experiments/industrial-anomaly-detection/data/mvtec_ad/grid/test/glue/001.png,1.0,4.76837158203125e-07,28.73870277404785,28.73870277404785
grid,glue,0,/root/autodl-tmp/research-experiments/industrial-anomaly-detection/data/mvtec_ad/grid/test/glue/002.png,1.0,9.5367431640625e-07,29.550899505615234,29.550899505615234
grid,glue,0,/root/autodl-tmp/research-experiments/industrial-anomaly-detection/data/mvtec_ad/grid/test/glue/003.png,1.0,4.76837158203125e-07,29.293176651000977,29.293176651000977
grid,glue,0,/root/autodl-tmp/research-experiments/industrial-anomaly-detection/data/mvtec_ad/grid/test/glue/004.png,1.0,9.5367431640625e-07,29.004179000854492,29.004179000854492
grid,glue,0,/root/autodl-tmp/research-experiments/industrial-anomaly-detection/data/mvtec_ad/grid/test/glue/005.png,1.0,4.76837158203125e-07,29.217939376831055,29.217939376831055
grid,glue,0,/root/autodl-tmp/research-experiments/industrial-anomaly-detection/data/mvtec_ad/grid/test/glue/006.png,1.0,4.76837158203125e-07,28.87421989440918,28.87421989440918
grid,glue,0,/root/autodl-tmp/research-experiments/industrial-anomaly-detection/data/mvtec_ad/grid/test/glue/007.png,1.0,4.76837158203125e-07,28.587894439697266,28.5878963470459
grid,glue,0,/root/autodl-tmp/research-experiments/industrial-anomaly-detection/data/mvtec_ad/grid/test/glue/008.png,1.0,4.76837158203125e-07,29.291065216064453,29.291065216064453
grid,glue,0,/root/autodl-tmp/research-experiments/industrial-anomaly-detection/data/mvtec_ad/grid/test/glue/009.png,1.0,9.5367431640625e-07,29.344051361083984,29.344051361083984
grid,glue,0,/root/autodl-tmp/research-experiments/industrial-anomaly-detection/data/mvtec_ad/grid/test/glue/010.png,1.0,4.76837158203125e-07,29.820783615112305,29.820783615112305
grid,glue,1,/root/autodl-tmp/research-experiments/industrial-anomaly-detection/data/mvtec_ad/grid/test/glue/000.png,1.0,4.76837158203125e-07,29.171077728271484,29.171077728271484
grid,glue,1,/root/autodl-tmp/research-experiments/industrial-anomaly-detection/data/mvtec_ad/grid/test/glue/001.png,1.0,4.76837158203125e-07,28.73870277404785,28.73870277404785
grid,glue,1,/root/autodl-tmp/research-experiments/industrial-anomaly-detection/data/mvtec_ad/grid/test/glue/002.png,1.0,9.5367431640625e-07,29.550899505615234,29.550899505615234
grid,glue,1,/root/autodl-tmp/research-experiments/industrial-anomaly-detection/data/mvtec_ad/grid/test/glue/003.png,1.0,4.76837158203125e-07,29.293176651000977,29.293176651000977
grid,glue,1,/root/autodl-tmp/research-experiments/industrial-anomaly-detection/data/mvtec_ad/grid/test/glue/004.png,1.0,9.5367431640625e-07,29.004179000854492,29.004179000854492
grid,glue,1,/root/autodl-tmp/research-experiments/industrial-anomaly-detection/data/mvtec_ad/grid/test/glue/005.png,1.0,4.76837158203125e-07,29.217939376831055,29.217939376831055
grid,glue,1,/root/autodl-tmp/research-experiments/industrial-anomaly-detection/data/mvtec_ad/grid/test/glue/006.png,1.0,4.76837158203125e-07,28.87421989440918,28.87421989440918
grid,glue,1,/root/autodl-tmp/research-experiments/industrial-anomaly-detection/data/mvtec_ad/grid/test/glue/007.png,1.0,4.76837158203125e-07,28.587894439697266,28.5878963470459
grid,glue,1,/root/autodl-tmp/research-experiments/industrial-anomaly-detection/data/mvtec_ad/grid/test/glue/008.png,1.0,4.76837158203125e-07,29.291065216064453,29.291065216064453
grid,glue,1,/root/autodl-tmp/research-experiments/industrial-anomaly-detection/data/mvtec_ad/grid/test/glue/009.png,1.0,9.5367431640625e-07,29.344051361083984,29.344051361083984
grid,glue,1,/root/autodl-tmp/research-experiments/industrial-anomaly-detection/data/mvtec_ad/grid/test/glue/010.png,1.0,4.76837158203125e-07,29.820783615112305,29.820783615112305
grid,glue,2,/root/autodl-tmp/research-experiments/industrial-anomaly-detection/data/mvtec_ad/grid/test/glue/000.png,1.0,4.76837158203125e-07,29.171077728271484,29.171077728271484
grid,glue,2,/root/autodl-tmp/research-experiments/industrial-anomaly-detection/data/mvtec_ad/grid/test/glue/001.png,1.0,4.76837158203125e-07,28.73870277404785,28.73870277404785
grid,glue,2,/root/autodl-tmp/research-experiments/industrial-anomaly-detection/data/mvtec_ad/grid/test/glue/002.png,1.0,9.5367431640625e-07,29.550899505615234,29.550899505615234
grid,glue,2,/root/autodl-tmp/research-experiments/industrial-anomaly-detection/data/mvtec_ad/grid/test/glue/003.png,1.0,4.76837158203125e-07,29.293176651000977,29.293176651000977
grid,glue,2,/root/autodl-tmp/research-experiments/industrial-anomaly-detection/data/mvtec_ad/grid/test/glue/004.png,1.0,9.5367431640625e-07,29.004179000854492,29.004179000854492
grid,glue,2,/root/autodl-tmp/research-experiments/industrial-anomaly-detection/data/mvtec_ad/grid/test/glue/005.png,1.0,4.76837158203125e-07,29.217939376831055,29.217939376831055
grid,glue,2,/root/autodl-tmp/research-experiments/industrial-anomaly-detection/data/mvtec_ad/grid/test/glue/006.png,1.0,4.76837158203125e-07,28.87421989440918,28.87421989440918
grid,glue,2,/root/autodl-tmp/research-experiments/industrial-anomaly-detection/data/mvtec_ad/grid/test/glue/007.png,1.0,4.76837158203125e-07,28.587894439697266,28.5878963470459
grid,glue,2,/root/autodl-tmp/research-experiments/industrial-anomaly-detection/data/mvtec_ad/grid/test/glue/008.png,1.0,4.76837158203125e-07,29.291065216064453,29.291065216064453
grid,glue,2,/root/autodl-tmp/research-experiments/industrial-anomaly-detection/data/mvtec_ad/grid/test/glue/009.png,1.0,9.5367431640625e-07,29.344051361083984,29.344051361083984
grid,glue,2,/root/autodl-tmp/research-experiments/industrial-anomaly-detection/data/mvtec_ad/grid/test/glue/010.png,1.0,4.76837158203125e-07,29.820783615112305,29.820783615112305
grid,metal_contamination,0,/root/autodl-tmp/research-experiments/industrial-anomaly-detection/data/mvtec_ad/grid/test/metal_contamination/000.png,1.0,4.76837158203125e-07,29.75941276550293,29.75941276550293
grid,metal_contamination,0,/root/autodl-tmp/research-experiments/industrial-anomaly-detection/data/mvtec_ad/grid/test/metal_contamination/001.png,1.0,4.76837158203125e-07,30.521944046020508,30.521944046020508
grid,metal_contamination,0,/root/autodl-tmp/research-experiments/industrial-anomaly-detection/data/mvtec_ad/grid/test/metal_contamination/002.png,1.0,4.76837158203125e-07,30.63675308227539,30.63675308227539
grid,metal_contamination,0,/root/autodl-tmp/research-experiments/industrial-anomaly-detection/data/mvtec_ad/grid/test/metal_contamination/003.png,1.0,4.76837158203125e-07,30.128528594970703,30.128528594970703
grid,metal_contamination,0,/root/autodl-tmp/research-experiments/industrial-anomaly-detection/data/mvtec_ad/grid/test/metal_contamination/004.png,1.0,4.76837158203125e-07,30.259262084960938,30.259262084960938
grid,metal_contamination,0,/root/autodl-tmp/research-experiments/industrial-anomaly-detection/data/mvtec_ad/grid/test/metal_contamination/005.png,1.0,4.76837158203125e-07,29.996084213256836,29.996084213256836
grid,metal_contamination,0,/root/autodl-tmp/research-experiments/industrial-anomaly-detection/data/mvtec_ad/grid/test/metal_contamination/006.png,1.0,9.5367431640625e-07,29.642221450805664,29.642221450805664
grid,metal_contamination,0,/root/autodl-tmp/research-experiments/industrial-anomaly-detection/data/mvtec_ad/grid/test/metal_contamination/007.png,1.0,4.76837158203125e-07,29.235139846801758,29.235139846801758
grid,metal_contamination,0,/root/autodl-tmp/research-experiments/industrial-anomaly-detection/data/mvtec_ad/grid/test/metal_contamination/008.png,1.0,4.76837158203125e-07,29.69775390625,29.69775390625
grid,metal_contamination,0,/root/autodl-tmp/research-experiments/industrial-anomaly-detection/data/mvtec_ad/grid/test/metal_contamination/009.png,1.0,4.76837158203125e-07,29.25370979309082,29.25370979309082
grid,metal_contamination,0,/root/autodl-tmp/research-experiments/industrial-anomaly-detection/data/mvtec_ad/grid/test/metal_contamination/010.png,1.0,4.76837158203125e-07,29.132375717163086,29.132375717163086
grid,metal_contamination,1,/root/autodl-tmp/research-experiments/industrial-anomaly-detection/data/mvtec_ad/grid/test/metal_contamination/000.png,1.0,4.76837158203125e-07,29.75941276550293,29.75941276550293
grid,metal_contamination,1,/root/autodl-tmp/research-experiments/industrial-anomaly-detection/data/mvtec_ad/grid/test/metal_contamination/001.png,1.0,4.76837158203125e-07,30.521944046020508,30.521944046020508
grid,metal_contamination,1,/root/autodl-tmp/research-experiments/industrial-anomaly-detection/data/mvtec_ad/grid/test/metal_contamination/002.png,1.0,4.76837158203125e-07,30.63675308227539,30.63675308227539
grid,metal_contamination,1,/root/autodl-tmp/research-experiments/industrial-anomaly-detection/data/mvtec_ad/grid/test/metal_contamination/003.png,1.0,4.76837158203125e-07,30.128528594970703,30.128528594970703
grid,metal_contamination,1,/root/autodl-tmp/research-experiments/industrial-anomaly-detection/data/mvtec_ad/grid/test/metal_contamination/004.png,1.0,4.76837158203125e-07,30.259262084960938,30.259262084960938
grid,metal_contamination,1,/root/autodl-tmp/research-experiments/industrial-anomaly-detection/data/mvtec_ad/grid/test/metal_contamination/005.png,1.0,4.76837158203125e-07,29.996084213256836,29.996084213256836
grid,metal_contamination,1,/root/autodl-tmp/research-experiments/industrial-anomaly-detection/data/mvtec_ad/grid/test/metal_contamination/006.png,1.0,9.5367431640625e-07,29.642221450805664,29.642221450805664
grid,metal_contamination,1,/root/autodl-tmp/research-experiments/industrial-anomaly-detection/data/mvtec_ad/grid/test/metal_contamination/007.png,1.0,4.76837158203125e-07,29.235139846801758,29.235139846801758
grid,metal_contamination,1,/root/autodl-tmp/research-experiments/industrial-anomaly-detection/data/mvtec_ad/grid/test/metal_contamination/008.png,1.0,4.76837158203125e-07,29.69775390625,29.69775390625
grid,metal_contamination,1,/root/autodl-tmp/research-experiments/industrial-anomaly-detection/data/mvtec_ad/grid/test/metal_contamination/009.png,1.0,4.76837158203125e-07,29.25370979309082,29.25370979309082
grid,metal_contamination,1,/root/autodl-tmp/research-experiments/industrial-anomaly-detection/data/mvtec_ad/grid/test/metal_contamination/010.png,1.0,4.76837158203125e-07,29.132375717163086,29.132375717163086
grid,metal_contamination,2,/root/autodl-tmp/research-experiments/industrial-anomaly-detection/data/mvtec_ad/grid/test/metal_contamination/000.png,1.0,4.76837158203125e-07,29.75941276550293,29.75941276550293
grid,metal_contamination,2,/root/autodl-tmp/research-experiments/industrial-anomaly-detection/data/mvtec_ad/grid/test/metal_contamination/001.png,1.0,4.76837158203125e-07,30.521944046020508,30.521944046020508
grid,metal_contamination,2,/root/autodl-tmp/research-experiments/industrial-anomaly-detection/data/mvtec_ad/grid/test/metal_contamination/002.png,1.0,4.76837158203125e-07,30.63675308227539,30.63675308227539
grid,metal_contamination,2,/root/autodl-tmp/research-experiments/industrial-anomaly-detection/data/mvtec_ad/grid/test/metal_contamination/003.png,1.0,4.76837158203125e-07,30.128528594970703,30.128528594970703
grid,metal_contamination,2,/root/autodl-tmp/research-experiments/industrial-anomaly-detection/data/mvtec_ad/grid/test/metal_contamination/004.png,1.0,4.76837158203125e-07,30.259262084960938,30.259262084960938
grid,metal_contamination,2,/root/autodl-tmp/research-experiments/industrial-anomaly-detection/data/mvtec_ad/grid/test/metal_contamination/005.png,1.0,4.76837158203125e-07,29.996084213256836,29.996084213256836
grid,metal_contamination,2,/root/autodl-tmp/research-experiments/industrial-anomaly-detection/data/mvtec_ad/grid/test/metal_contamination/006.png,1.0,9.5367431640625e-07,29.642221450805664,29.642221450805664
grid,metal_contamination,2,/root/autodl-tmp/research-experiments/industrial-anomaly-detection/data/mvtec_ad/grid/test/metal_contamination/007.png,1.0,4.76837158203125e-07,29.235139846801758,29.235139846801758
grid,metal_contamination,2,/root/autodl-tmp/research-experiments/industrial-anomaly-detection/data/mvtec_ad/grid/test/metal_contamination/008.png,1.0,4.76837158203125e-07,29.69775390625,29.69775390625
grid,metal_contamination,2,/root/autodl-tmp/research-experiments/industrial-anomaly-detection/data/mvtec_ad/grid/test/metal_contamination/009.png,1.0,4.76837158203125e-07,29.25370979309082,29.25370979309082
grid,metal_contamination,2,/root/autodl-tmp/research-experiments/industrial-anomaly-detection/data/mvtec_ad/grid/test/metal_contamination/010.png,1.0,4.76837158203125e-07,29.132375717163086,29.132375717163086
grid,thread,0,/root/autodl-tmp/research-experiments/industrial-anomaly-detection/data/mvtec_ad/grid/test/thread/000.png,1.0,9.5367431640625e-07,29.136381149291992,29.136381149291992
grid,thread,0,/root/autodl-tmp/research-experiments/industrial-anomaly-detection/data/mvtec_ad/grid/test/thread/001.png,1.0,9.5367431640625e-07,30.314523696899414,30.314523696899414
grid,thread,0,/root/autodl-tmp/research-experiments/industrial-anomaly-detection/data/mvtec_ad/grid/test/thread/002.png,1.0,4.76837158203125e-07,29.405040740966797,29.405040740966797
grid,thread,0,/root/autodl-tmp/research-experiments/industrial-anomaly-detection/data/mvtec_ad/grid/test/thread/003.png,1.0,4.76837158203125e-07,29.455652236938477,29.455652236938477
grid,thread,0,/root/autodl-tmp/research-experiments/industrial-anomaly-detection/data/mvtec_ad/grid/test/thread/004.png,1.0,4.76837158203125e-07,29.577783584594727,29.577783584594727
grid,thread,0,/root/autodl-tmp/research-experiments/industrial-anomaly-detection/data/mvtec_ad/grid/test/thread/005.png,1.0,4.76837158203125e-07,30.830791473388672,30.830791473388672
grid,thread,0,/root/autodl-tmp/research-experiments/industrial-anomaly-detection/data/mvtec_ad/grid/test/thread/006.png,1.0,4.76837158203125e-07,29.65067481994629,29.65067481994629
grid,thread,0,/root/autodl-tmp/research-experiments/industrial-anomaly-detection/data/mvtec_ad/grid/test/thread/007.png,1.0,4.76837158203125e-07,29.325923919677734,29.325923919677734
grid,thread,0,/root/autodl-tmp/research-experiments/industrial-anomaly-detection/data/mvtec_ad/grid/test/thread/008.png,1.0,4.76837158203125e-07,29.546714782714844,29.546714782714844
grid,thread,0,/root/autodl-tmp/research-experiments/industrial-anomaly-detection/data/mvtec_ad/grid/test/thread/009.png,1.0,9.5367431640625e-07,29.742650985717773,29.742650985717773
grid,thread,0,/root/autodl-tmp/research-experiments/industrial-anomaly-detection/data/mvtec_ad/grid/test/thread/010.png,1.0,4.76837158203125e-07,30.22433090209961,30.22433090209961
grid,thread,1,/root/autodl-tmp/research-experiments/industrial-anomaly-detection/data/mvtec_ad/grid/test/thread/000.png,1.0,9.5367431640625e-07,29.136381149291992,29.136381149291992
grid,thread,1,/root/autodl-tmp/research-experiments/industrial-anomaly-detection/data/mvtec_ad/grid/test/thread/001.png,1.0,9.5367431640625e-07,30.314523696899414,30.314523696899414
grid,thread,1,/root/autodl-tmp/research-experiments/industrial-anomaly-detection/data/mvtec_ad/grid/test/thread/002.png,1.0,4.76837158203125e-07,29.405040740966797,29.405040740966797
grid,thread,1,/root/autodl-tmp/research-experiments/industrial-anomaly-detection/data/mvtec_ad/grid/test/thread/003.png,1.0,4.76837158203125e-07,29.455652236938477,29.455652236938477
grid,thread,1,/root/autodl-tmp/research-experiments/industrial-anomaly-detection/data/mvtec_ad/grid/test/thread/004.png,1.0,4.76837158203125e-07,29.577783584594727,29.577783584594727
grid,thread,1,/root/autodl-tmp/research-experiments/industrial-anomaly-detection/data/mvtec_ad/grid/test/thread/005.png,1.0,4.76837158203125e-07,30.830791473388672,30.830791473388672
grid,thread,1,/root/autodl-tmp/research-experiments/industrial-anomaly-detection/data/mvtec_ad/grid/test/thread/006.png,1.0,4.76837158203125e-07,29.65067481994629,29.65067481994629
grid,thread,1,/root/autodl-tmp/research-experiments/industrial-anomaly-detection/data/mvtec_ad/grid/test/thread/007.png,1.0,4.76837158203125e-07,29.325923919677734,29.325923919677734
grid,thread,1,/root/autodl-tmp/research-experiments/industrial-anomaly-detection/data/mvtec_ad/grid/test/thread/008.png,1.0,4.76837158203125e-07,29.546714782714844,29.546714782714844
grid,thread,1,/root/autodl-tmp/research-experiments/industrial-anomaly-detection/data/mvtec_ad/grid/test/thread/009.png,1.0,9.5367431640625e-07,29.742650985717773,29.742650985717773
grid,thread,1,/root/autodl-tmp/research-experiments/industrial-anomaly-detection/data/mvtec_ad/grid/test/thread/010.png,1.0,4.76837158203125e-07,30.22433090209961,30.22433090209961
grid,thread,2,/root/autodl-tmp/research-experiments/industrial-anomaly-detection/data/mvtec_ad/grid/test/thread/000.png,1.0,9.5367431640625e-07,29.136381149291992,29.136381149291992
grid,thread,2,/root/autodl-tmp/research-experiments/industrial-anomaly-detection/data/mvtec_ad/grid/test/thread/001.png,1.0,9.5367431640625e-07,30.314523696899414,30.314523696899414
grid,thread,2,/root/autodl-tmp/research-experiments/industrial-anomaly-detection/data/mvtec_ad/grid/test/thread/002.png,1.0,4.76837158203125e-07,29.405040740966797,29.405040740966797
grid,thread,2,/root/autodl-tmp/research-experiments/industrial-anomaly-detection/data/mvtec_ad/grid/test/thread/003.png,1.0,4.76837158203125e-07,29.455652236938477,29.455652236938477
grid,thread,2,/root/autodl-tmp/research-experiments/industrial-anomaly-detection/data/mvtec_ad/grid/test/thread/004.png,1.0,4.76837158203125e-07,29.577783584594727,29.577783584594727
grid,thread,2,/root/autodl-tmp/research-experiments/industrial-anomaly-detection/data/mvtec_ad/grid/test/thread/005.png,1.0,4.76837158203125e-07,30.830791473388672,30.830791473388672
grid,thread,2,/root/autodl-tmp/research-experiments/industrial-anomaly-detection/data/mvtec_ad/grid/test/thread/006.png,1.0,4.76837158203125e-07,29.65067481994629,29.65067481994629
grid,thread,2,/root/autodl-tmp/research-experiments/industrial-anomaly-detection/data/mvtec_ad/grid/test/thread/007.png,1.0,4.76837158203125e-07,29.325923919677734,29.325923919677734
grid,thread,2,/root/autodl-tmp/research-experiments/industrial-anomaly-detection/data/mvtec_ad/grid/test/thread/008.png,1.0,4.76837158203125e-07,29.546714782714844,29.546714782714844
grid,thread,2,/root/autodl-tmp/research-experiments/industrial-anomaly-detection/data/mvtec_ad/grid/test/thread/009.png,1.0,9.5367431640625e-07,29.742650985717773,29.742650985717773
grid,thread,2,/root/autodl-tmp/research-experiments/industrial-anomaly-detection/data/mvtec_ad/grid/test/thread/010.png,1.0,4.76837158203125e-07,30.22433090209961,30.22433090209961
