config,family,n_units,mean_defect_dprime,mean_abs_delta_z,uniform_dprime,uniform_abs_delta_z,delta_dprime_vs_uniform,delta_abs_z_vs_uniform,worst_category,worst_category_delta,negative_transfer_count,image_auroc,type,tier
A3_lam050,A,3,6.306388,0.253261,5.446716,0.166011,0.859672,0.08725,hazelnut,0.125706,0,0.998886,candidate,-
A3_lam025,A,3,6.242951,0.247234,5.446716,0.166011,0.796235,0.081223,hazelnut,-0.073892,0,0.999165,candidate,-
B1_g100,B,3,6.237255,0.259325,5.446716,0.166011,0.790539,0.093314,hazelnut,0.184939,0,0.998886,candidate,-
B1_g050,B,3,6.135777,0.259757,5.446716,0.166011,0.689062,0.093746,hazelnut,-0.093984,0,0.999722,candidate,-
A1_lam050,A,3,6.075764,0.240377,5.446716,0.166011,0.629048,0.074366,hazelnut,-0.108821,1,0.999443,candidate,-
B1_g025,B,3,6.024397,0.286421,5.446716,0.166011,0.577682,0.12041,hazelnut,-0.074923,0,0.998886,candidate,-
A1_lam010,A,3,5.953512,0.267354,5.446716,0.166011,0.506797,0.101343,hazelnut,-0.223033,1,0.997772,candidate,-
A1_lam025,A,3,5.921348,0.229721,5.446716,0.166011,0.474633,0.06371,hazelnut,-0.229369,1,0.999165,candidate,-
D1_ln_s040,D,3,5.727505,0.324091,5.446716,0.166011,0.280789,0.15808,hazelnut,-0.183438,1,0.996101,candidate,-
D2_gn8_s040,D,3,5.696274,0.318049,5.446716,0.166011,0.249558,0.152038,hazelnut,-0.273792,1,0.995823,candidate,-
C3_l2_045_l3_035,C,3,5.457447,0.186387,5.446716,0.166011,0.010732,0.020376,bottle,-0.02612,0,0.992203,candidate,-
C4_l2_050_l3_030,C,3,5.391983,0.191498,5.446716,0.166011,-0.054733,0.025487,bottle,-0.164706,2,0.993038,candidate,-
C2_l2_035_l3_045,C,3,5.309748,0.182831,5.446716,0.166011,-0.136968,0.01682,bottle,-0.17852,3,0.985798,candidate,-
C1_l2_030_l3_050,C,3,5.250795,0.161622,5.446716,0.166011,-0.195921,-0.004389,hazelnut,-0.328848,2,0.981064,candidate,-
B0_original,baseline,3,5.780884,0.312161,5.446716,0.166011,0.334168,0.14615,hazelnut,-0.301162,1,0.996101,baseline,
B3_soft_gc_af025,baseline,3,5.647284,0.221269,5.446716,0.166011,0.200568,0.055258,hazelnut,0.057825,0,0.99638,baseline,
B2_uniform_040091275,baseline,3,5.446716,0.166011,5.446716,0.166011,0.0,0.0,bottle,0.0,0,0.991089,baseline,
B1_fixed_050,baseline,3,5.308395,0.177126,5.446716,0.166011,-0.138321,0.011115,grid,-0.27282,2,0.981342,baseline,
