category,image_relpath,mask_relpath,img_exists,mask_exists,mask_name_rule_ok,img_size,mask_size,mask_mode,mask_nonempty,mask_fg_ratio,resolution_match
Bird,Bird/NG/hole_2_037/A120_I06.png,Bird/GT/hole_2_037/A120_mask.png,1,1,1,1024x1024,1024x1024,L,1,4.5e-05,1
Bird,Bird/NG/scratch_3_040/A090_I06.png,Bird/GT/scratch_3_040/A090_mask.png,1,1,1,1024x1024,1024x1024,L,1,0.000731,1
Bird,Bird/NG/scratch_1_003/A210_I02.png,Bird/GT/scratch_1_003/A210_mask.png,1,1,1,1024x1024,1024x1024,L,1,0.000461,1
Bird,Bird/NG/damage_1_hole_1_scratch_1_022/A300_I02.png,Bird/GT/damage_1_hole_1_scratch_1_022/A300_mask.png,1,1,1,1024x1024,1024x1024,L,1,0.000652,1
Bird,Bird/NG/damage_1_hole_5_scratch_1_046/A180_I09.png,Bird/GT/damage_1_hole_5_scratch_1_046/A180_mask.png,1,1,1,1024x1024,1024x1024,L,1,0.002833,1
Bird,Bird/NG/damage_2_044/A300_I01.png,Bird/GT/damage_2_044/A300_mask.png,1,1,1,1024x1024,1024x1024,L,1,0.001611,1
Bird,Bird/NG/hole_3_039/A060_I08.png,Bird/GT/hole_3_039/A060_mask.png,1,1,1,1024x1024,1024x1024,L,1,0.00022,1
Bird,Bird/NG/hole_1_027/A030_I05.png,Bird/GT/hole_1_027/A030_mask.png,1,1,1,1024x1024,1024x1024,L,1,0.000155,1
Bird,Bird/NG/damage_2_044/A060_I05.png,Bird/GT/damage_2_044/A060_mask.png,1,1,1,1024x1024,1024x1024,L,1,0.001604,1
Bird,Bird/NG/damage_1_033/A270_I04.png,Bird/GT/damage_1_033/A270_mask.png,1,1,1,1024x1024,1024x1024,L,1,0.001044,1
Bird,Bird/NG/damage_3_019/A300_I10.png,Bird/GT/damage_3_019/A300_mask.png,1,1,1,1024x1024,1024x1024,L,1,0.000702,1
Bird,Bird/NG/damage_1_hole_5_scratch_1_046/A030_I05.png,Bird/GT/damage_1_hole_5_scratch_1_046/A030_mask.png,1,1,1,1024x1024,1024x1024,L,1,0.004641,1
Bird,Bird/NG/scratch_3_013/A330_I01.png,Bird/GT/scratch_3_013/A330_mask.png,1,1,1,1024x1024,1024x1024,L,1,0.000952,1
Bird,Bird/NG/damage_1_hole_1_scratch_1_024/A120_I09.png,Bird/GT/damage_1_hole_1_scratch_1_024/A120_mask.png,1,1,1,1024x1024,1024x1024,L,1,0.001211,1
Bird,Bird/NG/scratch_3_013/A330_I05.png,Bird/GT/scratch_3_013/A330_mask.png,1,1,1,1024x1024,1024x1024,L,1,0.000952,1
Bird,Bird/NG/damage_1_010/A000_I07.png,Bird/GT/damage_1_010/A000_mask.png,1,1,1,1024x1024,1024x1024,L,1,0.0014,1
Bird,Bird/NG/damage_1_hole_1_scratch_1_022/A090_I03.png,Bird/GT/damage_1_hole_1_scratch_1_022/A090_mask.png,1,1,1,1024x1024,1024x1024,L,1,0.000836,1
Bird,Bird/NG/damage_1_hole_2_scratch_1_048/A150_I03.png,Bird/GT/damage_1_hole_2_scratch_1_048/A150_mask.png,1,1,1,1024x1024,1024x1024,L,1,0.000305,1
Bird,Bird/NG/scratch_2_014/A150_I04.png,Bird/GT/scratch_2_014/A150_mask.png,1,1,1,1024x1024,1024x1024,L,1,0.001507,1
Bird,Bird/NG/hole_1_027/A300_I01.png,Bird/GT/hole_1_027/A300_mask.png,1,1,1,1024x1024,1024x1024,L,1,0.000257,1
