category,defect_type,seed,location,alpha,n_good,n_defect,mean_good,std_good,mean_defect,std_defect,median_defect,mean_gap,mean_z,d_prime,image_auroc
grid,bent,1,layer3,0.0,21,12,28.017176491873606,2.466685158581886,43.431814193725586,5.2388113336190845,44.63221740722656,15.41463770185198,6.2491305986994945,3.7647281046580954,1.0
grid,broken,1,layer3,0.0,21,12,28.017176491873606,2.466685158581886,46.764723777770996,6.664719975425137,46.259103775024414,18.74754728589739,7.600300030456858,3.730789505978719,1.0
grid,glue,1,layer3,0.0,21,11,28.017176491873606,2.466685158581886,37.49785943464799,5.781989469760812,38.87735366821289,9.480682942774386,3.843491298348305,2.1328900765599115,0.9307359307359307
grid,metal_contamination,1,layer3,0.0,21,11,28.017176491873606,2.466685158581886,44.94064504450018,6.562535550315403,46.03060531616211,16.923468552626574,6.860814195823835,3.413786783201929,1.0
grid,thread,1,layer3,0.0,21,11,28.017176491873606,2.466685158581886,42.74724786931818,7.572265045128873,39.85421371459961,14.730071377444574,5.971605790952663,2.6157362257617582,1.0
grid,bent,1,layer3,0.25,21,12,30.490712483723957,2.720963125950801,45.854049364725746,6.3695998416945825,47.54294013977051,15.36333688100179,5.646286322102692,3.1368305363089957,0.996031746031746
grid,broken,1,layer3,0.25,21,12,30.490712483723957,2.720963125950801,49.98675219217936,7.204819900720676,50.15289497375488,19.496039708455402,7.165124555535017,3.580026129020339,0.996031746031746
grid,glue,1,layer3,0.25,21,11,30.490712483723957,2.720963125950801,40.12351816350763,6.411767618554739,41.20573806762695,9.632805679783676,3.5402191187054894,1.9558360446836789,0.9134199134199135
grid,metal_contamination,1,layer3,0.25,21,11,30.490712483723957,2.720963125950801,48.79230915416371,7.374369180252903,48.992008209228516,18.301596670439753,6.726146523593377,3.2927790434317363,0.9956709956709957
grid,thread,1,layer3,0.25,21,11,30.490712483723957,2.720963125950801,44.37668887051669,9.39296564202048,41.35190200805664,13.88597638679273,5.103331336745139,2.008126483528414,0.9826839826839827
grid,bent,1,layer3,0.5,21,12,36.750517618088494,3.8803117442773574,51.31879107157389,7.4193455714799965,53.59229850769043,14.568273453485396,3.7544079995558435,2.4606690536239904,0.9603174603174603
grid,broken,1,layer3,0.5,21,12,36.750517618088494,3.8803117442773574,56.11903381347656,8.339478193221085,56.59112739562988,19.368516195388068,4.991484569236621,2.977944709901928,0.9880952380952381
grid,glue,1,layer3,0.5,21,11,36.750517618088494,3.8803117442773574,45.37937996604226,7.785769092121698,46.994808197021484,8.628862347953763,2.2237549239901973,1.4027887289061585,0.8181818181818182
grid,metal_contamination,1,layer3,0.5,21,11,36.750517618088494,3.8803117442773574,56.3695200139826,9.182985547690457,56.40184020996094,19.619002395894107,5.056037681721836,2.7831306134421165,0.987012987012987
grid,thread,1,layer3,0.5,21,11,36.750517618088494,3.8803117442773574,49.55072715065696,11.575629400786557,47.15054702758789,12.800209532568466,3.298758031863311,1.482733673101398,0.9134199134199135
grid,bent,1,layer3,0.75,21,12,44.78333464122954,4.977760179739127,59.175107638041176,8.485860464819417,61.00446891784668,14.391772996811639,2.891214618050539,2.0688009650173576,0.9325396825396826
grid,broken,1,layer3,0.75,21,12,44.78333464122954,4.977760179739127,64.90229447682698,9.572567766054512,64.49355697631836,20.118959835597444,4.041769613065577,2.6370682278306496,0.9722222222222222
grid,glue,1,layer3,0.75,21,11,44.78333464122954,4.977760179739127,53.51460231434215,8.9001442641084,55.48246765136719,8.731267673112612,1.7540555104786508,1.2108633213318918,0.8051948051948052
grid,metal_contamination,1,layer3,0.75,21,11,44.78333464122954,4.977760179739127,66.47264549948953,11.058611101711943,64.45084381103516,21.689310858259994,4.357243032025033,2.529282062017323,0.9783549783549783
grid,thread,1,layer3,0.75,21,11,44.78333464122954,4.977760179739127,57.694304726340555,13.619301788713754,53.469844818115234,12.910970085111018,2.5937308385531046,1.2591919864375978,0.8528138528138528
grid,bent,1,layer3,1.0,21,12,53.80984188261486,6.621671048038295,68.57098992665608,10.146332263006785,70.4546890258789,14.76114804404122,2.229217962800235,1.7229795178306087,0.9087301587301587
grid,broken,1,layer3,1.0,21,12,53.80984188261486,6.621671048038295,75.1437177658081,10.885847088885292,73.80560684204102,21.333875883193244,3.221826594589521,2.367887313129851,0.9603174603174603
grid,glue,1,layer3,1.0,21,11,53.80984188261486,6.621671048038295,62.5126987804066,10.716223074147218,64.73186492919922,8.70285689779174,1.3142991904392487,0.9770354446601277,0.7445887445887446
grid,metal_contamination,1,layer3,1.0,21,11,53.80984188261486,6.621671048038295,77.82835284146395,13.387762061370935,75.1080093383789,24.01851095884909,3.6272582531813784,2.274217643322077,0.9567099567099567
grid,thread,1,layer3,1.0,21,11,53.80984188261486,6.621671048038295,67.26556604558772,15.731754000801162,61.25741958618164,13.455724162972857,2.032073787017732,1.114874627773508,0.8311688311688312
