category,seed,image,mdc_0_layer2,rms_0_layer2,npr_0_layer2,pca1_0_layer2,mdc_in_layer2,rms_in_layer2,npr_in_layer2,pca1_in_layer2,in_delta_layer2,mdc_0_layer3,rms_0_layer3,npr_0_layer3,pca1_0_layer3,mdc_in_layer3,rms_in_layer3,npr_in_layer3,pca1_in_layer3,in_delta_layer3
cable,2,000.png,34.39162409442636,34.69969894231633,0.045215691478112094,0.11825556753812098,22.307760768658646,22.626129620338467,0.05721310280946893,0.11118631685986231,18.079999923706055,32.64155157028145,32.9756589750527,0.044927672461272654,0.20187112483632635,31.466343755547953,31.90482963524778,0.07556028830405155,0.14603627779768374,14.005849838256836
cable,2,001.png,33.92437637700579,34.18681156215163,0.044053284544304426,0.12231280481731577,22.337942486434336,22.625185621663068,0.055135805389043994,0.112793540208961,17.628041744232178,31.708702003871736,32.06284623619031,0.043932841125843565,0.20906584755037133,31.377234855108185,31.90324318058841,0.07153046321372399,0.15466062294838603,15.85885763168335
cable,2,002.png,34.65533416814892,34.94087802232975,0.04224716157836615,0.12759164728440908,22.335839089484168,22.600276555156192,0.05438928271265316,0.11465322850045415,17.366794109344482,31.89257890272514,32.20474495043718,0.043360059018259935,0.20864369581342695,31.480532098824035,31.94015969568362,0.07351422135406695,0.14763531897417415,17.541579246520996
cable,2,003.png,33.70316826906198,33.99390679094452,0.04337239231568297,0.12415233227892193,22.386588103446844,22.623019397462905,0.05581524535644127,0.11628057746072153,17.170909881591797,31.471894569797655,31.787983669666605,0.043028168908578045,0.2086315099819619,31.424334358360817,31.90656867664629,0.0729381518700712,0.14902854453560235,14.08414077758789
cable,2,004.png,33.72745476668476,34.004712313403125,0.04428284654796372,0.12188519142739354,22.338720183024012,22.624173973398307,0.05645265501494972,0.11158874570706297,17.656740188598633,31.688002892472085,32.00574494412758,0.04698391045894273,0.19379974135436154,31.43831296926982,31.920741042023188,0.07564251892099279,0.14308758183453751,13.714755296707153
cable,2,005.png,34.19077257247139,34.46743123526045,0.044240162860626556,0.1158852393421301,22.339164658694337,22.609637927704576,0.05569684708247383,0.10865457612892929,20.205108642578125,32.24921322187226,32.600942179196196,0.043961183211003174,0.21001986977002,31.406730497362247,31.877521112144336,0.074182378120921,0.14872351346979285,15.138105392456055
cable,2,006.png,34.35950022907987,34.67142604571759,0.043550564360131605,0.1232960151862922,22.312900326965824,22.602183470750283,0.055883392915093616,0.10935944877892612,19.25176429748535,32.84090762420385,33.21319470526874,0.0435088345840859,0.20782315322611633,31.51602005235107,31.93184091583467,0.07415361216773746,0.14473149471663718,18.535433769226074
cable,2,007.png,34.287048929595485,34.58461077342835,0.04417590107228773,0.12178304972962342,22.313761953019853,22.623418483551447,0.054924950518601585,0.1133173671934757,17.689314365386963,32.751457859746765,33.11953862185036,0.04521928854376052,0.20341228945979076,31.411406770316688,31.89136167791194,0.07429139111307934,0.1490545361702958,13.32838749885559
cable,2,008.png,33.91343669690352,34.158717063587645,0.04384789622835106,0.11954411202796271,22.349823358986423,22.61964840332304,0.05511330877878497,0.1088566226870135,17.17560863494873,32.15494952999835,32.45411782057701,0.04467731118580087,0.20359349840319702,31.44583233618867,31.897982855243956,0.07168609291728954,0.15063147814821032,13.845156192779541
cable,2,009.png,34.26027001207093,34.55378174910182,0.044534782411294535,0.12210643326125073,22.297116259766582,22.61885048549815,0.05461618710170492,0.11357953977566476,17.650174140930176,32.21634517408269,32.59183380600106,0.043769022109987024,0.21232034907709765,31.419017218867907,31.928291997704992,0.0717108894991154,0.15482400617820258,14.950920104980469
cable,2,010.png,33.9731943071023,34.22257552470474,0.04413613778109375,0.1176050506153909,22.316151360638305,22.598713874096827,0.05456338466329498,0.10984270114207778,16.63687753677368,31.67564057477251,31.987278528269552,0.04242262439987852,0.21215983699660748,31.509704390824414,31.920167397525578,0.07114783783517699,0.15259927187377906,13.960492849349976
cable,2,013.png,33.573894457773534,33.84990149543704,0.04537087883455227,0.11582097133984394,22.386192646473123,22.62124917025183,0.05703425803434722,0.1110461372124403,18.151862621307373,31.47984245462767,31.822445510548864,0.04427860542719864,0.21195778360215736,31.438458270418174,31.863482156498765,0.0734999639416379,0.15284510222584255,13.823868751525879
cable,2,014.png,33.88209602787807,34.170665213325144,0.04445133956199192,0.11963171023655164,22.35375375265475,22.61537217897681,0.05606737867365758,0.11107730831923497,16.668153285980225,31.776112282259493,32.091344849130735,0.04380630046141191,0.20810705029356588,31.484775670851352,31.9047758938369,0.07331349396883784,0.15038808326468392,14.155174732208252
cable,2,016.png,34.189689388743325,34.433905250199984,0.04207635986678764,0.12423158915888145,22.35855484204115,22.62277797734751,0.0535572883286035,0.11301221731070658,19.19994354248047,32.602633638264805,32.97224490873673,0.041579080746322966,0.2170722861549082,31.41728842916841,31.862466510301378,0.07015877754883681,0.15384287533760652,13.959583044052124
cable,2,017.png,34.41594506930149,34.70902933478271,0.04213946983961592,0.12327869412769646,22.32093317240545,22.60203231778654,0.05331951345982868,0.11356888452278809,19.322186946868896,31.80239871144383,32.15422056518692,0.041824977580664884,0.2192659970143874,31.40033541754805,31.84175163523666,0.07097405419595627,0.15628183398818507,13.523088932037354
cable,2,019.png,34.061170534584534,34.330770878167705,0.04402538923113219,0.1225051650592098,22.329127325632257,22.61685192725562,0.056020574638674756,0.11027810104809914,18.995064735412598,31.74209750337521,32.0539761422355,0.04308359862182336,0.2072714598195035,31.44890439149678,31.940119363728684,0.06997129279189623,0.15870305971824722,13.757809162139893
cable,2,020.png,35.02985293763469,35.3153177436599,0.04297800041262629,0.12188667536295121,22.346877008611067,22.602780244977975,0.05358460449483125,0.11141503311097449,19.922173023223877,32.67938587179863,33.07137543150599,0.040276231946333015,0.22428397866644464,31.39877890206301,31.895530479898845,0.06867997030751519,0.15804513450734847,16.91149616241455
cable,2,021.png,34.61345633764505,34.89014579441397,0.04270942381767235,0.1222732867287151,22.35352219236067,22.62100277983269,0.05355900667376128,0.11118757522774943,18.92842149734497,32.74969202458575,33.098626762323384,0.04227158207592118,0.21686153448179313,31.396498190917335,31.867778429244634,0.07128217137946342,0.15500794193604028,15.129962682723999
cable,2,022.png,34.07962397406925,34.34415748530379,0.04386165881882627,0.12016468456854096,22.361630431063208,22.607212594502368,0.05666976011798812,0.11170953281964612,17.405849933624268,31.51673676624322,31.802351847064877,0.04465451821324658,0.20791927932512494,31.524432879893077,31.90833270080202,0.07246076839647418,0.15369356332511983,12.115943908691406
cable,2,023.png,33.59293656913938,33.90823157081449,0.043919773560170496,0.12332234572018681,22.309119656379842,22.595026987945776,0.054590092454111595,0.11054788112319924,18.08378505706787,32.18295544585969,32.548624890277274,0.044623123210201725,0.20701076775207608,31.462678694017953,31.849968603143022,0.07396919660163036,0.15032569153066988,13.585906505584717
cable,2,024.png,33.407930759987195,33.69353999412433,0.04483626573445961,0.1152038754006938,22.317196491140912,22.602917579969915,0.05663484412206204,0.11030688123362503,17.46848440170288,31.922340075091945,32.2837064379992,0.04448022562671241,0.20785620058974388,31.47442302559747,31.906062776963815,0.0729875602470373,0.1516769683106947,14.583827018737793
cable,2,025.png,34.65635834404416,34.999534948891686,0.04118763580831016,0.13248398886126678,22.308936976454568,22.597535644841678,0.05361843896781288,0.1145419098118978,20.324756622314453,32.3407336799881,32.76402335703811,0.040252415072581677,0.2211034066397865,31.383386250307893,31.860010515851855,0.06740963686209833,0.16186803336777453,16.105934619903564
cable,2,026.png,34.62874859958471,34.906289506913275,0.04299663519338737,0.12305311157865853,22.38443291196735,22.620577614708765,0.05498043764663423,0.11619533763922052,19.34523582458496,32.129465584382125,32.49078468528044,0.041175767991831036,0.22759054116284014,31.42489386449303,31.91704167806149,0.06939464738025587,0.16176728943444113,13.040282726287842
cable,2,027.png,34.21197283490434,34.547315408568224,0.04568254162292922,0.11723513764579947,22.315030504198795,22.60361943205626,0.05864927730368556,0.1089046507264426,18.502728939056396,32.521756364412305,32.864137628330646,0.04496982126413563,0.19993994469224816,31.500085263726135,31.8929853335975,0.07644769698049275,0.14112823841247735,15.74776840209961
cable,2,028.png,34.63341559397739,34.909014571107164,0.04216952513900583,0.1288777622969541,22.350119385663056,22.59270705989515,0.05376153811586626,0.11719667215044051,18.173332452774048,31.859518794933486,32.17494070312671,0.04304641292112783,0.21346145727522556,31.506030394351335,31.89296657256261,0.07139710825645114,0.15569338882204548,12.897361278533936
cable,2,029.png,34.34936091535484,34.61518929693129,0.04118285645955255,0.13156183310095704,22.380352834073598,22.598404761615537,0.05347284605284457,0.11406576552528871,17.51233744621277,32.51568117892274,32.87319008528255,0.040524807199252284,0.22229909924403982,31.438414584955957,31.82742082448914,0.06966465259669655,0.15515564483908245,17.203786373138428
cable,2,030.png,34.8460605564825,35.1569232259895,0.04215458318359703,0.12519908729941018,22.34157094908042,22.619979526193642,0.05329516311063921,0.11102918281789932,18.54242992401123,32.57231486813029,32.971269283928066,0.041306300099045914,0.21873960638947385,31.40309717929685,31.885993515855073,0.0701510210054599,0.15483528304524377,15.146749019622803
cable,2,031.png,34.790929543302056,35.09776997637807,0.04412444987233359,0.11780143704318505,22.339010452000977,22.620879165282506,0.05536060942342476,0.11268715963657767,22.201228141784668,32.7317316327417,33.08040376803298,0.04227972166564712,0.21903063336521428,31.419033548414312,31.902130126918927,0.07051796484357314,0.15693969118638745,15.004647731781006
cable,2,032.png,34.68846088658023,34.98207600878068,0.04345523995320928,0.12341527246090918,22.338469063903272,22.600684956107205,0.05517747261795622,0.11297266236059869,19.83414888381958,32.350709552554804,32.696523461687036,0.04446980393046603,0.20092163166744817,31.487594415544393,31.898973824824004,0.07230316294547275,0.14648608694803952,14.57200288772583
cable,2,033.png,35.016102323934795,35.354155496278096,0.044078054367077735,0.12229266631865031,22.322068327767134,22.603167702216307,0.055748247763515266,0.11155111425343775,20.511581897735596,32.26931761338359,32.66996644300196,0.044393506491743236,0.2112751605628751,31.459466459735236,31.903498723856426,0.07470846723491116,0.146920918591292,13.779034614562988
cable,2,034.png,33.9624755200469,34.25595917324238,0.045315116532265526,0.11870409858970524,22.3362402086344,22.614808825653512,0.05698215714945202,0.11203422213589033,17.616474628448486,31.96864370080662,32.2697580333161,0.04591727646786596,0.19928259926927833,31.410407905108677,31.890503007694626,0.07417359506080451,0.1475499102312764,12.787389039993286
cable,2,035.png,34.984952421122706,35.300490670151625,0.0419684781296554,0.12725543274034096,22.315736377732335,22.59991077114357,0.05355713346581762,0.11400703829637536,17.85645866394043,32.45727277786506,32.83381315463067,0.04318643816322399,0.21078223385574668,31.462958816355414,31.88226608114543,0.07357271823025313,0.14673985752542895,14.50632619857788
cable,2,036.png,34.6354136778763,34.958918682755986,0.04416397186004321,0.11768309262140403,22.334117208611318,22.61220626193328,0.05623987153558132,0.11099306868314165,17.920226573944092,32.5858134925911,32.978083719034615,0.04470093089587109,0.20132083253847202,31.42650130672141,31.963427926777893,0.07290367388360106,0.14666969354796774,13.583025455474854
cable,2,037.png,34.14568514750212,34.430741164634036,0.04434723412952556,0.11631989772619111,22.34823757798257,22.6104592264185,0.05674621846422517,0.10899323594610684,18.08389139175415,32.28370962082737,32.62407315573242,0.04533317013421729,0.20698555484442188,31.432542126458337,31.83986282491845,0.07429220184208651,0.14685179806448329,11.78106689453125
cable,2,039.png,34.48170294773101,34.78126927516755,0.042236297782187564,0.12568027619199532,22.356392063447718,22.602433900068444,0.0551899200653668,0.11386725608653599,17.928439617156982,31.963346055554602,32.26699443522955,0.04329747337029075,0.21297611396338537,31.43370241607716,31.889983615400013,0.07330672551732889,0.15039585770738786,14.107711553573608
cable,2,040.png,33.822045950444036,34.11539669615004,0.044975073804661314,0.12060625247094432,22.372518533955187,22.615389454167936,0.05721038752042587,0.1123396415939417,18.14690065383911,32.33183022204372,32.63447611736877,0.043964424527297034,0.20132024858345007,31.43449015765381,31.891436812983656,0.07167423086930137,0.14874736755047804,12.26054334640503
cable,2,041.png,34.36524177717727,34.63216445824857,0.04236044209342476,0.13130401120792345,22.36902510097117,22.604045176007887,0.055466738110490826,0.11355790731720246,18.374945402145386,32.4561697761837,32.78717333760323,0.04408756279924286,0.20234029564942468,31.472343776395178,31.884392860656096,0.07299020788026017,0.14493510845387758,12.713209390640259
cable,2,042.png,34.22168793891749,34.511570847657744,0.0438469377831951,0.12491716120278934,22.349963348032176,22.603021371442406,0.05634753115321663,0.11249586180457069,18.048073768615723,31.92052582045916,32.22887125936417,0.04457057514836757,0.21196749238949072,31.53864957342697,31.937312612415308,0.07350674299040423,0.15259021011359222,12.812337875366211
cable,2,043.png,34.95489022538684,35.27131421892008,0.043227389872261435,0.12276577715799812,22.323816162830425,22.62138524276645,0.0552739797194758,0.11330434560989933,20.01177406311035,32.26533034622251,32.64645602767972,0.04476347695841257,0.20024376893432672,31.378176849323026,31.858651909080468,0.07311982069136054,0.14423385851321185,15.203041553497314
cable,2,044.png,34.54189583369214,34.86291416029691,0.04367337652649723,0.12251566553755672,22.312691064171467,22.60152390361543,0.056100548271038726,0.11213298865226785,19.377745151519775,32.17305167699185,32.49066324693664,0.045269882040121355,0.20067316439213098,31.50706451658023,31.948878248414893,0.07432028778895627,0.1433837994269983,18.80915927886963
cable,2,045.png,34.618953337609014,34.95412977177898,0.040728254033541904,0.1345021417284713,22.338635908064028,22.601909297440308,0.05363269614113458,0.11742680301154847,19.359683990478516,32.32258877086555,32.69668615489947,0.04191766008775189,0.21276141027410378,31.44715357123995,31.909214214127765,0.07108019520033977,0.15127337811533106,14.786922454833984
cable,2,046.png,35.31074741358927,35.66773306573908,0.042823211741756254,0.1220908886346993,22.317118750507333,22.600663472584227,0.05445764545369315,0.11211759337617537,19.892977714538574,32.247011433518544,32.68383563804315,0.04173609872963419,0.22097639730797283,31.50256800247898,31.934962991792794,0.07363862354981825,0.14507913650851498,14.424625873565674
cable,2,047.png,34.95435612623619,35.220892433059404,0.04249758168734535,0.12685172871579262,22.3369062574237,22.60175198048208,0.05366773715623735,0.11394261021951708,19.689488887786865,32.08678773361443,32.420005707260856,0.04297918370966182,0.2128343674527397,31.488607587879077,31.91689816870702,0.07377248365067968,0.14857284140459623,19.193827629089355
cable,2,048.png,34.509952432636766,34.75897330305234,0.04446026384977232,0.12187738300655936,22.34930050445541,22.600474560048447,0.05579965399046692,0.11358657052360027,20.09968376159668,32.4000376227292,32.749322276465186,0.0456047820057539,0.20311355130226075,31.391759672154464,31.838637899060743,0.07315929546209962,0.15087602062187805,16.992408752441406
cable,2,049.png,35.0142650817716,35.323917003102636,0.0438317540133698,0.12232014077599768,22.33523742937011,22.6137996468389,0.055464877142555345,0.11063521914912558,19.242199897766113,32.295598743447066,32.623467083835045,0.0449110968758337,0.20381872608567783,31.472372307445138,31.91730693565849,0.07331519454010521,0.14666585778276892,13.864312171936035
cable,2,052.png,34.67351772472212,35.0481129033818,0.041041558333021325,0.12768758663335275,22.320483921438864,22.617161858191892,0.05289919249991074,0.11866253455948855,17.926777362823486,32.49814426381457,32.90882997081938,0.04217697618044537,0.22141357185456004,31.567508295211596,31.93484180877969,0.07367208693810526,0.15083793046413746,12.6683030128479
cable,2,053.png,34.385298423032154,34.68864104211976,0.04466115239671072,0.12094924428603292,22.32229682353128,22.616151862688632,0.056882867331824134,0.10987967918111168,20.822378635406494,32.139248882252744,32.52084820446299,0.04432883652551783,0.2086296816256181,31.397634341415145,31.92160872154745,0.07434730351762066,0.15015587611197448,13.668862342834473
cable,2,054.png,34.25872197827172,34.53771107628054,0.04449948477469217,0.1178448394304958,22.35255453087082,22.624047425186742,0.05600541880722345,0.109681438287176,18.050865650177002,32.20110888159606,32.599490589695655,0.04278654766645111,0.21553854683192233,31.4003004757998,31.870256853217608,0.07155629347529481,0.15667831448343622,13.95960283279419
cable,2,055.png,34.36752054620592,34.69336929325766,0.04583136268305589,0.11607205547709236,22.307491423496156,22.62384758690161,0.057951542704930616,0.10634699203078078,19.04793071746826,32.00071193265605,32.358313251231806,0.044885335097872986,0.20950943944079137,31.36191554998654,31.859974987281227,0.07314994222215623,0.15313224725921515,14.51664137840271
cable,2,056.png,34.304554013934954,34.661796277837055,0.043479134011333756,0.12441072558192422,22.358749429712212,22.62000175233314,0.05676639408104527,0.11353033829697304,17.93148946762085,31.823970118745642,32.18573318998156,0.04259608463269389,0.21357666473610648,31.473086181877264,31.93539926793288,0.07491681406557467,0.13921940342038241,17.38270330429077
cable,2,057.png,33.98914242579559,34.34527994234113,0.04521814035124451,0.12068563877945812,22.310287137974456,22.619906031435807,0.057066529865376914,0.10897493950881555,16.68108558654785,31.83141387624098,32.25662872222695,0.04380585532007614,0.21177633015737005,31.442233336166318,31.922012621830145,0.07302164429380725,0.14997535425774178,14.488131999969482
cable,2,058.png,34.32099657145904,34.60007225140149,0.040508115399279426,0.138939336574005,22.366728872961414,22.61825593502988,0.05404835743143881,0.11710552236045885,16.926884651184082,31.82771429275099,32.152094790716674,0.041805101642218824,0.21190476918505718,31.510081326162812,31.936249724513104,0.07188457288369508,0.1492766335505195,12.772762775421143
cable,2,059.png,34.43542893597372,34.75406594559417,0.04368630870003975,0.11385214577041869,22.335635176749726,22.624021644707888,0.054903882441977074,0.11273267559115017,17.87824296951294,32.519950671864734,32.87125558485624,0.042527009338468286,0.2186265826773429,31.403464263772637,31.862441837391117,0.07081983477428976,0.15792494727382675,14.276384592056274
cable,2,060.png,34.11498239427024,34.38639685389553,0.04266895561526461,0.12880466753314163,22.340559777965147,22.61578149686297,0.05534562287381802,0.11428517833090136,18.170880794525146,32.201249770857984,32.514854620112345,0.044387913312496106,0.20189230443677342,31.428086711187632,31.89152761720017,0.07134421421751454,0.15202344719367458,14.729177474975586
cable,2,061.png,34.654307799143574,34.95669604457848,0.04303053688904832,0.12147127918763488,22.346011952634626,22.61460559493022,0.05452581003089354,0.1109437164943432,19.458946704864502,32.65806992375328,33.05495550904054,0.04218446207642137,0.21810126325022192,31.388854319343615,31.822165537248797,0.0703279965390176,0.157698813273984,13.48824143409729
cable,2,062.png,33.793316656702174,34.07530806952052,0.042150984688597286,0.12932830965454567,22.335993988188235,22.59997857067643,0.05407909440601428,0.11496873146893655,15.958508729934692,31.748122703972133,32.03576048034025,0.044388211476094695,0.2069083142790097,31.528860715604033,31.88339919264545,0.07604674224038972,0.14410124750596642,12.765789985656738
cable,2,063.png,34.26170026880288,34.556082261483986,0.04080406323084292,0.13249977394808335,22.349347283745473,22.600847933070902,0.05245977797369429,0.12120840935572444,16.96501111984253,32.47033101074399,32.82820425546645,0.039963926986536134,0.23367761254772998,31.4559792517662,31.859514998386143,0.06945748676633641,0.16086359879059134,13.304683685302734
cable,2,064.png,34.83321532765639,35.19232197766868,0.04351285351555601,0.1181980491430073,22.308904664601542,22.622962889348706,0.055212121663856105,0.1072638577074861,17.711209774017334,32.62552083996168,33.026491490877625,0.043630689498585784,0.2085258240837112,31.472903104825047,31.95252133934891,0.07386699235793391,0.14374220465912788,15.621208667755127
cable,2,065.png,34.134672730371165,34.427094494659734,0.0460921423364721,0.11146683589615539,22.359228282933103,22.622850204906246,0.05870605842735799,0.10645591364865657,21.540732860565186,32.35037971977527,32.72189267929396,0.04394396608123441,0.21269123115479974,31.417836269163708,31.85153008864114,0.07391152931623747,0.1511216049920151,15.717119216918945
cable,2,066.png,34.372983070511125,34.636024545884354,0.04364084527074195,0.12368582262015357,22.337137175056274,22.623583667943794,0.05464933355042182,0.11343902228944515,20.196982383728027,31.967268179203554,32.279106808531694,0.042088858346490315,0.21964952306661842,31.478356176743922,31.908523710070416,0.07054363309919835,0.16017978146145512,12.683580875396729
cable,2,067.png,34.817672250604076,35.1255516813852,0.04404801646729553,0.11896900077684013,22.343099362322054,22.62411545297232,0.05593559377679875,0.10990122539038338,20.086684703826904,32.65976296301595,33.03729112828771,0.04404388847542775,0.208731517864116,31.49201792814815,31.89523067370755,0.07647634637936808,0.14097895753080003,14.833656787872314
cable,2,068.png,34.23743655681593,34.51302819167155,0.043228024472330165,0.12527567160469655,22.351646179890487,22.618748061586526,0.05525630333183283,0.11125109784949623,17.095094680786133,32.13780191299894,32.460352397410155,0.04432023374458751,0.20816191549643254,31.39629060967927,31.869955295344948,0.07302596436076145,0.1520865572872248,13.572643756866455
cable,2,069.png,34.63696065794997,34.94586555634279,0.04348598960203103,0.11940235898767389,22.34891236022436,22.62140616418887,0.056002077189746584,0.11104526131992488,20.10338592529297,32.07445347709587,32.45761319449233,0.0416151642855831,0.22300623889509177,31.437183587455422,31.898004512185313,0.06930755844397303,0.16164913024324215,16.082293033599854
cable,2,070.png,34.218962419582375,34.53024043439291,0.044043857576911656,0.11719356758210744,22.345908635995393,22.620846455318265,0.05650319294026915,0.10921920862802958,17.872567176818848,33.15504499823132,33.50109351146773,0.04362041300739325,0.20627851698853822,31.470496050333715,31.91161751560224,0.0722575838147699,0.1499328419025673,14.875968933105469
cable,2,071.png,34.18891093765437,34.49639418876189,0.0457684379347924,0.11173726307366523,22.32735972527148,22.62533410368356,0.057071534885091556,0.10768440500066945,18.06087613105774,32.83767173201164,33.195150186388496,0.042309399279095876,0.21540532733772985,31.466031805385477,31.89674112022562,0.07117429332036232,0.15772018206685917,17.604321479797363
cable,2,073.png,34.04036430120382,34.31990691446498,0.0447429777456115,0.11586548078553352,22.341899198541338,22.617382100413167,0.05558984513964182,0.10747581581107031,17.671088695526123,32.257034475363476,32.59761875779686,0.04328200375216617,0.2105319199969554,31.562318033582038,31.937149610700892,0.07436456300277584,0.14889288562325106,14.251618385314941
cable,2,075.png,33.92003978985384,34.19776789912909,0.04515624505375591,0.11215046175178973,22.344035516276946,22.62506358443548,0.058089285111261726,0.10580608959264774,19.904088973999023,31.912118845276567,32.26048800852453,0.04521799746392947,0.20257816968134976,31.47779187014039,31.939049415471317,0.07399580227568264,0.14556143742236882,14.477471351623535
cable,2,076.png,33.97473061458729,34.24138281190743,0.04332375299079304,0.1246955984894944,22.359222378998382,22.602919834889036,0.05680225865491914,0.11085855966204876,16.929157257080078,31.425979620228706,31.744114563493117,0.04320259450509571,0.2086689380879687,31.44834669092414,31.887571328950195,0.07282356319501529,0.14802609099755779,12.58120059967041
cable,2,077.png,34.43260664793523,34.73800678683786,0.043226161868324904,0.11915229795974856,22.346014477719294,22.626005270965475,0.055429701487545925,0.11094482791766175,18.538719177246094,32.45587571189868,32.828941126585434,0.04447124804200258,0.20352708338878553,31.497086129087414,31.942493827600348,0.07340680401873696,0.14730184985436282,17.709740161895752
cable,2,078.png,34.10817319549389,34.34241712520678,0.045197256838611845,0.10836886025265151,22.354458681006363,22.62520617264134,0.055231680162642516,0.11082659407793086,17.073073863983154,32.65369733035099,32.9819472983428,0.04331955955880707,0.20938788571413222,31.422289401057093,31.881425891389796,0.07264890402869761,0.15374108678339984,12.403749465942383
cable,2,079.png,33.70676332795267,33.95231155736204,0.0454485075985868,0.1156487077265767,22.336507745482884,22.615263826666695,0.057512416420415165,0.10657899577162917,17.830058574676514,32.06754084986144,32.38472716761194,0.04491498593285673,0.19841146329954448,31.44401967361283,31.9325470975866,0.07320472685337237,0.15033351616894913,13.008979797363281
cable,2,080.png,34.17135670282312,34.42121634845096,0.045125949603963,0.11874592711983253,22.36569816372195,22.625766926345484,0.05757599401145852,0.11032560723146505,19.355311393737793,32.750839319729934,33.155904989941305,0.04631249264512653,0.2005848052619194,31.37281393660798,31.876884966380924,0.07407729610905803,0.14932036126228695,15.844992637634277
cable,2,081.png,33.7117339463349,34.02309224574031,0.04356049236209295,0.12712096112415114,22.322436657616848,22.59973791365784,0.0559089346842646,0.11752770026493667,16.345189094543457,32.25636624283697,32.63275598755608,0.043461791254787496,0.21937410612529115,31.43987841678554,31.88477713281474,0.07252337924812179,0.15379869331030854,12.8637855052948
cable,2,082.png,34.574759597465274,34.842722677555315,0.04299977203803336,0.12195466605332349,22.344787745968567,22.60165745227596,0.05416458634537201,0.11386366432568336,20.804980278015137,32.21898035327138,32.55805488697674,0.042230475358565354,0.21818517871602816,31.425712267477593,31.909738262510206,0.06874636381855921,0.1628759185357973,14.613574981689453
cable,2,083.png,34.4984999972179,34.78156392704401,0.0457530670107677,0.1081066664833445,22.35126894249273,22.62554357755823,0.057322934768435425,0.10434164760179906,18.373865127563477,32.54413357896345,32.874008343460524,0.04543011796211957,0.2023929340431949,31.44823831024864,31.893198037311492,0.07556863789004697,0.14630471486990398,14.271719694137573
cable,2,084.png,34.29830035514226,34.59456465202935,0.04471237561097309,0.11539441752182347,22.339558467771596,22.62384275459629,0.05511938701158565,0.10864742267256981,21.910417556762695,32.197225123564024,32.6127892433865,0.0423933526326452,0.21796661289047595,31.376829469498965,31.84558696549213,0.07027664761070948,0.1593899446181558,14.01394772529602
cable,2,085.png,33.69426756285527,33.967599734401055,0.04565167703867016,0.11015902166953251,22.328174741908928,22.59784566348216,0.05822807331747456,0.10362094786504403,18.768999099731445,31.965047694606127,32.36375725604174,0.044901353061661875,0.2083482949456146,31.438454979290547,31.874598142520366,0.07432984609118932,0.14857660884166793,14.875314950942993
cable,2,086.png,34.38618050065659,34.694786446086795,0.04357905358979737,0.11638904790856863,22.371010536360664,22.623369175013305,0.05536879510705103,0.10914990344301738,18.724336862564087,32.851433473325336,33.15702355279721,0.04366610320461892,0.20194230149462739,31.50122094585211,31.935723400587264,0.07179982979240845,0.15528133231311447,13.579848051071167
cable,2,087.png,34.07352475967239,34.36070926713941,0.04515949094415974,0.11213449917940044,22.331772652044773,22.60217234780943,0.05727656703399437,0.1094466429169299,20.585708618164062,32.45986791069838,32.86648793217493,0.041385968602228214,0.22838065721238324,31.393719668120127,31.87560876556914,0.06898649636837811,0.16526999911950951,13.329605340957642
cable,2,088.png,34.735724615992865,35.04491722525323,0.04401466223333327,0.11035150422736517,22.329484205254474,22.624060862707722,0.0550883918960043,0.10850154349463155,18.22908115386963,33.045417039707914,33.38695956329826,0.041997590069277335,0.22657070864920437,31.478330244395146,31.91303131243464,0.06819828678374837,0.16735219085204903,14.766270160675049
cable,2,089.png,34.31954841230606,34.593633934156934,0.043229915583080536,0.11726294135544645,22.337730346758764,22.61683675129594,0.05451323224969393,0.11213089441247384,17.797039031982422,32.81103670824222,33.1741885509669,0.043563729797597144,0.211738641858921,31.457775580089965,31.90503143948142,0.07272771129266764,0.15236798711337593,15.842524528503418
cable,2,090.png,34.53243571786655,34.86503536566932,0.043792614481738226,0.11670007419015654,22.30715576023769,22.61174121884794,0.055606390457366005,0.10925052369803749,18.966840744018555,31.94901774782664,32.34097294441525,0.043988517373820556,0.21009104384186778,31.391760167680197,31.892095638537857,0.07261661028089449,0.15333598988772898,13.891132354736328
cable,2,091.png,34.49847290461245,34.78846177518247,0.04390474764492116,0.11762431812827229,22.339304223933848,22.604161203384216,0.055925659274770466,0.11052063939805556,21.620492458343506,32.410182383564134,32.808803547108575,0.0417735774837819,0.21812574031051551,31.40765066719453,31.915071487529307,0.0684845473179665,0.1611156222021533,14.032133102416992
cable,2,092.png,33.97798515449325,34.30618545446148,0.04364296507654323,0.1222924522789966,22.312393248739273,22.618949887454114,0.05482458896562414,0.11441444871280945,17.534244060516357,32.08714172511517,32.42552382226903,0.04204894849685584,0.22175953869085768,31.447987748415446,31.880098425061483,0.07171517549728404,0.15603589213313657,13.292112350463867
cable,2,093.png,34.020574162228456,34.275739587874945,0.04333838829096479,0.1227286831921361,22.350367811532543,22.603476562036054,0.05452517498413205,0.1104125508141004,17.535874843597412,32.20581955742918,32.54278704699507,0.045430150590361214,0.20602319579297532,31.43523997791217,31.882221557021968,0.07341701707544826,0.1528679379905327,13.142380952835083
cable,2,094.png,34.06168955354724,34.346627848954164,0.044278584085047985,0.11665478075927248,22.33338430554169,22.598847914185402,0.057543291036117335,0.10485575541614749,19.01115322113037,32.05282878849136,32.41623015118062,0.045910238991120005,0.20011370005653628,31.41926426993616,31.901366489964893,0.07378261049740839,0.1474899541457087,13.894725561141968
cable,2,095.png,34.21977912310224,34.49527316558027,0.04467622413509537,0.11550270808910051,22.349600885331988,22.620904955068642,0.05537767962560292,0.11048298943635432,20.095703601837158,32.693354328304565,33.052727055371435,0.04198784035934004,0.22258204501331058,31.357127274223217,31.808466402915702,0.06941580629051071,0.16303399818519307,11.859189748764038
cable,2,096.png,33.933441534897014,34.251455455780665,0.04296434704083199,0.12133802480823566,22.35896203209524,22.62190544674199,0.05613831083799544,0.10876259868811529,18.170806884765625,32.55095372723527,32.86634655986494,0.042781016767308375,0.21742298223167103,31.50033224358284,31.88265774660918,0.0720460320733895,0.15186648421919538,13.139679431915283
cable,2,097.png,34.638310292981885,34.91783423473957,0.043997557099720495,0.11837185198697386,22.350837611098544,22.60117199039668,0.05492033940598201,0.11019539145251327,20.19508934020996,32.702448589021685,33.122898392021504,0.04314454757445722,0.2167799637820079,31.42989746897709,31.916523915336942,0.07064721966778235,0.1590357177507056,15.270849466323853
cable,2,098.png,34.61192352922962,34.90949838992086,0.04347741362381484,0.12181940170911432,22.35879400278069,22.625355263512297,0.05608471254612096,0.11031627357254466,19.46438694000244,32.43019968402984,32.76112504617224,0.0434239611815763,0.21196008119741105,31.533541022354683,31.93991683629097,0.07303981858784735,0.15267647149573615,15.488169193267822
cable,2,099.png,34.459176088889116,34.77228169649531,0.043576658631507656,0.12070615625530888,22.345890159421618,22.60069280508122,0.054847005461933274,0.10688562792911101,16.936496257781982,32.55596284505574,32.91374583508386,0.04332767334344276,0.2113800994830744,31.461228384439984,31.863453043018325,0.07344208010490368,0.14962216180597454,14.349761962890625
cable,2,100.png,34.3495317211546,34.61223029819573,0.04476232217296682,0.1123980119654419,22.340600861071767,22.612035482283613,0.05624100432899125,0.1048411239751174,20.562562942504883,31.984757872642753,32.29576420242096,0.04344958860565916,0.2099121233048274,31.406044023511242,31.872254172015626,0.07224243969320654,0.1546738538532597,12.772359132766724
cable,2,102.png,34.70680578054603,35.030858320474316,0.04469952441857243,0.11428519818366094,22.32636632648361,22.61642900521728,0.05687771661773195,0.1070527504077601,18.337961196899414,32.444491645913935,32.85129998992757,0.04282714401882859,0.21696721664425678,31.34994691103957,31.83291370938056,0.07121123662713637,0.15662899711497816,12.386939287185669
cable,2,103.png,34.357469470090365,34.65290681617606,0.04454349063675006,0.11291032112072026,22.353704097815083,22.617009297399946,0.056915009247945826,0.10680880753205761,18.90695095062256,32.819137088862604,33.26489887486432,0.0431760124211079,0.21667430998265022,31.371227892182056,31.882618925295784,0.07182994207290855,0.1546405405822996,14.700327157974243
cable,2,104.png,34.298771879416734,34.62060692964858,0.04430704367778255,0.11484296594275237,22.340697252860988,22.618941497221023,0.056091589306497054,0.112330789784127,16.887553453445435,33.017064819556936,33.41525635550111,0.04209038686329068,0.21642457309378896,31.457482452077308,31.90378716443164,0.06966169967195766,0.1585590007410078,17.79840660095215
cable,2,105.png,34.551962691791545,34.83642000930495,0.04385194341970944,0.115538406279344,22.34403431376461,22.6019066794448,0.05541442734466752,0.10662090937672819,20.183793544769287,32.65781175279197,33.08324478586647,0.04225125347477124,0.2176956899811524,31.453091593196326,31.887332776588032,0.07127667925820466,0.15328559809938816,15.973657608032227
cable,2,106.png,34.9908813424486,35.333011564062666,0.04209649434925853,0.121440620515188,22.315987893090394,22.6227881601045,0.054349876285994414,0.10936278576298392,19.506885528564453,32.40948131223371,32.823206665461335,0.0429557429408564,0.20763553636667267,31.43731964795379,31.95683043262769,0.0735053500436189,0.1452274122029134,14.785516738891602
cable,2,108.png,34.750847428592664,35.05045018083438,0.04375126638038741,0.1156848322567132,22.3161655541145,22.6041302978543,0.05506511846614958,0.10781998440610648,19.85195255279541,32.79267417462519,33.240885014854975,0.04155196847787056,0.2261727198172567,31.382041222573775,31.876758455907556,0.06909699252984346,0.16261916600190207,13.568073987960815
cable,2,109.png,34.68281289003838,34.95697383669922,0.042980119608159305,0.12712464748645294,22.353741541340796,22.597588839987033,0.05407817663291868,0.11432153532946557,17.462811946868896,32.1105134260748,32.47693349119107,0.042443109806844244,0.20862703546748929,31.419059010312047,31.913596472817726,0.07115010557641673,0.15224212322734487,13.181994915008545
cable,2,110.png,34.57969418882869,34.893703354644494,0.04481790631040073,0.11132580055390373,22.32075140918925,22.623465526646587,0.05595553945396862,0.1107578907605337,16.770514488220215,33.52675080692599,33.93485116360015,0.04426768121834234,0.2106846143077599,31.40485041825285,31.88106215092565,0.07241965083961431,0.15451098896366353,13.488672018051147
cable,2,112.png,34.73331445757313,35.001474676574645,0.04282591830845867,0.12229460308734019,22.37067257050549,22.62618882074995,0.053340120826895224,0.11386124693828288,18.165334701538086,32.604725959285275,32.95468181125014,0.04145870888719146,0.22458124517682415,31.508383280445745,31.929157175859473,0.07126556749100901,0.15625945848477574,14.444148778915405
cable,2,113.png,33.97250040236382,34.221633797360504,0.04374035107738653,0.12141965860803586,22.38105230314632,22.61677253015744,0.055078311936487975,0.11558218418811136,18.028202056884766,32.49906714012532,32.816342022700674,0.04433901420199207,0.21198962146942193,31.52670243844156,31.895559159712562,0.07387574626758471,0.14980251330359382,12.012933850288391
cable,2,114.png,34.297502136466335,34.56619755622607,0.04462192957233642,0.11222837413991543,22.305257074238924,22.614518722151132,0.05539504258572896,0.10921845813684505,19.67159605026245,31.91873823915658,32.26825598682075,0.042802335673990416,0.21695758676505938,31.43418831466854,31.911001525350034,0.07162934600646337,0.15615337342787777,13.301723003387451
cable,2,115.png,34.512001746830805,34.81640117592218,0.044122543970585515,0.120451387207079,22.30278050153841,22.600978129574806,0.05615038747745242,0.10841737367033641,19.142850875854492,31.82196131358295,32.21901561987673,0.043271724610736695,0.2131447859492607,31.337864095066273,31.87345699221257,0.07268001177605865,0.15126490747975987,14.450717687606812
cable,2,116.png,34.40094910361037,34.684967724617174,0.04461781832586389,0.11153339841549914,22.33232377287139,22.62322231073104,0.05518788415744089,0.11204213555294941,17.400906562805176,33.19697849203256,33.58150213940952,0.04357225351134142,0.2179662419079764,31.400881064158796,31.881604466296345,0.07303353664118516,0.15507281057385872,15.135967254638672
cable,2,117.png,34.3796610190427,34.64089146181132,0.04413771372984496,0.1147615020629723,22.33459877119728,22.623420318181072,0.055075155473321445,0.11176167647004169,18.65220355987549,32.40539607614083,32.76392401064751,0.04154948063365929,0.22537483955126034,31.36550157879563,31.869177614467517,0.06960357898781316,0.16224232950087533,13.744343757629395
cable,2,118.png,33.598350175958416,33.87821984661698,0.04626732251172243,0.10966795414454801,22.35500870922542,22.59926765023661,0.05729626725353546,0.1068690015232556,18.850738048553467,32.086005953047376,32.43496990987121,0.04497758846446916,0.2089185543928682,31.49460172118912,31.91204989703138,0.07370121623501673,0.1495205959069929,13.889049530029297
cable,2,119.png,33.74278018534206,33.985012454925794,0.04387608501968735,0.11662800750475606,22.315309069878406,22.600671518210785,0.05348608532965836,0.11056382563260363,17.58977222442627,32.62875774361868,32.990223336367755,0.04180063025331696,0.220904699965678,31.4470158396623,31.925339665659667,0.0690571139575828,0.1594922369262465,14.206170558929443
cable,2,120.png,33.97321472553223,34.25303481287624,0.043337726514508144,0.1193762722786725,22.33332850730649,22.625165791311,0.05270245658989134,0.11370561575861138,20.005350589752197,32.04085406551526,32.42792836824494,0.039621447118222713,0.23438631237267096,31.405591682646218,31.898452457871297,0.06687684703322974,0.16905438544723111,12.709184169769287
cable,2,122.png,33.571014878774434,33.82800937869481,0.04350345935627082,0.12495837690406952,22.34244092471846,22.60205726162825,0.05453512837074071,0.11266352166435323,15.574871301651001,31.30683307356296,31.648622107637234,0.043807317530905575,0.21326555378967713,31.543361778977523,31.921047047502903,0.07494152487806997,0.1461414520110771,12.467982769012451
cable,2,123.png,33.92819868815372,34.20324232660947,0.04331352728352052,0.11326107703849099,22.362370160767796,22.622490008505313,0.05611568047817093,0.10582967821137622,19.255859375,32.31949774586484,32.67515193874482,0.04362150466383602,0.21134676346831274,31.515565296597437,31.93064513539345,0.07474204713878647,0.14753095555245435,14.753604888916016
cable,2,124.png,33.80405657009003,34.09849739820421,0.044202278568828,0.11321535728356426,22.352082960400203,22.623062568585286,0.05558376028441742,0.10615547421966243,20.352774620056152,32.165919004199765,32.512389364832984,0.04510240096042516,0.20475199768028535,31.435443538197664,31.854449745245034,0.07344697920328723,0.14878596929817423,13.662282943725586
cable,2,125.png,34.119820341731554,34.39946656542166,0.042632826088627354,0.1207199652356422,22.329562327871034,22.623639508629843,0.05401934837223593,0.11242356036071746,18.251704216003418,32.55601997975773,32.89487886823645,0.04202230644954972,0.21762350606151049,31.383458834450742,31.922804184506777,0.06820394931191667,0.16075205771420864,13.327715396881104
cable,2,126.png,34.20035015241423,34.48729091676422,0.04457750758019962,0.11237712629145225,22.349210771444646,22.62467166032444,0.05454947529525415,0.11111703684786936,19.96700382232666,32.81512219913471,33.138174121746886,0.04379617150283473,0.21051235699461604,31.518618536510168,31.944308452958772,0.07228053270069987,0.15507835197362194,14.329938888549805
cable,2,127.png,34.11141266884873,34.36349079973624,0.04556454365006607,0.11609362356241525,22.331710795802554,22.62644497260381,0.05713205012959161,0.10753622483051552,18.05955219268799,32.27174620289891,32.588722664650525,0.04468369814624296,0.20416909204331857,31.439647170952124,31.87429872711274,0.07393631657553125,0.15148298886004374,16.46211528778076
cable,2,128.png,34.06500000072532,34.32432355719794,0.043646556127428154,0.11540645159706223,22.34979010498295,22.623243805282026,0.05398436755614679,0.11312596564383219,18.135316371917725,32.046121905470685,32.382759866819974,0.042199796879615184,0.21536371503309432,31.432607140258817,31.900027643214496,0.0714164755509438,0.15678403678567326,13.302280902862549
cable,2,129.png,33.9934450627449,34.27275299965823,0.04428417755260559,0.11787717923138648,22.322500932576574,22.6233850381658,0.05456741214048704,0.11382214221622018,18.797500610351562,31.87223280376879,32.21538300440397,0.04208444277122791,0.22015376364737785,31.443213853842522,31.896792068560888,0.07120231974526342,0.15773105167164328,14.864718675613403
cable,2,130.png,33.598045242686936,33.865517507243815,0.04481358286786194,0.11689562769841819,22.344682531552372,22.622091164765248,0.056082141183470074,0.11309995805641417,17.473318099975586,32.07186732482422,32.42402446399379,0.044501313095105514,0.21120711617008348,31.428571113668735,31.891013153160202,0.07268967990114937,0.15322788905099258,13.347653150558472
cable,2,131.png,33.84545498148236,34.1429526535501,0.04333009851006291,0.12326773660220203,22.31362306906047,22.599687273812098,0.055007662469005805,0.11439027642953298,18.157861709594727,31.712716020029703,32.10810764596987,0.042273665683934515,0.2149156956113802,31.311687941860626,31.814767486335235,0.06912436728492016,0.15772983781084993,12.970014572143555
cable,2,132.png,33.98328325105602,34.2957932531121,0.0439588106441408,0.11693802145060431,22.328555932393996,22.620943045085607,0.05575021211659661,0.10957207408702238,16.910565853118896,31.92794751778105,32.29316334406361,0.0413989142269491,0.22571641112848728,31.387672144408377,31.89209609248925,0.0688190851902863,0.1636777279532338,13.637548685073853
cable,2,133.png,34.76585239537721,35.05170253171809,0.04306039437138065,0.11816024492802503,22.317945651950296,22.603308314212352,0.053777785276555,0.11302563917821734,18.949767112731934,32.360455852597354,32.71425659736256,0.04234721427908579,0.21857984981588752,31.428585645584135,31.90442966353012,0.07084920770498376,0.15613844555653167,13.866334438323975
cable,2,134.png,34.54402137035691,34.82446476348816,0.042856376442134865,0.12146038327737436,22.336165379187946,22.626365133551452,0.053958483590638304,0.11009465319479643,17.93080711364746,32.90259311825508,33.25456237544845,0.04209917243209776,0.21883512359937687,31.410452037055812,31.877825293646293,0.06984477477655128,0.1598881355707498,15.562211990356445
cable,2,135.png,33.69367054788207,33.96246500208776,0.042777518217666816,0.12418914161301225,22.367227727837538,22.621571461761434,0.055856435060630524,0.11239418363990612,16.74455189704895,31.887991746179736,32.1546420695632,0.04327055908074904,0.21318370302971468,31.478062861900447,31.87645548628775,0.07091241425752245,0.15395818174617915,11.837366342544556
cable,2,136.png,34.77843751551572,35.10349576343434,0.043894800652465885,0.11624378084894686,22.335843093840687,22.62189504543933,0.05491820726121106,0.10731175194541484,18.375248432159424,32.980727133783816,33.35200220383807,0.0442578217105545,0.21286620671550088,31.457664765298272,31.898011315618653,0.07293123252277116,0.15345518604977565,15.210199356079102
cable,2,137.png,34.67987462632402,34.952782044026165,0.043724634649402926,0.11616284156529445,22.337137800754462,22.616116114067502,0.05512386578971105,0.10615690235170157,18.33186149597168,32.80653450171167,33.14231944771379,0.04338094213497441,0.21303284100800912,31.417268045774247,31.893059102288404,0.0703096661002223,0.1564823008638643,13.950504302978516
cable,2,138.png,34.29675758953283,34.58621056039199,0.043167170717632,0.12013399113794647,22.343296184605887,22.623775098857497,0.05455212703492503,0.10965088309187657,17.65937042236328,31.93966102429942,32.292030700379875,0.04322620607162096,0.213388274540462,31.382759649661722,31.842533457456724,0.07357848649551235,0.15091451101491402,12.71072793006897
cable,2,139.png,34.642638496573255,34.93750006161651,0.04232477232351822,0.12414534540832092,22.330288600812374,22.624464983208046,0.053969754094512226,0.11281833096918663,19.26305103302002,32.61533369061867,32.97935987360142,0.041273621554101594,0.22415128034603302,31.353073637105723,31.897732363300502,0.06670803677690816,0.166723983907713,15.042390823364258
cable,2,140.png,34.08313781586419,34.33721564614646,0.043743419891282186,0.11894391628511651,22.35293235436807,22.621225328459364,0.05502292106884209,0.11245276696252712,17.95218515396118,32.008225840548484,32.37728025405291,0.04094414060956105,0.2278750694101516,31.396378686992374,31.893631467425298,0.06806932678040502,0.16544018814948408,13.602959632873535
cable,2,141.png,34.36227216869866,34.64394699869744,0.04491226470659343,0.11421833946322385,22.30822279710086,22.603715074210754,0.055519503827998515,0.11268585054280314,18.44024896621704,32.20513826302673,32.60567053719376,0.04236535377189566,0.2225905437130108,31.42938400949075,31.905081187355005,0.07094906752133733,0.15734466734674527,12.691529989242554
cable,2,142.png,34.318618335526935,34.62416762450097,0.044913868797386854,0.111219685139729,22.32169979997937,22.624151861116342,0.05642135384477686,0.10760587582529572,19.78563356399536,32.64375068429605,33.03771080489691,0.043036359912356,0.2193698264874652,31.40775878409982,31.880745673030145,0.07220163022917092,0.1562985417656385,13.683664798736572
cable,2,143.png,33.88783359736586,34.17050058672816,0.04411134457430614,0.119506141786016,22.352011835366085,22.619477325475746,0.0559194873138112,0.1088758963840069,17.215732097625732,32.02526168643851,32.36044433526201,0.04464010124577461,0.20522741714136877,31.47445913435014,31.94673303942944,0.07102756550000229,0.1521781952129384,11.182764887809753
cable,2,144.png,34.3541885864085,34.622584338876614,0.043935559520852534,0.11685360530158714,22.327686228211604,22.62403357642284,0.054543125748052666,0.114449114326966,19.773860931396484,32.25582514959508,32.58678946301821,0.04259148073683398,0.22024142255880583,31.409771913078252,31.86320616448142,0.07000537197401195,0.1629731098747812,11.985302448272705
cable,2,145.png,34.10374174799422,34.36547517343192,0.043203208688663425,0.11847392691872312,22.36746850126461,22.616135379954073,0.055497334797618925,0.11224522683560974,20.893516063690186,31.855032943783858,32.251329657749444,0.042140809155104285,0.2211359742153924,31.371632791931606,31.82985318610942,0.07166019557946378,0.15375635292017537,16.551907539367676
cable,2,146.png,34.46473916337876,34.75179989910348,0.04419112722834553,0.11711579919776406,22.347392261693344,22.621625281569077,0.0546724292765276,0.1112928513452621,18.8821964263916,32.18001013692111,32.539621306094915,0.044228219098929135,0.21028361240485205,31.465238387372366,31.92704699816347,0.07257373746211959,0.1541112355717904,15.592230796813965
cable,2,147.png,34.112446006516834,34.43082354980549,0.044116521836719165,0.11681989985279229,22.33226889565956,22.603430132355793,0.05403818216069609,0.11406758260500822,21.194412231445312,31.917560028099366,32.267898530787306,0.0426783664835772,0.2182054200823946,31.395054044493826,31.887889822973776,0.07179593605164947,0.15581505945180102,12.991623163223267
cable,2,148.png,34.15715601375615,34.415831242885325,0.04390839195536155,0.11412959631456561,22.365254172492698,22.620020227440783,0.05601816265875746,0.10516962694005509,18.34453773498535,32.48461657878885,32.84703629054939,0.04417250880975062,0.21034030094722467,31.489555940106754,31.91230202089621,0.07425444023829174,0.1513343673579231,12.886730670928955
cable,2,149.png,34.81923107717506,35.146164588192484,0.043790872787850314,0.11626783024959557,22.336309658475027,22.622181322925535,0.05578484903962162,0.10651543087241157,19.540202140808105,32.324232189614435,32.710901628834584,0.04240413021108411,0.21940995218741846,31.45606667656442,31.917678849498724,0.0710792350369511,0.15713229669013906,14.061263084411621
cable,2,150.png,34.5955673748819,34.883469094225916,0.04387482131439448,0.11806687012260968,22.330143751670583,22.624045454677585,0.05495062621617177,0.10947091248247161,19.854051113128662,32.22503097151606,32.562982452138485,0.043274290755556145,0.21630504902341016,31.438011994925287,31.926398771208135,0.07250957797354765,0.15360207815723972,15.966594696044922
cable,2,151.png,34.51426281034558,34.82399753947528,0.04418507028565125,0.12016386832998996,22.30709636305251,22.620099548876773,0.05465028467699132,0.10835262537578774,17.298799514770508,32.38617710943858,32.745604147146544,0.04338526798915335,0.21409204961055034,31.42514378058793,31.939894309125695,0.0705691745507027,0.1573090358148355,12.003581643104553
cable,2,152.png,34.57606388340248,34.86912855564518,0.043277691312482214,0.12198894054852033,22.323756413871763,22.603441418348265,0.05331546132635147,0.11337822978931983,19.2317795753479,32.22445571254656,32.56531133218692,0.04028723483909647,0.22636858219976083,31.46202696075629,31.862542530898356,0.06799009558201073,0.16159846715623194,12.883711576461792
cable,2,153.png,34.44496597507528,34.70981697610144,0.044942836055731746,0.11789645797007993,22.33085980779345,22.603164067873106,0.05401301248562364,0.11139331153618649,19.25335693359375,32.52688533915398,32.8742555866029,0.04320368821290128,0.2165414354299498,31.425831510366837,31.896147776772914,0.06998209044188618,0.15908305032510558,12.423367500305176
cable,2,154.png,33.72292501889973,34.01832510392957,0.04325175042223108,0.11843881938286481,22.33626521975065,22.622964037676336,0.05571124092383095,0.11168286725985067,18.41099500656128,31.719131337720363,32.0595269329122,0.042384828223243236,0.2245103840042743,31.40520237582745,31.891580275028865,0.07219859366385477,0.1551495597682711,12.579542636871338
cable,2,155.png,34.244815568708844,34.52519093711779,0.04438209645116353,0.11627172400067484,22.317768639578556,22.600834903746623,0.05483035413878134,0.10856048306003775,18.051899433135986,32.174769486928156,32.53740293027122,0.04299066204744784,0.21362979788531047,31.419407478157538,31.927016023990983,0.06961946327329932,0.1604459459724815,13.699897289276123
cable,2,156.png,33.931510601580456,34.207981412817915,0.04375958974737038,0.12018806054120008,22.341938584992036,22.604191642248566,0.056554168022028006,0.11006358092697746,21.017664432525635,31.912089669329333,32.242293912383765,0.04527529850907898,0.20366566919748183,31.429985542116274,31.922274361548155,0.07139812119274867,0.15173508965828797,12.091303825378418
cable,2,157.png,33.73437591707568,34.046990881366604,0.04530970550441833,0.1187806281451166,22.31519989751849,22.62243158202219,0.05695808112944901,0.10732696249545814,16.665128707885742,32.740986504258665,33.12666323915299,0.043028797310071774,0.21780872911600846,31.45735662261594,31.893512172152327,0.07267263499817556,0.15375381346683362,11.969921112060547
cable,2,158.png,34.020174685450286,34.31612049539091,0.04262853277657327,0.12107730572278454,22.329467772591773,22.59542945526824,0.0546409646187016,0.11326494364230853,17.64723777770996,32.23200439875605,32.552401650515264,0.042384231035381276,0.2203085032192064,31.525415007874933,31.917193721606527,0.07180792677142368,0.1568455655565499,12.328189849853516
cable,2,159.png,33.64129657977121,33.90966056504425,0.04628825601518953,0.11071849999173432,22.363748079789794,22.603078006342997,0.05757145637705783,0.10536616171142194,18.71285581588745,32.37303586991739,32.67784905513266,0.04706974004022964,0.19853601108706043,31.549077056224306,31.915278377032006,0.0763205833313999,0.14558640690838504,15.086029052734375
cable,2,161.png,34.15204163250978,34.46611273789884,0.04302364689584005,0.12146632069327233,22.332633789735844,22.613928699726962,0.054846673106400186,0.11072039109189749,17.688143253326416,32.45543409132742,32.820105463654095,0.043087071836631616,0.2176549568037352,31.53500197246041,31.941390903912644,0.07476934596731091,0.14965568165065277,11.784391283988953
cable,2,162.png,33.6059809678333,33.87142832270762,0.042948814234233725,0.12452885076042924,22.31242352979733,22.599995238873362,0.05313176203934671,0.11677229890553437,15.650336742401123,31.9415014042494,32.2826384216472,0.04163390577229224,0.22342449911901474,31.46605111742227,31.88455538802252,0.07126545847754553,0.1556178640567951,13.720402717590332
cable,2,163.png,33.80380701453427,34.080510453013105,0.04469819384104271,0.12031985042453619,22.3111406829643,22.598863087495314,0.056085037775662996,0.10837162601910302,17.81926679611206,31.634827029724953,31.962256391787577,0.043991644366764,0.21498939227145922,31.481078175753886,31.927250989864387,0.07309316492901423,0.15423773873816082,11.977716445922852
cable,2,164.png,34.394767994351,34.693301858298696,0.04347623133877124,0.1200583459036196,22.33192690047335,22.621447266231808,0.05449231683896441,0.1100691990003139,18.228830814361572,32.692074376683735,33.05928131888208,0.044246504814713136,0.21141782361898484,31.400523329227205,31.87316053992843,0.07254840086083299,0.15013972180812618,13.819650173187256
cable,2,165.png,34.202585874986,34.49539866767482,0.043628813789279124,0.11742710235312268,22.33945598011175,22.607112391898116,0.05626988646661316,0.10877288633941776,18.956880569458008,32.26495458713296,32.670681210284286,0.043052233377224886,0.21700459730306373,31.44239294806297,31.871113283210825,0.07403392862258179,0.1494656496677759,13.697426795959473
cable,2,166.png,34.05044595633207,34.30018078499015,0.04471455836927344,0.11811130635785527,22.368569461358874,22.621772302694005,0.05683651022258341,0.11014728441156887,16.222833156585693,32.16054133473058,32.46288109423416,0.04535851141068214,0.20248549305062272,31.51417472809507,31.888262421705956,0.075619055978232,0.14561441870104916,15.902703762054443
cable,2,168.png,34.4050294607716,34.703693928505615,0.043726735327015334,0.12047516333999507,22.367791964507084,22.618902586606524,0.05507271297103866,0.11399734440947455,17.32507038116455,32.5151138594282,32.80790161433266,0.04307016437729394,0.21835422955214312,31.546116980793336,31.881177634537988,0.07433440468229909,0.15233252079970488,17.027070999145508
cable,2,169.png,34.039120872858,34.36094128188481,0.04332023171941971,0.1199501155376158,22.33515446384314,22.62453469045662,0.05441748274908831,0.11513427153617509,16.473379611968994,32.80565556537009,33.25026142670759,0.040874843321303374,0.23166785188112096,31.39942956585581,31.9255626217864,0.0702347661877549,0.16138209146867707,14.830137491226196
cable,2,170.png,34.13613535848336,34.40038761657123,0.04357347150703962,0.11966873147583221,22.36710259454267,22.618866765469782,0.05569182358559462,0.10838558714132109,18.055192470550537,32.780139040681654,33.102547071162974,0.043459242580076704,0.20588164006503754,31.460319248865044,31.874594376726844,0.07288584188429002,0.14825346399104342,12.339742660522461
cable,2,171.png,34.36887025729726,34.666050529577845,0.04451072390382843,0.11346183231444963,22.32919392881004,22.622257108830986,0.05728952782971577,0.10844016146511164,20.14400005340576,32.18139511494564,32.506012715892794,0.04402895082331639,0.21435049478314033,31.3590301353496,31.83970170719492,0.07260905366830092,0.15538816421816895,14.02749252319336
cable,2,172.png,34.34783617368224,34.630762895410555,0.04408108274494905,0.11446473055721891,22.342229527249614,22.623638758695716,0.05635254305916343,0.10640046674751596,18.966357707977295,32.000224053954135,32.38331093981925,0.04169460384404267,0.2231388628605761,31.39571362891374,31.888212390644117,0.07041107028205511,0.15955985948280835,16.1239595413208
cable,2,173.png,34.32813974233274,34.58602393229158,0.04361620941834394,0.12093913043043315,22.3792078401396,22.621715423426732,0.05700574245180107,0.10826235163182552,18.233489513397217,32.267879447141325,32.587812447782,0.04443041101616452,0.20424696229741274,31.542113778632416,31.932147975385206,0.07464970627770186,0.14569562133467198,15.237345695495605
cable,2,174.png,34.360351673852506,34.67200702279534,0.04338760357871296,0.12199479417157225,22.32311232841573,22.620767613382846,0.0551349703688872,0.11210529490601041,17.084796667099,32.28950702234381,32.614000867237316,0.043102139552310376,0.21568576014876747,31.49774191806241,31.910834625620275,0.0734557537106554,0.15021692642823545,13.668164730072021
cable,2,175.png,34.47144582150891,34.74681683105482,0.04312583442631555,0.11782236142875796,22.362856709926056,22.624862764050867,0.05511469733768373,0.11045725189530194,22.12761688232422,32.298935544922145,32.69742476934729,0.042226231899914105,0.2193309483281562,31.34655571024644,31.844849119689144,0.0694187841455951,0.1594083736502769,15.97605848312378
cable,2,176.png,34.1526219334138,34.39757721559338,0.04179874925412419,0.13144862687136324,22.36904777867924,22.600457455542887,0.05387891551263863,0.11772433758215867,20.494792938232422,32.39805103528461,32.73273158454747,0.04235181729962971,0.2178090522461281,31.498957227930834,31.879115289098984,0.07210825280292292,0.1529042969838279,14.965421676635742
cable,2,177.png,34.145874508197615,34.39975417889139,0.0433792420077701,0.12175281079255326,22.34928283250599,22.621385192319472,0.05503733547134474,0.11206414495311179,16.8203444480896,31.660195142049034,31.996811899935402,0.0432413340458574,0.21671168687635659,31.403251240627092,31.878022673334,0.07145811320035719,0.1534334394159809,16.429715633392334
cable,2,178.png,34.437017950458156,34.70980325555531,0.04153142079858901,0.1299469967957817,22.369472215435117,22.624253101598846,0.053392024506353206,0.11564595797080418,16.895809650421143,32.489577586065444,32.83360031249614,0.040266435699590285,0.2248583169756382,31.586885938920307,31.92448790550902,0.0709109512967158,0.1552735864451069,17.051987171173096
cable,2,179.png,34.02888882471451,34.30264916228097,0.044727914663952734,0.11601558732619992,22.32077636017867,22.601789898246803,0.05585343518504067,0.10730989015265159,18.7625150680542,32.213569152257094,32.56852967892245,0.04332990233045525,0.21663749111472672,31.37977050525582,31.83346725601077,0.0713663372504799,0.15680745907909782,12.863169193267822
cable,2,180.png,34.67163486111649,34.92103771347673,0.043673652285602445,0.12140787748133067,22.35326378530079,22.601914996974575,0.055981151846430086,0.11054376039119966,18.095853805541992,32.24385795308475,32.61988035571038,0.04181933378170465,0.2208839114346133,31.393602035526765,31.86385936503616,0.07070061495142825,0.155974494958932,13.57931661605835
cable,2,181.png,34.53638133733172,34.81074494270406,0.042332629462200864,0.12534694778005692,22.354526479130143,22.625405629353033,0.05424231775651014,0.1141343144903383,20.441081047058105,32.41755805611929,32.81870620113218,0.0423018401594802,0.2108940004741298,31.471641091356222,31.944917312070302,0.0723079582969082,0.14933319170504106,11.94845986366272
cable,2,183.png,34.631242930636304,34.942936512832176,0.04449610071493165,0.11633983517763988,22.321029213372345,22.625550858244623,0.056671825976831375,0.1088192284320741,21.115049839019775,31.93755051279329,32.30987879410949,0.0435229495071666,0.2084611550525148,31.394425350258153,31.852112242110326,0.07257013266655102,0.14908554232273843,15.33857274055481
cable,2,184.png,34.1186373636461,34.44711209338817,0.04351666763566814,0.12396710328919197,22.370297674577337,22.618020368364306,0.05767816600229445,0.10943935311258746,17.866107940673828,32.88775573354365,33.233838482121435,0.043038923763909116,0.21098065470932023,31.53403858371003,31.931995040656044,0.07281068120360171,0.14799148864482814,13.037744522094727
cable,2,185.png,34.11248032193065,34.3725196935389,0.04302903967440291,0.12082645153521859,22.351925496897515,22.61272539375235,0.05404628425432988,0.11086929366816382,18.208157062530518,31.971392586275115,32.305446441500244,0.042596170206611224,0.21869080699301777,31.505583292636743,31.904823365711874,0.07348085304994659,0.15092302338050206,17.89331293106079
cable,2,186.png,34.30177414963282,34.59955752004443,0.04373010023007285,0.11947729563480357,22.364046428978057,22.624502090438263,0.056120756806484,0.11245418436063784,18.352201461791992,32.34258262307486,32.670776703940284,0.04375412261475346,0.21009860389201523,31.441926393494384,31.898807012186865,0.07266636850289472,0.1497401671889857,13.854824304580688
cable,2,188.png,34.00878311851369,34.27827173008161,0.04339088105401073,0.12189165653802012,22.343228251422694,22.619326087871112,0.05424422687538597,0.11170751813480433,18.262869834899902,32.27514991675907,32.64029275438517,0.04346859493654517,0.21534095789722302,31.402666895563556,31.873397147068548,0.07220330390092253,0.15367892409276332,13.682284355163574
cable,2,190.png,34.497349604034035,34.78998661092021,0.044631509770013525,0.1166363076438576,22.32375176773226,22.60359687118234,0.056726504909070365,0.10991382435868835,18.939006328582764,32.36688891087016,32.75370755440831,0.04348616960374302,0.21535467742895595,31.43024947261936,31.90645203997091,0.07160167196468203,0.15632014317078333,14.690178394317627
cable,2,191.png,33.88759313455975,34.15563152286249,0.045487511287296,0.11897887712858657,22.344338558877315,22.603977141975523,0.057831629394768144,0.1100829276191822,17.545791149139404,31.69250599027845,32.02464090620968,0.044334205479290005,0.21046553556581427,31.471982420128768,31.842022762212054,0.07401864793904499,0.14802122478885796,13.25182294845581
cable,2,192.png,34.16651819140961,34.435022093934755,0.04389185427121469,0.11563182099023497,22.366687011436582,22.602678441092703,0.05598783852746279,0.10785144234315756,19.783817291259766,32.274427551106854,32.58732006609448,0.04372194736746329,0.21213352737278535,31.470137075879098,31.897285331634198,0.07212001441523007,0.15330874199306352,13.668859481811523
cable,2,193.png,34.499503787607274,34.81537502504975,0.04462956445875836,0.11774018406935653,22.30966657377698,22.60362574594386,0.05613193740685169,0.11046183515917739,21.117589473724365,32.31137488792164,32.694646141598774,0.04376594127110963,0.20753051094908115,31.43413817420079,31.885599782255486,0.07193496651618551,0.15204156177371908,15.460215091705322
cable,2,194.png,34.5575135630211,34.84703629959122,0.04549928081444761,0.11504002804394695,22.352991700000526,22.622010002827988,0.05711742944747589,0.10701659461142889,19.13477611541748,32.10206341867881,32.40767573565268,0.0450352677008755,0.20716926365214908,31.49491935738815,31.921155141623455,0.07374677343392454,0.15101754698537753,12.642121076583862
cable,2,195.png,34.350603101336205,34.635599535461694,0.04567446698842083,0.11642679898354617,22.344636050557902,22.62539850184743,0.05789264539611456,0.107745971955437,16.111527919769287,32.891066191392035,33.224740950336134,0.04512650903466547,0.1993141072191934,31.431876113068753,31.895531111727838,0.07347983355500406,0.14695066867315187,14.40571641921997
cable,2,196.png,34.53150140181658,34.82890879962222,0.0428106203256763,0.1218520927665374,22.329230712117948,22.603125817935833,0.05503313391480102,0.11130492080427579,20.402189254760742,32.29531959982695,32.605216112164406,0.043068099368885816,0.21043539014041204,31.468835653210597,31.8960522487691,0.07209780814573699,0.15274756599831005,13.572478771209717
cable,2,198.png,34.25782832127729,34.56161114231568,0.04475196109319294,0.11843646513788553,22.30124165277791,22.601153642646434,0.05506209352395297,0.11075435869068306,16.453930854797363,32.15143489132717,32.49241960260914,0.04378731585485858,0.2153711432896487,31.53150190190224,31.969840643505247,0.07199104271844482,0.15554900545321207,12.796450138092041
cable,2,199.png,33.906059371421705,34.19720646881303,0.04603236467264573,0.1123682503273071,22.34673152385944,22.624037313650593,0.05843693822470178,0.10711826378064937,17.88762378692627,32.483203888830516,32.81750182227398,0.04473654123377934,0.20700519932895894,31.44235985075153,31.90930330419531,0.07515530888972942,0.14712440847859423,15.953397274017334
cable,2,200.png,34.21037500442249,34.5246148148442,0.043829519196249035,0.1204691442806574,22.307108358481933,22.600858805800232,0.05570065318965084,0.10718965611024366,19.599579334259033,32.3775222620693,32.75553952651708,0.041272551866997895,0.22537745250288863,31.422662402789896,31.87956981359786,0.0710208760421036,0.15963374651592857,15.858207702636719
cable,2,201.png,34.232430412738324,34.517353690078835,0.04480699731619983,0.1206705243116357,22.37495119020062,22.618693996633276,0.057820687819624766,0.10966463796149464,18.7196364402771,32.195069764793814,32.52493509933295,0.04552585279934056,0.2064237897105362,31.50769924743372,31.91724959501499,0.07667800906467116,0.14396582208252043,17.141074657440186
cable,2,202.png,34.49435369912117,34.809425445369456,0.04451504770909544,0.12098635311229775,22.361575435502516,22.623574405563843,0.05659115574224548,0.11302650325556678,21.239989280700684,32.43435568966264,32.767927611943016,0.043683954565697604,0.21129900366435173,31.454253427875422,31.89269890648856,0.07368401553195676,0.1533932449503497,16.27163314819336
cable,2,204.png,34.44864347835263,34.78151123632017,0.042987003174095054,0.12374038135907954,22.329328366162727,22.59898015512979,0.055136511481084956,0.11022949538826655,17.50070571899414,32.703540333268286,33.13246805887928,0.04207177181939299,0.22172201068316555,31.424475685008353,31.92320855942172,0.07013817755960619,0.15728154132667646,13.628133296966553
cable,2,205.png,34.26739470970067,34.555453611458766,0.04508473841954042,0.11829870430433971,22.37093159446345,22.6263358951245,0.056728970589681245,0.10914928964959321,17.714857816696167,32.48481829220352,32.840638045355824,0.043562616033034,0.2169470725033119,31.5615826624011,31.923660318227867,0.07676323391621255,0.1462146381839553,12.750505447387695
cable,2,206.png,34.27619018637635,34.59570011032449,0.042971571102180965,0.12637206536626677,22.331583071223875,22.618484872071225,0.05652363233259028,0.11229486515622644,17.167704105377197,32.16181191921186,32.52349049833599,0.0424288570954036,0.22145395533406362,31.46118772194287,31.931589141780226,0.07242442156432104,0.15249112645857602,15.444650173187256
cable,2,207.png,34.44634977995504,34.779305673127425,0.04396322039605746,0.1223541019311089,22.342438058872464,22.602612475170613,0.055539027918043396,0.11263107269003655,17.985110759735107,32.481652936287034,32.84596831994106,0.04297247471085189,0.21882836099629444,31.444635519064825,31.853941655015298,0.07114837039752513,0.15852412155606235,14.079076051712036
cable,2,208.png,34.02222386146369,34.30147492150381,0.04300579575098724,0.12663913022253365,22.324769548993995,22.60125427314175,0.05526556510502456,0.11297110338363374,17.50175189971924,31.545610139841024,31.867169476318626,0.042686374016337396,0.21680786180701225,31.397927249615993,31.91911428583174,0.07096621743783141,0.15565539514643878,12.872483253479004
cable,2,209.png,34.0965840937819,34.429356211744974,0.0434180381894543,0.12284616939526657,22.33553962957692,22.61631119039089,0.05603148896211294,0.11215284385618393,18.28282403945923,32.09210870292692,32.42185878626836,0.043104876159553565,0.2161631526493009,31.499607589385786,31.87408267868047,0.07264950813527737,0.1527491803587931,16.85477638244629
cable,2,210.png,34.09301378248527,34.481237301815376,0.04318814268815498,0.12025772082489013,22.346209347583628,22.62412727045892,0.05544205930215058,0.11548001081068147,18.280080318450928,32.60621070911161,33.028850939281526,0.042315411142367164,0.21897310981822346,31.466747612316134,31.870910914475203,0.070785186868271,0.1575259523642056,15.192859649658203
cable,2,211.png,34.163725292768525,34.49197132961175,0.04450285706144949,0.12094964145512066,22.345617421374794,22.612753572206515,0.05774350844777724,0.11339592003025427,17.58692216873169,32.42222237157176,32.85575232941403,0.04049532189427404,0.23213302956888068,31.46505696068659,31.916336482587607,0.06961764748940207,0.1604734857927836,14.247840881347656
cable,2,212.png,34.247887959721865,34.55731736394944,0.04501721081795293,0.11549333365272596,22.28839685581093,22.597240951105764,0.05615070023857364,0.10824428601349795,19.20968532562256,32.15304796029861,32.545705650415734,0.044273120032594246,0.21124111178926105,31.35247847646371,31.858887409679607,0.07341605453967999,0.15200375310577705,13.488653421401978
cable,2,213.png,34.09899505557911,34.388192310927,0.04300779300015725,0.12567619919939962,22.329905483563678,22.614911953527443,0.055071540538861215,0.11575056041719124,17.545133113861084,32.398239145087565,32.72532307356718,0.04248306033779139,0.22217570294081224,31.474948464202754,31.94334820359232,0.07107105659262772,0.15778981263079275,15.780060529708862
cable,2,214.png,34.30984571850366,34.65698944357004,0.04404876998468617,0.11589700219913496,22.286078032702253,22.60372021323692,0.05493755522392888,0.11088308520371969,18.45984125137329,32.17906575476478,32.549832159080395,0.04229953148788523,0.2220398547355454,31.378415838321907,31.897758722892437,0.07128221397976754,0.15515428761271483,13.039907455444336
cable,2,215.png,33.84811717396298,34.12440480536691,0.04375669666740161,0.1255180040749486,22.347631629948584,22.59828484142559,0.05460566483905453,0.11591681380893581,17.035912036895752,32.09616155134103,32.40160932120981,0.0440543188772129,0.2147884169577787,31.488371663385372,31.862932483014497,0.0738225674946164,0.15210129401403863,12.169486284255981
cable,2,216.png,34.03240033414346,34.360694071852684,0.04516370535502041,0.11451596738756246,22.345341777081508,22.6242357203685,0.05772431704379627,0.10838903225487347,17.111491680145264,32.28613099358427,32.68348084681036,0.04405553594962163,0.21311466705476972,31.478623171116208,31.90694232302109,0.0750959593657302,0.1472238618070502,13.575300216674805
cable,2,217.png,34.153032447288666,34.46570498077132,0.04338918548704357,0.1194042338181537,22.281948842883878,22.62588592365761,0.0543340458241592,0.11078775361356086,19.33628225326538,32.45581304233309,32.93040353284745,0.04148679670785552,0.22373344585580762,31.36256716520016,31.91016555291766,0.06983715081126687,0.15953947531506354,16.793834686279297
cable,2,218.png,34.10787541525741,34.465536664941865,0.04479529280248605,0.11428558188978419,22.323885047477276,22.61731066206071,0.05635994764216081,0.11053874974382097,19.504512310028076,32.43931625232036,32.88850321581574,0.04357379424934517,0.21405628775657537,31.33835237052441,31.88054668278601,0.07026187851400266,0.1561128856809102,17.505837440490723
cable,2,219.png,34.360847589374,34.663223264317445,0.043831853080855576,0.11940825499055717,22.339259358028404,22.623912076369432,0.055941577651808426,0.10882715961771844,18.542191982269287,32.56341837805962,33.01209309363723,0.04182100777761452,0.22045493737073296,31.36062703102128,31.95692893108798,0.07042078680726462,0.1556138307130856,13.165535688400269
cable,2,220.png,34.249739030775444,34.51125845083541,0.04463935965919777,0.12224554883359,22.336090417886304,22.625627578266656,0.056565763726789266,0.1124416072452936,16.15038299560547,31.75447616580733,32.076036149110855,0.04480815085480486,0.20565756919972392,31.467633018593865,31.907958272444418,0.07340831940082383,0.1511050015225818,15.405283451080322
cable,2,221.png,33.9400713018021,34.230092448770726,0.04421698228290375,0.11938194816113983,22.349519597887713,22.626318828457645,0.05665771404125668,0.10980585379981865,16.929616451263428,31.88156427363696,32.175098599779545,0.04477666961487554,0.20231304639648065,31.49016066077243,31.891544779767006,0.07470600017792815,0.1483632789687799,12.79665493965149
cable,2,222.png,33.74924043111676,34.03407906457624,0.043304004173169056,0.12553807658779886,22.34690071602637,22.617725022038492,0.055476218459441125,0.11257739520626046,18.461207389831543,31.498676264405066,31.806966003449805,0.04443129189837427,0.207765435949497,31.436680862847837,31.873163289916867,0.07427315198492754,0.14887999969521915,14.049993515014648
cable,2,223.png,34.12828208505319,34.43424337603732,0.042904257302993486,0.12496927872516934,22.318326075110107,22.60371830022439,0.05503311110273255,0.11293104469751278,17.74462366104126,32.04816805822048,32.37487220219921,0.0425895373874095,0.2135486308501436,31.460569133597843,31.910325530788775,0.07175891174846999,0.1552692141094876,13.775447368621826
