config,category,seed,alpha_l2,alpha_l3,subset,shift,defect_type,image_path,score,clipped_high_ratio,clipped_low_ratio
E11_B2__cable,cable,1,-1.0,-1.0,val,none,good,/root/autodl-tmp/research-experiments/industrial-anomaly-detection/data/mvtec_ad/cable/train/good/012.png,56.6491813659668,0.0,0.0
E11_B2__cable,cable,1,-1.0,-1.0,val,none,good,/root/autodl-tmp/research-experiments/industrial-anomaly-detection/data/mvtec_ad/cable/train/good/014.png,51.038063049316406,0.0,0.0
E11_B2__cable,cable,1,-1.0,-1.0,val,none,good,/root/autodl-tmp/research-experiments/industrial-anomaly-detection/data/mvtec_ad/cable/train/good/035.png,48.775516510009766,0.0,0.0
E11_B2__cable,cable,1,-1.0,-1.0,val,none,good,/root/autodl-tmp/research-experiments/industrial-anomaly-detection/data/mvtec_ad/cable/train/good/037.png,50.44086837768555,0.0,0.0
E11_B2__cable,cable,1,-1.0,-1.0,val,none,good,/root/autodl-tmp/research-experiments/industrial-anomaly-detection/data/mvtec_ad/cable/train/good/038.png,51.79912567138672,0.0,0.0
E11_B2__cable,cable,1,-1.0,-1.0,val,none,good,/root/autodl-tmp/research-experiments/industrial-anomaly-detection/data/mvtec_ad/cable/train/good/040.png,54.49771499633789,0.0,0.0
E11_B2__cable,cable,1,-1.0,-1.0,val,none,good,/root/autodl-tmp/research-experiments/industrial-anomaly-detection/data/mvtec_ad/cable/train/good/080.png,56.17290496826172,0.0,0.0
E11_B2__cable,cable,1,-1.0,-1.0,val,none,good,/root/autodl-tmp/research-experiments/industrial-anomaly-detection/data/mvtec_ad/cable/train/good/092.png,54.1556510925293,0.0,0.0
E11_B2__cable,cable,1,-1.0,-1.0,val,none,good,/root/autodl-tmp/research-experiments/industrial-anomaly-detection/data/mvtec_ad/cable/train/good/096.png,51.200965881347656,0.0,0.0
E11_B2__cable,cable,1,-1.0,-1.0,val,none,good,/root/autodl-tmp/research-experiments/industrial-anomaly-detection/data/mvtec_ad/cable/train/good/102.png,48.32424545288086,0.0,0.0
E11_B2__cable,cable,1,-1.0,-1.0,val,none,good,/root/autodl-tmp/research-experiments/industrial-anomaly-detection/data/mvtec_ad/cable/train/good/105.png,49.56951141357422,0.0,0.0
E11_B2__cable,cable,1,-1.0,-1.0,val,none,good,/root/autodl-tmp/research-experiments/industrial-anomaly-detection/data/mvtec_ad/cable/train/good/121.png,49.97687911987305,0.0,0.0
E11_B2__cable,cable,1,-1.0,-1.0,val,none,good,/root/autodl-tmp/research-experiments/industrial-anomaly-detection/data/mvtec_ad/cable/train/good/152.png,50.02149200439453,0.0,0.0
E11_B2__cable,cable,1,-1.0,-1.0,val,none,good,/root/autodl-tmp/research-experiments/industrial-anomaly-detection/data/mvtec_ad/cable/train/good/163.png,52.878684997558594,0.0,0.0
E11_B2__cable,cable,1,-1.0,-1.0,val,none,good,/root/autodl-tmp/research-experiments/industrial-anomaly-detection/data/mvtec_ad/cable/train/good/168.png,50.71278762817383,0.0,0.0
E11_B2__cable,cable,1,-1.0,-1.0,val,none,good,/root/autodl-tmp/research-experiments/industrial-anomaly-detection/data/mvtec_ad/cable/train/good/172.png,52.90199279785156,0.0,0.0
E11_B2__cable,cable,1,-1.0,-1.0,val,none,good,/root/autodl-tmp/research-experiments/industrial-anomaly-detection/data/mvtec_ad/cable/train/good/176.png,47.20078659057617,0.0,0.0
E11_B2__cable,cable,1,-1.0,-1.0,val,none,good,/root/autodl-tmp/research-experiments/industrial-anomaly-detection/data/mvtec_ad/cable/train/good/179.png,56.96003341674805,0.0,0.0
E11_B2__cable,cable,1,-1.0,-1.0,val,none,good,/root/autodl-tmp/research-experiments/industrial-anomaly-detection/data/mvtec_ad/cable/train/good/185.png,50.57968521118164,0.0,0.0
E11_B2__cable,cable,1,-1.0,-1.0,val,none,good,/root/autodl-tmp/research-experiments/industrial-anomaly-detection/data/mvtec_ad/cable/train/good/191.png,50.730777740478516,0.0,0.0
E11_B2__cable,cable,1,-1.0,-1.0,clean_good,none,good,/root/autodl-tmp/research-experiments/industrial-anomaly-detection/data/mvtec_ad/cable/test/good/000.png,49.14373779296875,0.0,0.0
E11_B2__cable,cable,1,-1.0,-1.0,clean_good,none,good,/root/autodl-tmp/research-experiments/industrial-anomaly-detection/data/mvtec_ad/cable/test/good/001.png,54.13875198364258,0.0,0.0
E11_B2__cable,cable,1,-1.0,-1.0,clean_good,none,good,/root/autodl-tmp/research-experiments/industrial-anomaly-detection/data/mvtec_ad/cable/test/good/002.png,52.667850494384766,0.0,0.0
E11_B2__cable,cable,1,-1.0,-1.0,clean_good,none,good,/root/autodl-tmp/research-experiments/industrial-anomaly-detection/data/mvtec_ad/cable/test/good/003.png,47.61056137084961,0.0,0.0
E11_B2__cable,cable,1,-1.0,-1.0,clean_good,none,good,/root/autodl-tmp/research-experiments/industrial-anomaly-detection/data/mvtec_ad/cable/test/good/004.png,51.395050048828125,0.0,0.0
E11_B2__cable,cable,1,-1.0,-1.0,clean_good,none,good,/root/autodl-tmp/research-experiments/industrial-anomaly-detection/data/mvtec_ad/cable/test/good/005.png,50.645469665527344,0.0,0.0
E11_B2__cable,cable,1,-1.0,-1.0,clean_good,none,good,/root/autodl-tmp/research-experiments/industrial-anomaly-detection/data/mvtec_ad/cable/test/good/006.png,50.68498611450195,0.0,0.0
E11_B2__cable,cable,1,-1.0,-1.0,clean_good,none,good,/root/autodl-tmp/research-experiments/industrial-anomaly-detection/data/mvtec_ad/cable/test/good/007.png,50.80007553100586,0.0,0.0
E11_B2__cable,cable,1,-1.0,-1.0,clean_good,none,good,/root/autodl-tmp/research-experiments/industrial-anomaly-detection/data/mvtec_ad/cable/test/good/008.png,50.87812423706055,0.0,0.0
E11_B2__cable,cable,1,-1.0,-1.0,clean_good,none,good,/root/autodl-tmp/research-experiments/industrial-anomaly-detection/data/mvtec_ad/cable/test/good/009.png,50.58567810058594,0.0,0.0
E11_B2__cable,cable,1,-1.0,-1.0,clean_good,none,good,/root/autodl-tmp/research-experiments/industrial-anomaly-detection/data/mvtec_ad/cable/test/good/010.png,48.93705749511719,0.0,0.0
E11_B2__cable,cable,1,-1.0,-1.0,clean_good,none,good,/root/autodl-tmp/research-experiments/industrial-anomaly-detection/data/mvtec_ad/cable/test/good/011.png,49.87173080444336,0.0,0.0
E11_B2__cable,cable,1,-1.0,-1.0,clean_good,none,good,/root/autodl-tmp/research-experiments/industrial-anomaly-detection/data/mvtec_ad/cable/test/good/012.png,51.52677917480469,0.0,0.0
E11_B2__cable,cable,1,-1.0,-1.0,clean_good,none,good,/root/autodl-tmp/research-experiments/industrial-anomaly-detection/data/mvtec_ad/cable/test/good/013.png,63.502559661865234,0.0,0.0
E11_B2__cable,cable,1,-1.0,-1.0,clean_good,none,good,/root/autodl-tmp/research-experiments/industrial-anomaly-detection/data/mvtec_ad/cable/test/good/014.png,52.114479064941406,0.0,0.0
E11_B2__cable,cable,1,-1.0,-1.0,clean_good,none,good,/root/autodl-tmp/research-experiments/industrial-anomaly-detection/data/mvtec_ad/cable/test/good/015.png,52.82107925415039,0.0,0.0
E11_B2__cable,cable,1,-1.0,-1.0,clean_good,none,good,/root/autodl-tmp/research-experiments/industrial-anomaly-detection/data/mvtec_ad/cable/test/good/016.png,54.38837814331055,0.0,0.0
E11_B2__cable,cable,1,-1.0,-1.0,clean_good,none,good,/root/autodl-tmp/research-experiments/industrial-anomaly-detection/data/mvtec_ad/cable/test/good/017.png,50.958740234375,0.0,0.0
E11_B2__cable,cable,1,-1.0,-1.0,clean_good,none,good,/root/autodl-tmp/research-experiments/industrial-anomaly-detection/data/mvtec_ad/cable/test/good/018.png,55.24287033081055,0.0,0.0
E11_B2__cable,cable,1,-1.0,-1.0,clean_good,none,good,/root/autodl-tmp/research-experiments/industrial-anomaly-detection/data/mvtec_ad/cable/test/good/019.png,56.38175582885742,0.0,0.0
E11_B2__cable,cable,1,-1.0,-1.0,clean_good,none,good,/root/autodl-tmp/research-experiments/industrial-anomaly-detection/data/mvtec_ad/cable/test/good/020.png,48.439544677734375,0.0,0.0
E11_B2__cable,cable,1,-1.0,-1.0,clean_good,none,good,/root/autodl-tmp/research-experiments/industrial-anomaly-detection/data/mvtec_ad/cable/test/good/021.png,53.45315933227539,0.0,0.0
E11_B2__cable,cable,1,-1.0,-1.0,clean_good,none,good,/root/autodl-tmp/research-experiments/industrial-anomaly-detection/data/mvtec_ad/cable/test/good/022.png,51.8438835144043,0.0,0.0
E11_B2__cable,cable,1,-1.0,-1.0,clean_good,none,good,/root/autodl-tmp/research-experiments/industrial-anomaly-detection/data/mvtec_ad/cable/test/good/023.png,50.12981033325195,0.0,0.0
E11_B2__cable,cable,1,-1.0,-1.0,clean_good,none,good,/root/autodl-tmp/research-experiments/industrial-anomaly-detection/data/mvtec_ad/cable/test/good/024.png,50.757408142089844,0.0,0.0
E11_B2__cable,cable,1,-1.0,-1.0,clean_good,none,good,/root/autodl-tmp/research-experiments/industrial-anomaly-detection/data/mvtec_ad/cable/test/good/025.png,50.603153228759766,0.0,0.0
E11_B2__cable,cable,1,-1.0,-1.0,clean_good,none,good,/root/autodl-tmp/research-experiments/industrial-anomaly-detection/data/mvtec_ad/cable/test/good/026.png,50.803924560546875,0.0,0.0
E11_B2__cable,cable,1,-1.0,-1.0,clean_good,none,good,/root/autodl-tmp/research-experiments/industrial-anomaly-detection/data/mvtec_ad/cable/test/good/027.png,50.337013244628906,0.0,0.0
E11_B2__cable,cable,1,-1.0,-1.0,clean_good,none,good,/root/autodl-tmp/research-experiments/industrial-anomaly-detection/data/mvtec_ad/cable/test/good/028.png,51.26996994018555,0.0,0.0
E11_B2__cable,cable,1,-1.0,-1.0,clean_good,none,good,/root/autodl-tmp/research-experiments/industrial-anomaly-detection/data/mvtec_ad/cable/test/good/029.png,49.68806838989258,0.0,0.0
E11_B2__cable,cable,1,-1.0,-1.0,clean_good,none,good,/root/autodl-tmp/research-experiments/industrial-anomaly-detection/data/mvtec_ad/cable/test/good/030.png,59.93003463745117,0.0,0.0
E11_B2__cable,cable,1,-1.0,-1.0,clean_good,none,good,/root/autodl-tmp/research-experiments/industrial-anomaly-detection/data/mvtec_ad/cable/test/good/031.png,51.67588806152344,0.0,0.0
E11_B2__cable,cable,1,-1.0,-1.0,clean_good,none,good,/root/autodl-tmp/research-experiments/industrial-anomaly-detection/data/mvtec_ad/cable/test/good/032.png,52.34056854248047,0.0,0.0
E11_B2__cable,cable,1,-1.0,-1.0,clean_good,none,good,/root/autodl-tmp/research-experiments/industrial-anomaly-detection/data/mvtec_ad/cable/test/good/033.png,51.40288162231445,0.0,0.0
E11_B2__cable,cable,1,-1.0,-1.0,clean_good,none,good,/root/autodl-tmp/research-experiments/industrial-anomaly-detection/data/mvtec_ad/cable/test/good/034.png,53.81334686279297,0.0,0.0
E11_B2__cable,cable,1,-1.0,-1.0,clean_good,none,good,/root/autodl-tmp/research-experiments/industrial-anomaly-detection/data/mvtec_ad/cable/test/good/035.png,49.12407684326172,0.0,0.0
E11_B2__cable,cable,1,-1.0,-1.0,clean_good,none,good,/root/autodl-tmp/research-experiments/industrial-anomaly-detection/data/mvtec_ad/cable/test/good/036.png,52.33060073852539,0.0,0.0
E11_B2__cable,cable,1,-1.0,-1.0,clean_good,none,good,/root/autodl-tmp/research-experiments/industrial-anomaly-detection/data/mvtec_ad/cable/test/good/037.png,53.11856460571289,0.0,0.0
E11_B2__cable,cable,1,-1.0,-1.0,clean_good,none,good,/root/autodl-tmp/research-experiments/industrial-anomaly-detection/data/mvtec_ad/cable/test/good/038.png,52.51762390136719,0.0,0.0
E11_B2__cable,cable,1,-1.0,-1.0,clean_good,none,good,/root/autodl-tmp/research-experiments/industrial-anomaly-detection/data/mvtec_ad/cable/test/good/039.png,57.26285934448242,0.0,0.0
E11_B2__cable,cable,1,-1.0,-1.0,clean_good,none,good,/root/autodl-tmp/research-experiments/industrial-anomaly-detection/data/mvtec_ad/cable/test/good/040.png,49.641685485839844,0.0,0.0
E11_B2__cable,cable,1,-1.0,-1.0,clean_good,none,good,/root/autodl-tmp/research-experiments/industrial-anomaly-detection/data/mvtec_ad/cable/test/good/041.png,54.37139892578125,0.0,0.0
E11_B2__cable,cable,1,-1.0,-1.0,clean_good,none,good,/root/autodl-tmp/research-experiments/industrial-anomaly-detection/data/mvtec_ad/cable/test/good/042.png,53.129032135009766,0.0,0.0
E11_B2__cable,cable,1,-1.0,-1.0,clean_good,none,good,/root/autodl-tmp/research-experiments/industrial-anomaly-detection/data/mvtec_ad/cable/test/good/043.png,50.67842102050781,0.0,0.0
E11_B2__cable,cable,1,-1.0,-1.0,clean_good,none,good,/root/autodl-tmp/research-experiments/industrial-anomaly-detection/data/mvtec_ad/cable/test/good/044.png,52.721092224121094,0.0,0.0
E11_B2__cable,cable,1,-1.0,-1.0,clean_good,none,good,/root/autodl-tmp/research-experiments/industrial-anomaly-detection/data/mvtec_ad/cable/test/good/045.png,53.801937103271484,0.0,0.0
E11_B2__cable,cable,1,-1.0,-1.0,clean_good,none,good,/root/autodl-tmp/research-experiments/industrial-anomaly-detection/data/mvtec_ad/cable/test/good/046.png,50.993675231933594,0.0,0.0
E11_B2__cable,cable,1,-1.0,-1.0,clean_good,none,good,/root/autodl-tmp/research-experiments/industrial-anomaly-detection/data/mvtec_ad/cable/test/good/047.png,51.191402435302734,0.0,0.0
E11_B2__cable,cable,1,-1.0,-1.0,clean_good,none,good,/root/autodl-tmp/research-experiments/industrial-anomaly-detection/data/mvtec_ad/cable/test/good/048.png,55.48322296142578,0.0,0.0
E11_B2__cable,cable,1,-1.0,-1.0,clean_good,none,good,/root/autodl-tmp/research-experiments/industrial-anomaly-detection/data/mvtec_ad/cable/test/good/049.png,51.828556060791016,0.0,0.0
E11_B2__cable,cable,1,-1.0,-1.0,clean_good,none,good,/root/autodl-tmp/research-experiments/industrial-anomaly-detection/data/mvtec_ad/cable/test/good/050.png,53.877166748046875,0.0,0.0
E11_B2__cable,cable,1,-1.0,-1.0,clean_good,none,good,/root/autodl-tmp/research-experiments/industrial-anomaly-detection/data/mvtec_ad/cable/test/good/051.png,53.919986724853516,0.0,0.0
E11_B2__cable,cable,1,-1.0,-1.0,clean_good,none,good,/root/autodl-tmp/research-experiments/industrial-anomaly-detection/data/mvtec_ad/cable/test/good/052.png,49.27600860595703,0.0,0.0
E11_B2__cable,cable,1,-1.0,-1.0,clean_good,none,good,/root/autodl-tmp/research-experiments/industrial-anomaly-detection/data/mvtec_ad/cable/test/good/053.png,51.6845703125,0.0,0.0
E11_B2__cable,cable,1,-1.0,-1.0,clean_good,none,good,/root/autodl-tmp/research-experiments/industrial-anomaly-detection/data/mvtec_ad/cable/test/good/054.png,51.511497497558594,0.0,0.0
E11_B2__cable,cable,1,-1.0,-1.0,clean_good,none,good,/root/autodl-tmp/research-experiments/industrial-anomaly-detection/data/mvtec_ad/cable/test/good/055.png,53.47810745239258,0.0,0.0
E11_B2__cable,cable,1,-1.0,-1.0,clean_good,none,good,/root/autodl-tmp/research-experiments/industrial-anomaly-detection/data/mvtec_ad/cable/test/good/056.png,51.021820068359375,0.0,0.0
E11_B2__cable,cable,1,-1.0,-1.0,clean_good,none,good,/root/autodl-tmp/research-experiments/industrial-anomaly-detection/data/mvtec_ad/cable/test/good/057.png,61.31465148925781,0.0,0.0
E11_B2__cable,cable,1,-1.0,-1.0,clean_defect,none,bent_wire,/root/autodl-tmp/research-experiments/industrial-anomaly-detection/data/mvtec_ad/cable/test/bent_wire/000.png,78.13849639892578,0.0,0.0
E11_B2__cable,cable,1,-1.0,-1.0,clean_defect,none,bent_wire,/root/autodl-tmp/research-experiments/industrial-anomaly-detection/data/mvtec_ad/cable/test/bent_wire/001.png,83.3451919555664,0.0,0.0
E11_B2__cable,cable,1,-1.0,-1.0,clean_defect,none,bent_wire,/root/autodl-tmp/research-experiments/industrial-anomaly-detection/data/mvtec_ad/cable/test/bent_wire/002.png,86.1366958618164,0.0,0.0
E11_B2__cable,cable,1,-1.0,-1.0,clean_defect,none,bent_wire,/root/autodl-tmp/research-experiments/industrial-anomaly-detection/data/mvtec_ad/cable/test/bent_wire/003.png,76.87269592285156,0.0,0.0
E11_B2__cable,cable,1,-1.0,-1.0,clean_defect,none,bent_wire,/root/autodl-tmp/research-experiments/industrial-anomaly-detection/data/mvtec_ad/cable/test/bent_wire/004.png,87.81368255615234,0.0,0.0
E11_B2__cable,cable,1,-1.0,-1.0,clean_defect,none,bent_wire,/root/autodl-tmp/research-experiments/industrial-anomaly-detection/data/mvtec_ad/cable/test/bent_wire/005.png,83.69261932373047,0.0,0.0
E11_B2__cable,cable,1,-1.0,-1.0,clean_defect,none,bent_wire,/root/autodl-tmp/research-experiments/industrial-anomaly-detection/data/mvtec_ad/cable/test/bent_wire/006.png,81.62108612060547,0.0,0.0
E11_B2__cable,cable,1,-1.0,-1.0,clean_defect,none,bent_wire,/root/autodl-tmp/research-experiments/industrial-anomaly-detection/data/mvtec_ad/cable/test/bent_wire/007.png,80.0439682006836,0.0,0.0
E11_B2__cable,cable,1,-1.0,-1.0,clean_defect,none,bent_wire,/root/autodl-tmp/research-experiments/industrial-anomaly-detection/data/mvtec_ad/cable/test/bent_wire/008.png,67.42223358154297,0.0,0.0
E11_B2__cable,cable,1,-1.0,-1.0,clean_defect,none,bent_wire,/root/autodl-tmp/research-experiments/industrial-anomaly-detection/data/mvtec_ad/cable/test/bent_wire/009.png,88.61865234375,0.0,0.0
E11_B2__cable,cable,1,-1.0,-1.0,clean_defect,none,bent_wire,/root/autodl-tmp/research-experiments/industrial-anomaly-detection/data/mvtec_ad/cable/test/bent_wire/010.png,80.738525390625,0.0,0.0
E11_B2__cable,cable,1,-1.0,-1.0,clean_defect,none,bent_wire,/root/autodl-tmp/research-experiments/industrial-anomaly-detection/data/mvtec_ad/cable/test/bent_wire/011.png,98.75703430175781,0.0,0.0
E11_B2__cable,cable,1,-1.0,-1.0,clean_defect,none,bent_wire,/root/autodl-tmp/research-experiments/industrial-anomaly-detection/data/mvtec_ad/cable/test/bent_wire/012.png,84.38121795654297,0.0,0.0
E11_B2__cable,cable,1,-1.0,-1.0,clean_defect,none,cable_swap,/root/autodl-tmp/research-experiments/industrial-anomaly-detection/data/mvtec_ad/cable/test/cable_swap/000.png,55.77836227416992,0.0,0.0
E11_B2__cable,cable,1,-1.0,-1.0,clean_defect,none,cable_swap,/root/autodl-tmp/research-experiments/industrial-anomaly-detection/data/mvtec_ad/cable/test/cable_swap/001.png,60.01218795776367,0.0,0.0
E11_B2__cable,cable,1,-1.0,-1.0,clean_defect,none,cable_swap,/root/autodl-tmp/research-experiments/industrial-anomaly-detection/data/mvtec_ad/cable/test/cable_swap/002.png,55.788597106933594,0.0,0.0
E11_B2__cable,cable,1,-1.0,-1.0,clean_defect,none,cable_swap,/root/autodl-tmp/research-experiments/industrial-anomaly-detection/data/mvtec_ad/cable/test/cable_swap/003.png,55.20276641845703,0.0,0.0
E11_B2__cable,cable,1,-1.0,-1.0,clean_defect,none,cable_swap,/root/autodl-tmp/research-experiments/industrial-anomaly-detection/data/mvtec_ad/cable/test/cable_swap/004.png,57.851707458496094,0.0,0.0
E11_B2__cable,cable,1,-1.0,-1.0,clean_defect,none,cable_swap,/root/autodl-tmp/research-experiments/industrial-anomaly-detection/data/mvtec_ad/cable/test/cable_swap/005.png,55.937591552734375,0.0,0.0
E11_B2__cable,cable,1,-1.0,-1.0,clean_defect,none,cable_swap,/root/autodl-tmp/research-experiments/industrial-anomaly-detection/data/mvtec_ad/cable/test/cable_swap/006.png,51.32394027709961,0.0,0.0
E11_B2__cable,cable,1,-1.0,-1.0,clean_defect,none,cable_swap,/root/autodl-tmp/research-experiments/industrial-anomaly-detection/data/mvtec_ad/cable/test/cable_swap/007.png,57.36273956298828,0.0,0.0
E11_B2__cable,cable,1,-1.0,-1.0,clean_defect,none,cable_swap,/root/autodl-tmp/research-experiments/industrial-anomaly-detection/data/mvtec_ad/cable/test/cable_swap/008.png,56.96992492675781,0.0,0.0
E11_B2__cable,cable,1,-1.0,-1.0,clean_defect,none,cable_swap,/root/autodl-tmp/research-experiments/industrial-anomaly-detection/data/mvtec_ad/cable/test/cable_swap/009.png,55.95425033569336,0.0,0.0
E11_B2__cable,cable,1,-1.0,-1.0,clean_defect,none,cable_swap,/root/autodl-tmp/research-experiments/industrial-anomaly-detection/data/mvtec_ad/cable/test/cable_swap/010.png,56.9080924987793,0.0,0.0
E11_B2__cable,cable,1,-1.0,-1.0,clean_defect,none,cable_swap,/root/autodl-tmp/research-experiments/industrial-anomaly-detection/data/mvtec_ad/cable/test/cable_swap/011.png,56.07831954956055,0.0,0.0
E11_B2__cable,cable,1,-1.0,-1.0,clean_defect,none,combined,/root/autodl-tmp/research-experiments/industrial-anomaly-detection/data/mvtec_ad/cable/test/combined/000.png,88.32362365722656,0.0,0.0
E11_B2__cable,cable,1,-1.0,-1.0,clean_defect,none,combined,/root/autodl-tmp/research-experiments/industrial-anomaly-detection/data/mvtec_ad/cable/test/combined/001.png,81.67540740966797,0.0,0.0
E11_B2__cable,cable,1,-1.0,-1.0,clean_defect,none,combined,/root/autodl-tmp/research-experiments/industrial-anomaly-detection/data/mvtec_ad/cable/test/combined/002.png,74.7200698852539,0.0,0.0
E11_B2__cable,cable,1,-1.0,-1.0,clean_defect,none,combined,/root/autodl-tmp/research-experiments/industrial-anomaly-detection/data/mvtec_ad/cable/test/combined/003.png,74.51861572265625,0.0,0.0
E11_B2__cable,cable,1,-1.0,-1.0,clean_defect,none,combined,/root/autodl-tmp/research-experiments/industrial-anomaly-detection/data/mvtec_ad/cable/test/combined/004.png,69.03408813476562,0.0,0.0
E11_B2__cable,cable,1,-1.0,-1.0,clean_defect,none,combined,/root/autodl-tmp/research-experiments/industrial-anomaly-detection/data/mvtec_ad/cable/test/combined/005.png,81.37800598144531,0.0,0.0
E11_B2__cable,cable,1,-1.0,-1.0,clean_defect,none,combined,/root/autodl-tmp/research-experiments/industrial-anomaly-detection/data/mvtec_ad/cable/test/combined/006.png,81.43828582763672,0.0,0.0
E11_B2__cable,cable,1,-1.0,-1.0,clean_defect,none,combined,/root/autodl-tmp/research-experiments/industrial-anomaly-detection/data/mvtec_ad/cable/test/combined/007.png,71.31997680664062,0.0,0.0
E11_B2__cable,cable,1,-1.0,-1.0,clean_defect,none,combined,/root/autodl-tmp/research-experiments/industrial-anomaly-detection/data/mvtec_ad/cable/test/combined/008.png,94.78913879394531,0.0,0.0
E11_B2__cable,cable,1,-1.0,-1.0,clean_defect,none,combined,/root/autodl-tmp/research-experiments/industrial-anomaly-detection/data/mvtec_ad/cable/test/combined/009.png,68.3321762084961,0.0,0.0
E11_B2__cable,cable,1,-1.0,-1.0,clean_defect,none,combined,/root/autodl-tmp/research-experiments/industrial-anomaly-detection/data/mvtec_ad/cable/test/combined/010.png,82.45035552978516,0.0,0.0
E11_B2__cable,cable,1,-1.0,-1.0,clean_defect,none,cut_inner_insulation,/root/autodl-tmp/research-experiments/industrial-anomaly-detection/data/mvtec_ad/cable/test/cut_inner_insulation/000.png,60.79636764526367,0.0,0.0
E11_B2__cable,cable,1,-1.0,-1.0,clean_defect,none,cut_inner_insulation,/root/autodl-tmp/research-experiments/industrial-anomaly-detection/data/mvtec_ad/cable/test/cut_inner_insulation/001.png,70.23238372802734,0.0,0.0
E11_B2__cable,cable,1,-1.0,-1.0,clean_defect,none,cut_inner_insulation,/root/autodl-tmp/research-experiments/industrial-anomaly-detection/data/mvtec_ad/cable/test/cut_inner_insulation/002.png,61.79707336425781,0.0,0.0
E11_B2__cable,cable,1,-1.0,-1.0,clean_defect,none,cut_inner_insulation,/root/autodl-tmp/research-experiments/industrial-anomaly-detection/data/mvtec_ad/cable/test/cut_inner_insulation/003.png,67.46662902832031,0.0,0.0
E11_B2__cable,cable,1,-1.0,-1.0,clean_defect,none,cut_inner_insulation,/root/autodl-tmp/research-experiments/industrial-anomaly-detection/data/mvtec_ad/cable/test/cut_inner_insulation/004.png,76.71492767333984,0.0,0.0
E11_B2__cable,cable,1,-1.0,-1.0,clean_defect,none,cut_inner_insulation,/root/autodl-tmp/research-experiments/industrial-anomaly-detection/data/mvtec_ad/cable/test/cut_inner_insulation/005.png,66.09366607666016,0.0,0.0
E11_B2__cable,cable,1,-1.0,-1.0,clean_defect,none,cut_inner_insulation,/root/autodl-tmp/research-experiments/industrial-anomaly-detection/data/mvtec_ad/cable/test/cut_inner_insulation/006.png,64.02262878417969,0.0,0.0
E11_B2__cable,cable,1,-1.0,-1.0,clean_defect,none,cut_inner_insulation,/root/autodl-tmp/research-experiments/industrial-anomaly-detection/data/mvtec_ad/cable/test/cut_inner_insulation/007.png,71.95955657958984,0.0,0.0
E11_B2__cable,cable,1,-1.0,-1.0,clean_defect,none,cut_inner_insulation,/root/autodl-tmp/research-experiments/industrial-anomaly-detection/data/mvtec_ad/cable/test/cut_inner_insulation/008.png,56.50368118286133,0.0,0.0
E11_B2__cable,cable,1,-1.0,-1.0,clean_defect,none,cut_inner_insulation,/root/autodl-tmp/research-experiments/industrial-anomaly-detection/data/mvtec_ad/cable/test/cut_inner_insulation/009.png,67.45596313476562,0.0,0.0
E11_B2__cable,cable,1,-1.0,-1.0,clean_defect,none,cut_inner_insulation,/root/autodl-tmp/research-experiments/industrial-anomaly-detection/data/mvtec_ad/cable/test/cut_inner_insulation/010.png,68.76969146728516,0.0,0.0
E11_B2__cable,cable,1,-1.0,-1.0,clean_defect,none,cut_inner_insulation,/root/autodl-tmp/research-experiments/industrial-anomaly-detection/data/mvtec_ad/cable/test/cut_inner_insulation/011.png,71.66327667236328,0.0,0.0
E11_B2__cable,cable,1,-1.0,-1.0,clean_defect,none,cut_inner_insulation,/root/autodl-tmp/research-experiments/industrial-anomaly-detection/data/mvtec_ad/cable/test/cut_inner_insulation/012.png,63.42730712890625,0.0,0.0
E11_B2__cable,cable,1,-1.0,-1.0,clean_defect,none,cut_inner_insulation,/root/autodl-tmp/research-experiments/industrial-anomaly-detection/data/mvtec_ad/cable/test/cut_inner_insulation/013.png,74.1579818725586,0.0,0.0
E11_B2__cable,cable,1,-1.0,-1.0,clean_defect,none,cut_outer_insulation,/root/autodl-tmp/research-experiments/industrial-anomaly-detection/data/mvtec_ad/cable/test/cut_outer_insulation/000.png,70.3311767578125,0.0,0.0
E11_B2__cable,cable,1,-1.0,-1.0,clean_defect,none,cut_outer_insulation,/root/autodl-tmp/research-experiments/industrial-anomaly-detection/data/mvtec_ad/cable/test/cut_outer_insulation/001.png,71.99156188964844,0.0,0.0
E11_B2__cable,cable,1,-1.0,-1.0,clean_defect,none,cut_outer_insulation,/root/autodl-tmp/research-experiments/industrial-anomaly-detection/data/mvtec_ad/cable/test/cut_outer_insulation/002.png,66.64360809326172,0.0,0.0
E11_B2__cable,cable,1,-1.0,-1.0,clean_defect,none,cut_outer_insulation,/root/autodl-tmp/research-experiments/industrial-anomaly-detection/data/mvtec_ad/cable/test/cut_outer_insulation/003.png,61.32345199584961,0.0,0.0
E11_B2__cable,cable,1,-1.0,-1.0,clean_defect,none,cut_outer_insulation,/root/autodl-tmp/research-experiments/industrial-anomaly-detection/data/mvtec_ad/cable/test/cut_outer_insulation/004.png,64.74833679199219,0.0,0.0
E11_B2__cable,cable,1,-1.0,-1.0,clean_defect,none,cut_outer_insulation,/root/autodl-tmp/research-experiments/industrial-anomaly-detection/data/mvtec_ad/cable/test/cut_outer_insulation/005.png,71.6105728149414,0.0,0.0
E11_B2__cable,cable,1,-1.0,-1.0,clean_defect,none,cut_outer_insulation,/root/autodl-tmp/research-experiments/industrial-anomaly-detection/data/mvtec_ad/cable/test/cut_outer_insulation/006.png,71.68494415283203,0.0,0.0
E11_B2__cable,cable,1,-1.0,-1.0,clean_defect,none,cut_outer_insulation,/root/autodl-tmp/research-experiments/industrial-anomaly-detection/data/mvtec_ad/cable/test/cut_outer_insulation/007.png,68.27265167236328,0.0,0.0
E11_B2__cable,cable,1,-1.0,-1.0,clean_defect,none,cut_outer_insulation,/root/autodl-tmp/research-experiments/industrial-anomaly-detection/data/mvtec_ad/cable/test/cut_outer_insulation/008.png,63.24260711669922,0.0,0.0
E11_B2__cable,cable,1,-1.0,-1.0,clean_defect,none,cut_outer_insulation,/root/autodl-tmp/research-experiments/industrial-anomaly-detection/data/mvtec_ad/cable/test/cut_outer_insulation/009.png,67.45158386230469,0.0,0.0
E11_B2__cable,cable,1,-1.0,-1.0,clean_defect,none,missing_cable,/root/autodl-tmp/research-experiments/industrial-anomaly-detection/data/mvtec_ad/cable/test/missing_cable/000.png,83.0452651977539,0.0,0.0
E11_B2__cable,cable,1,-1.0,-1.0,clean_defect,none,missing_cable,/root/autodl-tmp/research-experiments/industrial-anomaly-detection/data/mvtec_ad/cable/test/missing_cable/001.png,82.53120422363281,0.0,0.0
E11_B2__cable,cable,1,-1.0,-1.0,clean_defect,none,missing_cable,/root/autodl-tmp/research-experiments/industrial-anomaly-detection/data/mvtec_ad/cable/test/missing_cable/002.png,81.2618179321289,0.0,0.0
E11_B2__cable,cable,1,-1.0,-1.0,clean_defect,none,missing_cable,/root/autodl-tmp/research-experiments/industrial-anomaly-detection/data/mvtec_ad/cable/test/missing_cable/003.png,82.8173599243164,0.0,0.0
E11_B2__cable,cable,1,-1.0,-1.0,clean_defect,none,missing_cable,/root/autodl-tmp/research-experiments/industrial-anomaly-detection/data/mvtec_ad/cable/test/missing_cable/004.png,81.29913330078125,0.0,0.0
E11_B2__cable,cable,1,-1.0,-1.0,clean_defect,none,missing_cable,/root/autodl-tmp/research-experiments/industrial-anomaly-detection/data/mvtec_ad/cable/test/missing_cable/005.png,83.67719268798828,0.0,0.0
E11_B2__cable,cable,1,-1.0,-1.0,clean_defect,none,missing_cable,/root/autodl-tmp/research-experiments/industrial-anomaly-detection/data/mvtec_ad/cable/test/missing_cable/006.png,79.75965881347656,0.0,0.0
E11_B2__cable,cable,1,-1.0,-1.0,clean_defect,none,missing_cable,/root/autodl-tmp/research-experiments/industrial-anomaly-detection/data/mvtec_ad/cable/test/missing_cable/007.png,81.87235260009766,0.0,0.0
E11_B2__cable,cable,1,-1.0,-1.0,clean_defect,none,missing_cable,/root/autodl-tmp/research-experiments/industrial-anomaly-detection/data/mvtec_ad/cable/test/missing_cable/008.png,81.11700439453125,0.0,0.0
E11_B2__cable,cable,1,-1.0,-1.0,clean_defect,none,missing_cable,/root/autodl-tmp/research-experiments/industrial-anomaly-detection/data/mvtec_ad/cable/test/missing_cable/009.png,81.06887817382812,0.0,0.0
E11_B2__cable,cable,1,-1.0,-1.0,clean_defect,none,missing_cable,/root/autodl-tmp/research-experiments/industrial-anomaly-detection/data/mvtec_ad/cable/test/missing_cable/010.png,83.8128433227539,0.0,0.0
E11_B2__cable,cable,1,-1.0,-1.0,clean_defect,none,missing_cable,/root/autodl-tmp/research-experiments/industrial-anomaly-detection/data/mvtec_ad/cable/test/missing_cable/011.png,82.46631622314453,0.0,0.0
E11_B2__cable,cable,1,-1.0,-1.0,clean_defect,none,missing_wire,/root/autodl-tmp/research-experiments/industrial-anomaly-detection/data/mvtec_ad/cable/test/missing_wire/000.png,60.397743225097656,0.0,0.0
E11_B2__cable,cable,1,-1.0,-1.0,clean_defect,none,missing_wire,/root/autodl-tmp/research-experiments/industrial-anomaly-detection/data/mvtec_ad/cable/test/missing_wire/001.png,71.00206756591797,0.0,0.0
E11_B2__cable,cable,1,-1.0,-1.0,clean_defect,none,missing_wire,/root/autodl-tmp/research-experiments/industrial-anomaly-detection/data/mvtec_ad/cable/test/missing_wire/002.png,66.54754638671875,0.0,0.0
E11_B2__cable,cable,1,-1.0,-1.0,clean_defect,none,missing_wire,/root/autodl-tmp/research-experiments/industrial-anomaly-detection/data/mvtec_ad/cable/test/missing_wire/003.png,72.2806396484375,0.0,0.0
E11_B2__cable,cable,1,-1.0,-1.0,clean_defect,none,missing_wire,/root/autodl-tmp/research-experiments/industrial-anomaly-detection/data/mvtec_ad/cable/test/missing_wire/004.png,76.58308410644531,0.0,0.0
E11_B2__cable,cable,1,-1.0,-1.0,clean_defect,none,missing_wire,/root/autodl-tmp/research-experiments/industrial-anomaly-detection/data/mvtec_ad/cable/test/missing_wire/005.png,73.61053466796875,0.0,0.0
E11_B2__cable,cable,1,-1.0,-1.0,clean_defect,none,missing_wire,/root/autodl-tmp/research-experiments/industrial-anomaly-detection/data/mvtec_ad/cable/test/missing_wire/006.png,70.24559783935547,0.0,0.0
E11_B2__cable,cable,1,-1.0,-1.0,clean_defect,none,missing_wire,/root/autodl-tmp/research-experiments/industrial-anomaly-detection/data/mvtec_ad/cable/test/missing_wire/007.png,64.95814514160156,0.0,0.0
E11_B2__cable,cable,1,-1.0,-1.0,clean_defect,none,missing_wire,/root/autodl-tmp/research-experiments/industrial-anomaly-detection/data/mvtec_ad/cable/test/missing_wire/008.png,69.20831298828125,0.0,0.0
E11_B2__cable,cable,1,-1.0,-1.0,clean_defect,none,missing_wire,/root/autodl-tmp/research-experiments/industrial-anomaly-detection/data/mvtec_ad/cable/test/missing_wire/009.png,74.95390319824219,0.0,0.0
E11_B2__cable,cable,1,-1.0,-1.0,clean_defect,none,poke_insulation,/root/autodl-tmp/research-experiments/industrial-anomaly-detection/data/mvtec_ad/cable/test/poke_insulation/000.png,62.95616912841797,0.0,0.0
E11_B2__cable,cable,1,-1.0,-1.0,clean_defect,none,poke_insulation,/root/autodl-tmp/research-experiments/industrial-anomaly-detection/data/mvtec_ad/cable/test/poke_insulation/001.png,66.14535522460938,0.0,0.0
E11_B2__cable,cable,1,-1.0,-1.0,clean_defect,none,poke_insulation,/root/autodl-tmp/research-experiments/industrial-anomaly-detection/data/mvtec_ad/cable/test/poke_insulation/002.png,54.99494171142578,0.0,0.0
E11_B2__cable,cable,1,-1.0,-1.0,clean_defect,none,poke_insulation,/root/autodl-tmp/research-experiments/industrial-anomaly-detection/data/mvtec_ad/cable/test/poke_insulation/003.png,58.05546951293945,0.0,0.0
E11_B2__cable,cable,1,-1.0,-1.0,clean_defect,none,poke_insulation,/root/autodl-tmp/research-experiments/industrial-anomaly-detection/data/mvtec_ad/cable/test/poke_insulation/004.png,56.663238525390625,0.0,0.0
E11_B2__cable,cable,1,-1.0,-1.0,clean_defect,none,poke_insulation,/root/autodl-tmp/research-experiments/industrial-anomaly-detection/data/mvtec_ad/cable/test/poke_insulation/005.png,68.81719970703125,0.0,0.0
E11_B2__cable,cable,1,-1.0,-1.0,clean_defect,none,poke_insulation,/root/autodl-tmp/research-experiments/industrial-anomaly-detection/data/mvtec_ad/cable/test/poke_insulation/006.png,58.602264404296875,0.0,0.0
E11_B2__cable,cable,1,-1.0,-1.0,clean_defect,none,poke_insulation,/root/autodl-tmp/research-experiments/industrial-anomaly-detection/data/mvtec_ad/cable/test/poke_insulation/007.png,60.634010314941406,0.0,0.0
E11_B2__cable,cable,1,-1.0,-1.0,clean_defect,none,poke_insulation,/root/autodl-tmp/research-experiments/industrial-anomaly-detection/data/mvtec_ad/cable/test/poke_insulation/008.png,66.33890533447266,0.0,0.0
E11_B2__cable,cable,1,-1.0,-1.0,clean_defect,none,poke_insulation,/root/autodl-tmp/research-experiments/industrial-anomaly-detection/data/mvtec_ad/cable/test/poke_insulation/009.png,63.048343658447266,0.0,0.0
E11_B2__cable,cable,1,-1.0,-1.0,shift_good,brightness_0.7,good,/root/autodl-tmp/research-experiments/industrial-anomaly-detection/data/mvtec_ad/cable/test/good/000.png,49.729618072509766,0.0,0.0
E11_B2__cable,cable,1,-1.0,-1.0,shift_good,brightness_0.7,good,/root/autodl-tmp/research-experiments/industrial-anomaly-detection/data/mvtec_ad/cable/test/good/001.png,53.885799407958984,0.0,0.0
E11_B2__cable,cable,1,-1.0,-1.0,shift_good,brightness_0.7,good,/root/autodl-tmp/research-experiments/industrial-anomaly-detection/data/mvtec_ad/cable/test/good/002.png,52.9397087097168,0.0,0.0
E11_B2__cable,cable,1,-1.0,-1.0,shift_good,brightness_0.7,good,/root/autodl-tmp/research-experiments/industrial-anomaly-detection/data/mvtec_ad/cable/test/good/003.png,49.61350631713867,0.0,0.0
E11_B2__cable,cable,1,-1.0,-1.0,shift_good,brightness_0.7,good,/root/autodl-tmp/research-experiments/industrial-anomaly-detection/data/mvtec_ad/cable/test/good/004.png,49.2937126159668,0.0,0.0
E11_B2__cable,cable,1,-1.0,-1.0,shift_good,brightness_0.7,good,/root/autodl-tmp/research-experiments/industrial-anomaly-detection/data/mvtec_ad/cable/test/good/005.png,49.592735290527344,0.0,0.0
E11_B2__cable,cable,1,-1.0,-1.0,shift_good,brightness_0.7,good,/root/autodl-tmp/research-experiments/industrial-anomaly-detection/data/mvtec_ad/cable/test/good/006.png,51.60771560668945,0.0,0.0
E11_B2__cable,cable,1,-1.0,-1.0,shift_good,brightness_0.7,good,/root/autodl-tmp/research-experiments/industrial-anomaly-detection/data/mvtec_ad/cable/test/good/007.png,54.36143493652344,0.0,0.0
E11_B2__cable,cable,1,-1.0,-1.0,shift_good,brightness_0.7,good,/root/autodl-tmp/research-experiments/industrial-anomaly-detection/data/mvtec_ad/cable/test/good/008.png,51.25442123413086,0.0,0.0
E11_B2__cable,cable,1,-1.0,-1.0,shift_good,brightness_0.7,good,/root/autodl-tmp/research-experiments/industrial-anomaly-detection/data/mvtec_ad/cable/test/good/009.png,52.083560943603516,0.0,0.0
E11_B2__cable,cable,1,-1.0,-1.0,shift_good,brightness_0.7,good,/root/autodl-tmp/research-experiments/industrial-anomaly-detection/data/mvtec_ad/cable/test/good/010.png,51.31471633911133,0.0,0.0
E11_B2__cable,cable,1,-1.0,-1.0,shift_good,brightness_0.7,good,/root/autodl-tmp/research-experiments/industrial-anomaly-detection/data/mvtec_ad/cable/test/good/011.png,51.323944091796875,0.0,0.0
E11_B2__cable,cable,1,-1.0,-1.0,shift_good,brightness_0.7,good,/root/autodl-tmp/research-experiments/industrial-anomaly-detection/data/mvtec_ad/cable/test/good/012.png,52.670806884765625,0.0,0.0
E11_B2__cable,cable,1,-1.0,-1.0,shift_good,brightness_0.7,good,/root/autodl-tmp/research-experiments/industrial-anomaly-detection/data/mvtec_ad/cable/test/good/013.png,65.08860778808594,0.0,0.0
E11_B2__cable,cable,1,-1.0,-1.0,shift_good,brightness_0.7,good,/root/autodl-tmp/research-experiments/industrial-anomaly-detection/data/mvtec_ad/cable/test/good/014.png,52.069908142089844,0.0,0.0
E11_B2__cable,cable,1,-1.0,-1.0,shift_good,brightness_0.7,good,/root/autodl-tmp/research-experiments/industrial-anomaly-detection/data/mvtec_ad/cable/test/good/015.png,51.481773376464844,0.0,0.0
E11_B2__cable,cable,1,-1.0,-1.0,shift_good,brightness_0.7,good,/root/autodl-tmp/research-experiments/industrial-anomaly-detection/data/mvtec_ad/cable/test/good/016.png,55.4382209777832,0.0,0.0
E11_B2__cable,cable,1,-1.0,-1.0,shift_good,brightness_0.7,good,/root/autodl-tmp/research-experiments/industrial-anomaly-detection/data/mvtec_ad/cable/test/good/017.png,51.105167388916016,0.0,0.0
E11_B2__cable,cable,1,-1.0,-1.0,shift_good,brightness_0.7,good,/root/autodl-tmp/research-experiments/industrial-anomaly-detection/data/mvtec_ad/cable/test/good/018.png,56.02537536621094,0.0,0.0
E11_B2__cable,cable,1,-1.0,-1.0,shift_good,brightness_0.7,good,/root/autodl-tmp/research-experiments/industrial-anomaly-detection/data/mvtec_ad/cable/test/good/019.png,57.03422546386719,0.0,0.0
E11_B2__cable,cable,1,-1.0,-1.0,shift_good,brightness_0.7,good,/root/autodl-tmp/research-experiments/industrial-anomaly-detection/data/mvtec_ad/cable/test/good/020.png,52.52091979980469,0.0,0.0
E11_B2__cable,cable,1,-1.0,-1.0,shift_good,brightness_0.7,good,/root/autodl-tmp/research-experiments/industrial-anomaly-detection/data/mvtec_ad/cable/test/good/021.png,55.12769317626953,0.0,0.0
E11_B2__cable,cable,1,-1.0,-1.0,shift_good,brightness_0.7,good,/root/autodl-tmp/research-experiments/industrial-anomaly-detection/data/mvtec_ad/cable/test/good/022.png,53.18148422241211,0.0,0.0
E11_B2__cable,cable,1,-1.0,-1.0,shift_good,brightness_0.7,good,/root/autodl-tmp/research-experiments/industrial-anomaly-detection/data/mvtec_ad/cable/test/good/023.png,49.90216064453125,0.0,0.0
E11_B2__cable,cable,1,-1.0,-1.0,shift_good,brightness_0.7,good,/root/autodl-tmp/research-experiments/industrial-anomaly-detection/data/mvtec_ad/cable/test/good/024.png,51.79031753540039,0.0,0.0
E11_B2__cable,cable,1,-1.0,-1.0,shift_good,brightness_0.7,good,/root/autodl-tmp/research-experiments/industrial-anomaly-detection/data/mvtec_ad/cable/test/good/025.png,50.8432502746582,0.0,0.0
E11_B2__cable,cable,1,-1.0,-1.0,shift_good,brightness_0.7,good,/root/autodl-tmp/research-experiments/industrial-anomaly-detection/data/mvtec_ad/cable/test/good/026.png,52.36357879638672,0.0,0.0
E11_B2__cable,cable,1,-1.0,-1.0,shift_good,brightness_0.7,good,/root/autodl-tmp/research-experiments/industrial-anomaly-detection/data/mvtec_ad/cable/test/good/027.png,49.20128631591797,0.0,0.0
E11_B2__cable,cable,1,-1.0,-1.0,shift_good,brightness_0.7,good,/root/autodl-tmp/research-experiments/industrial-anomaly-detection/data/mvtec_ad/cable/test/good/028.png,53.26529312133789,0.0,0.0
E11_B2__cable,cable,1,-1.0,-1.0,shift_good,brightness_0.7,good,/root/autodl-tmp/research-experiments/industrial-anomaly-detection/data/mvtec_ad/cable/test/good/029.png,49.44065475463867,0.0,0.0
E11_B2__cable,cable,1,-1.0,-1.0,shift_good,brightness_0.7,good,/root/autodl-tmp/research-experiments/industrial-anomaly-detection/data/mvtec_ad/cable/test/good/030.png,60.57427978515625,0.0,0.0
E11_B2__cable,cable,1,-1.0,-1.0,shift_good,brightness_0.7,good,/root/autodl-tmp/research-experiments/industrial-anomaly-detection/data/mvtec_ad/cable/test/good/031.png,51.52404022216797,0.0,0.0
E11_B2__cable,cable,1,-1.0,-1.0,shift_good,brightness_0.7,good,/root/autodl-tmp/research-experiments/industrial-anomaly-detection/data/mvtec_ad/cable/test/good/032.png,52.528079986572266,0.0,0.0
E11_B2__cable,cable,1,-1.0,-1.0,shift_good,brightness_0.7,good,/root/autodl-tmp/research-experiments/industrial-anomaly-detection/data/mvtec_ad/cable/test/good/033.png,56.17531967163086,0.0,0.0
E11_B2__cable,cable,1,-1.0,-1.0,shift_good,brightness_0.7,good,/root/autodl-tmp/research-experiments/industrial-anomaly-detection/data/mvtec_ad/cable/test/good/034.png,55.246097564697266,0.0,0.0
E11_B2__cable,cable,1,-1.0,-1.0,shift_good,brightness_0.7,good,/root/autodl-tmp/research-experiments/industrial-anomaly-detection/data/mvtec_ad/cable/test/good/035.png,48.98566818237305,0.0,0.0
E11_B2__cable,cable,1,-1.0,-1.0,shift_good,brightness_0.7,good,/root/autodl-tmp/research-experiments/industrial-anomaly-detection/data/mvtec_ad/cable/test/good/036.png,55.93051528930664,0.0,0.0
E11_B2__cable,cable,1,-1.0,-1.0,shift_good,brightness_0.7,good,/root/autodl-tmp/research-experiments/industrial-anomaly-detection/data/mvtec_ad/cable/test/good/037.png,55.48416519165039,0.0,0.0
E11_B2__cable,cable,1,-1.0,-1.0,shift_good,brightness_0.7,good,/root/autodl-tmp/research-experiments/industrial-anomaly-detection/data/mvtec_ad/cable/test/good/038.png,55.61433792114258,0.0,0.0
E11_B2__cable,cable,1,-1.0,-1.0,shift_good,brightness_0.7,good,/root/autodl-tmp/research-experiments/industrial-anomaly-detection/data/mvtec_ad/cable/test/good/039.png,58.766597747802734,0.0,0.0
E11_B2__cable,cable,1,-1.0,-1.0,shift_good,brightness_0.7,good,/root/autodl-tmp/research-experiments/industrial-anomaly-detection/data/mvtec_ad/cable/test/good/040.png,49.00944519042969,0.0,0.0
E11_B2__cable,cable,1,-1.0,-1.0,shift_good,brightness_0.7,good,/root/autodl-tmp/research-experiments/industrial-anomaly-detection/data/mvtec_ad/cable/test/good/041.png,54.384559631347656,0.0,0.0
E11_B2__cable,cable,1,-1.0,-1.0,shift_good,brightness_0.7,good,/root/autodl-tmp/research-experiments/industrial-anomaly-detection/data/mvtec_ad/cable/test/good/042.png,57.04294204711914,0.0,0.0
E11_B2__cable,cable,1,-1.0,-1.0,shift_good,brightness_0.7,good,/root/autodl-tmp/research-experiments/industrial-anomaly-detection/data/mvtec_ad/cable/test/good/043.png,49.80636215209961,0.0,0.0
E11_B2__cable,cable,1,-1.0,-1.0,shift_good,brightness_0.7,good,/root/autodl-tmp/research-experiments/industrial-anomaly-detection/data/mvtec_ad/cable/test/good/044.png,52.60774612426758,0.0,0.0
E11_B2__cable,cable,1,-1.0,-1.0,shift_good,brightness_0.7,good,/root/autodl-tmp/research-experiments/industrial-anomaly-detection/data/mvtec_ad/cable/test/good/045.png,54.979400634765625,0.0,0.0
E11_B2__cable,cable,1,-1.0,-1.0,shift_good,brightness_0.7,good,/root/autodl-tmp/research-experiments/industrial-anomaly-detection/data/mvtec_ad/cable/test/good/046.png,53.990299224853516,0.0,0.0
E11_B2__cable,cable,1,-1.0,-1.0,shift_good,brightness_0.7,good,/root/autodl-tmp/research-experiments/industrial-anomaly-detection/data/mvtec_ad/cable/test/good/047.png,55.634002685546875,0.0,0.0
E11_B2__cable,cable,1,-1.0,-1.0,shift_good,brightness_0.7,good,/root/autodl-tmp/research-experiments/industrial-anomaly-detection/data/mvtec_ad/cable/test/good/048.png,54.16253662109375,0.0,0.0
E11_B2__cable,cable,1,-1.0,-1.0,shift_good,brightness_0.7,good,/root/autodl-tmp/research-experiments/industrial-anomaly-detection/data/mvtec_ad/cable/test/good/049.png,53.17361831665039,0.0,0.0
E11_B2__cable,cable,1,-1.0,-1.0,shift_good,brightness_0.7,good,/root/autodl-tmp/research-experiments/industrial-anomaly-detection/data/mvtec_ad/cable/test/good/050.png,53.15990447998047,0.0,0.0
E11_B2__cable,cable,1,-1.0,-1.0,shift_good,brightness_0.7,good,/root/autodl-tmp/research-experiments/industrial-anomaly-detection/data/mvtec_ad/cable/test/good/051.png,52.66547775268555,0.0,0.0
E11_B2__cable,cable,1,-1.0,-1.0,shift_good,brightness_0.7,good,/root/autodl-tmp/research-experiments/industrial-anomaly-detection/data/mvtec_ad/cable/test/good/052.png,49.708396911621094,0.0,0.0
E11_B2__cable,cable,1,-1.0,-1.0,shift_good,brightness_0.7,good,/root/autodl-tmp/research-experiments/industrial-anomaly-detection/data/mvtec_ad/cable/test/good/053.png,51.71290588378906,0.0,0.0
E11_B2__cable,cable,1,-1.0,-1.0,shift_good,brightness_0.7,good,/root/autodl-tmp/research-experiments/industrial-anomaly-detection/data/mvtec_ad/cable/test/good/054.png,52.312538146972656,0.0,0.0
E11_B2__cable,cable,1,-1.0,-1.0,shift_good,brightness_0.7,good,/root/autodl-tmp/research-experiments/industrial-anomaly-detection/data/mvtec_ad/cable/test/good/055.png,56.50585174560547,0.0,0.0
E11_B2__cable,cable,1,-1.0,-1.0,shift_good,brightness_0.7,good,/root/autodl-tmp/research-experiments/industrial-anomaly-detection/data/mvtec_ad/cable/test/good/056.png,53.14309310913086,0.0,0.0
E11_B2__cable,cable,1,-1.0,-1.0,shift_good,brightness_0.7,good,/root/autodl-tmp/research-experiments/industrial-anomaly-detection/data/mvtec_ad/cable/test/good/057.png,61.16032028198242,0.0,0.0
E11_B2__cable,cable,1,-1.0,-1.0,shift_good,brightness_1.3,good,/root/autodl-tmp/research-experiments/industrial-anomaly-detection/data/mvtec_ad/cable/test/good/000.png,50.20587921142578,0.08626333624124527,0.0
E11_B2__cable,cable,1,-1.0,-1.0,shift_good,brightness_1.3,good,/root/autodl-tmp/research-experiments/industrial-anomaly-detection/data/mvtec_ad/cable/test/good/001.png,55.17437744140625,0.07133802026510239,0.0
E11_B2__cable,cable,1,-1.0,-1.0,shift_good,brightness_1.3,good,/root/autodl-tmp/research-experiments/industrial-anomaly-detection/data/mvtec_ad/cable/test/good/002.png,53.830318450927734,0.08346748352050781,0.0
E11_B2__cable,cable,1,-1.0,-1.0,shift_good,brightness_1.3,good,/root/autodl-tmp/research-experiments/industrial-anomaly-detection/data/mvtec_ad/cable/test/good/003.png,49.953590393066406,0.07335694879293442,0.0
E11_B2__cable,cable,1,-1.0,-1.0,shift_good,brightness_1.3,good,/root/autodl-tmp/research-experiments/industrial-anomaly-detection/data/mvtec_ad/cable/test/good/004.png,52.440948486328125,0.08155377954244614,0.0
E11_B2__cable,cable,1,-1.0,-1.0,shift_good,brightness_1.3,good,/root/autodl-tmp/research-experiments/industrial-anomaly-detection/data/mvtec_ad/cable/test/good/005.png,50.89415740966797,0.08527342230081558,0.0
E11_B2__cable,cable,1,-1.0,-1.0,shift_good,brightness_1.3,good,/root/autodl-tmp/research-experiments/industrial-anomaly-detection/data/mvtec_ad/cable/test/good/006.png,49.952369689941406,0.08052889257669449,0.0
E11_B2__cable,cable,1,-1.0,-1.0,shift_good,brightness_1.3,good,/root/autodl-tmp/research-experiments/industrial-anomaly-detection/data/mvtec_ad/cable/test/good/007.png,51.7400016784668,0.08082453161478043,0.0
E11_B2__cable,cable,1,-1.0,-1.0,shift_good,brightness_1.3,good,/root/autodl-tmp/research-experiments/industrial-anomaly-detection/data/mvtec_ad/cable/test/good/008.png,52.32270050048828,0.08074919134378433,0.0
E11_B2__cable,cable,1,-1.0,-1.0,shift_good,brightness_1.3,good,/root/autodl-tmp/research-experiments/industrial-anomaly-detection/data/mvtec_ad/cable/test/good/009.png,49.67822265625,0.08247852325439453,0.0
E11_B2__cable,cable,1,-1.0,-1.0,shift_good,brightness_1.3,good,/root/autodl-tmp/research-experiments/industrial-anomaly-detection/data/mvtec_ad/cable/test/good/010.png,50.92482376098633,0.0733327865600586,0.0
E11_B2__cable,cable,1,-1.0,-1.0,shift_good,brightness_1.3,good,/root/autodl-tmp/research-experiments/industrial-anomaly-detection/data/mvtec_ad/cable/test/good/011.png,51.159236907958984,0.07110182195901871,0.0
E11_B2__cable,cable,1,-1.0,-1.0,shift_good,brightness_1.3,good,/root/autodl-tmp/research-experiments/industrial-anomaly-detection/data/mvtec_ad/cable/test/good/012.png,52.845706939697266,0.08049424737691879,0.0
E11_B2__cable,cable,1,-1.0,-1.0,shift_good,brightness_1.3,good,/root/autodl-tmp/research-experiments/industrial-anomaly-detection/data/mvtec_ad/cable/test/good/013.png,60.14988708496094,0.08349609375,0.0
E11_B2__cable,cable,1,-1.0,-1.0,shift_good,brightness_1.3,good,/root/autodl-tmp/research-experiments/industrial-anomaly-detection/data/mvtec_ad/cable/test/good/014.png,51.938636779785156,0.08221626281738281,0.0
E11_B2__cable,cable,1,-1.0,-1.0,shift_good,brightness_1.3,good,/root/autodl-tmp/research-experiments/industrial-anomaly-detection/data/mvtec_ad/cable/test/good/015.png,53.58963394165039,0.08030541986227036,0.0
E11_B2__cable,cable,1,-1.0,-1.0,shift_good,brightness_1.3,good,/root/autodl-tmp/research-experiments/industrial-anomaly-detection/data/mvtec_ad/cable/test/good/016.png,53.850772857666016,0.08525403589010239,0.0
E11_B2__cable,cable,1,-1.0,-1.0,shift_good,brightness_1.3,good,/root/autodl-tmp/research-experiments/industrial-anomaly-detection/data/mvtec_ad/cable/test/good/017.png,51.59153747558594,0.0833984985947609,0.0
E11_B2__cable,cable,1,-1.0,-1.0,shift_good,brightness_1.3,good,/root/autodl-tmp/research-experiments/industrial-anomaly-detection/data/mvtec_ad/cable/test/good/018.png,56.85778045654297,0.08926073461771011,0.0
E11_B2__cable,cable,1,-1.0,-1.0,shift_good,brightness_1.3,good,/root/autodl-tmp/research-experiments/industrial-anomaly-detection/data/mvtec_ad/cable/test/good/019.png,56.410499572753906,0.08733335882425308,0.0
E11_B2__cable,cable,1,-1.0,-1.0,shift_good,brightness_1.3,good,/root/autodl-tmp/research-experiments/industrial-anomaly-detection/data/mvtec_ad/cable/test/good/020.png,51.393348693847656,0.0830281600356102,0.0
E11_B2__cable,cable,1,-1.0,-1.0,shift_good,brightness_1.3,good,/root/autodl-tmp/research-experiments/industrial-anomaly-detection/data/mvtec_ad/cable/test/good/021.png,51.530784606933594,0.08923276513814926,0.0
E11_B2__cable,cable,1,-1.0,-1.0,shift_good,brightness_1.3,good,/root/autodl-tmp/research-experiments/industrial-anomaly-detection/data/mvtec_ad/cable/test/good/022.png,53.73149871826172,0.08469295501708984,0.0
E11_B2__cable,cable,1,-1.0,-1.0,shift_good,brightness_1.3,good,/root/autodl-tmp/research-experiments/industrial-anomaly-detection/data/mvtec_ad/cable/test/good/023.png,51.70083236694336,0.0848754271864891,0.0
E11_B2__cable,cable,1,-1.0,-1.0,shift_good,brightness_1.3,good,/root/autodl-tmp/research-experiments/industrial-anomaly-detection/data/mvtec_ad/cable/test/good/024.png,52.27091979980469,0.07932344824075699,0.0
E11_B2__cable,cable,1,-1.0,-1.0,shift_good,brightness_1.3,good,/root/autodl-tmp/research-experiments/industrial-anomaly-detection/data/mvtec_ad/cable/test/good/025.png,51.299598693847656,0.08510080724954605,0.0
E11_B2__cable,cable,1,-1.0,-1.0,shift_good,brightness_1.3,good,/root/autodl-tmp/research-experiments/industrial-anomaly-detection/data/mvtec_ad/cable/test/good/026.png,53.214324951171875,0.08038711547851562,0.0
E11_B2__cable,cable,1,-1.0,-1.0,shift_good,brightness_1.3,good,/root/autodl-tmp/research-experiments/industrial-anomaly-detection/data/mvtec_ad/cable/test/good/027.png,50.44447708129883,0.09305635839700699,0.0
E11_B2__cable,cable,1,-1.0,-1.0,shift_good,brightness_1.3,good,/root/autodl-tmp/research-experiments/industrial-anomaly-detection/data/mvtec_ad/cable/test/good/028.png,51.747249603271484,0.07995033264160156,0.0
E11_B2__cable,cable,1,-1.0,-1.0,shift_good,brightness_1.3,good,/root/autodl-tmp/research-experiments/industrial-anomaly-detection/data/mvtec_ad/cable/test/good/029.png,50.883846282958984,0.07708263397216797,0.0
E11_B2__cable,cable,1,-1.0,-1.0,shift_good,brightness_1.3,good,/root/autodl-tmp/research-experiments/industrial-anomaly-detection/data/mvtec_ad/cable/test/good/030.png,60.66245651245117,0.07340017706155777,0.0
E11_B2__cable,cable,1,-1.0,-1.0,shift_good,brightness_1.3,good,/root/autodl-tmp/research-experiments/industrial-anomaly-detection/data/mvtec_ad/cable/test/good/031.png,52.03425979614258,0.08697064965963364,0.0
E11_B2__cable,cable,1,-1.0,-1.0,shift_good,brightness_1.3,good,/root/autodl-tmp/research-experiments/industrial-anomaly-detection/data/mvtec_ad/cable/test/good/032.png,52.25400161743164,0.07938829809427261,0.0
E11_B2__cable,cable,1,-1.0,-1.0,shift_good,brightness_1.3,good,/root/autodl-tmp/research-experiments/industrial-anomaly-detection/data/mvtec_ad/cable/test/good/033.png,54.353694915771484,0.10381635278463364,0.0
E11_B2__cable,cable,1,-1.0,-1.0,shift_good,brightness_1.3,good,/root/autodl-tmp/research-experiments/industrial-anomaly-detection/data/mvtec_ad/cable/test/good/034.png,54.730438232421875,0.10091749578714371,0.0
E11_B2__cable,cable,1,-1.0,-1.0,shift_good,brightness_1.3,good,/root/autodl-tmp/research-experiments/industrial-anomaly-detection/data/mvtec_ad/cable/test/good/035.png,51.338218688964844,0.08830579370260239,0.0
E11_B2__cable,cable,1,-1.0,-1.0,shift_good,brightness_1.3,good,/root/autodl-tmp/research-experiments/industrial-anomaly-detection/data/mvtec_ad/cable/test/good/036.png,54.29178237915039,0.08996041864156723,0.0
E11_B2__cable,cable,1,-1.0,-1.0,shift_good,brightness_1.3,good,/root/autodl-tmp/research-experiments/industrial-anomaly-detection/data/mvtec_ad/cable/test/good/037.png,53.054771423339844,0.0988016128540039,0.0
E11_B2__cable,cable,1,-1.0,-1.0,shift_good,brightness_1.3,good,/root/autodl-tmp/research-experiments/industrial-anomaly-detection/data/mvtec_ad/cable/test/good/038.png,56.40174102783203,0.09935537725687027,0.0
E11_B2__cable,cable,1,-1.0,-1.0,shift_good,brightness_1.3,good,/root/autodl-tmp/research-experiments/industrial-anomaly-detection/data/mvtec_ad/cable/test/good/039.png,58.116546630859375,0.09659290313720703,0.0
E11_B2__cable,cable,1,-1.0,-1.0,shift_good,brightness_1.3,good,/root/autodl-tmp/research-experiments/industrial-anomaly-detection/data/mvtec_ad/cable/test/good/040.png,52.91883087158203,0.09402942657470703,0.0
E11_B2__cable,cable,1,-1.0,-1.0,shift_good,brightness_1.3,good,/root/autodl-tmp/research-experiments/industrial-anomaly-detection/data/mvtec_ad/cable/test/good/041.png,54.80624771118164,0.10301748663187027,0.0
E11_B2__cable,cable,1,-1.0,-1.0,shift_good,brightness_1.3,good,/root/autodl-tmp/research-experiments/industrial-anomaly-detection/data/mvtec_ad/cable/test/good/042.png,57.44290542602539,0.1024312973022461,0.0
E11_B2__cable,cable,1,-1.0,-1.0,shift_good,brightness_1.3,good,/root/autodl-tmp/research-experiments/industrial-anomaly-detection/data/mvtec_ad/cable/test/good/043.png,53.927677154541016,0.09658622741699219,0.0
E11_B2__cable,cable,1,-1.0,-1.0,shift_good,brightness_1.3,good,/root/autodl-tmp/research-experiments/industrial-anomaly-detection/data/mvtec_ad/cable/test/good/044.png,52.7557258605957,0.06879329681396484,0.0
E11_B2__cable,cable,1,-1.0,-1.0,shift_good,brightness_1.3,good,/root/autodl-tmp/research-experiments/industrial-anomaly-detection/data/mvtec_ad/cable/test/good/045.png,55.61903762817383,0.07743517309427261,0.0
E11_B2__cable,cable,1,-1.0,-1.0,shift_good,brightness_1.3,good,/root/autodl-tmp/research-experiments/industrial-anomaly-detection/data/mvtec_ad/cable/test/good/046.png,51.944549560546875,0.07649961858987808,0.0
E11_B2__cable,cable,1,-1.0,-1.0,shift_good,brightness_1.3,good,/root/autodl-tmp/research-experiments/industrial-anomaly-detection/data/mvtec_ad/cable/test/good/047.png,51.72175216674805,0.08518759161233902,0.0
E11_B2__cable,cable,1,-1.0,-1.0,shift_good,brightness_1.3,good,/root/autodl-tmp/research-experiments/industrial-anomaly-detection/data/mvtec_ad/cable/test/good/048.png,55.49455642700195,0.0888875350356102,0.0
E11_B2__cable,cable,1,-1.0,-1.0,shift_good,brightness_1.3,good,/root/autodl-tmp/research-experiments/industrial-anomaly-detection/data/mvtec_ad/cable/test/good/049.png,53.190364837646484,0.08856741338968277,0.0
E11_B2__cable,cable,1,-1.0,-1.0,shift_good,brightness_1.3,good,/root/autodl-tmp/research-experiments/industrial-anomaly-detection/data/mvtec_ad/cable/test/good/050.png,54.23673629760742,0.08319791406393051,0.0
E11_B2__cable,cable,1,-1.0,-1.0,shift_good,brightness_1.3,good,/root/autodl-tmp/research-experiments/industrial-anomaly-detection/data/mvtec_ad/cable/test/good/051.png,54.71250534057617,0.06525135040283203,0.0
E11_B2__cable,cable,1,-1.0,-1.0,shift_good,brightness_1.3,good,/root/autodl-tmp/research-experiments/industrial-anomaly-detection/data/mvtec_ad/cable/test/good/052.png,51.016944885253906,0.06679884344339371,0.0
E11_B2__cable,cable,1,-1.0,-1.0,shift_good,brightness_1.3,good,/root/autodl-tmp/research-experiments/industrial-anomaly-detection/data/mvtec_ad/cable/test/good/053.png,52.67074966430664,0.06424649804830551,0.0
E11_B2__cable,cable,1,-1.0,-1.0,shift_good,brightness_1.3,good,/root/autodl-tmp/research-experiments/industrial-anomaly-detection/data/mvtec_ad/cable/test/good/054.png,53.16037368774414,0.041339557617902756,0.0
E11_B2__cable,cable,1,-1.0,-1.0,shift_good,brightness_1.3,good,/root/autodl-tmp/research-experiments/industrial-anomaly-detection/data/mvtec_ad/cable/test/good/055.png,54.26987075805664,0.06983216851949692,0.0
E11_B2__cable,cable,1,-1.0,-1.0,shift_good,brightness_1.3,good,/root/autodl-tmp/research-experiments/industrial-anomaly-detection/data/mvtec_ad/cable/test/good/056.png,54.10928726196289,0.0740722045302391,0.0
E11_B2__cable,cable,1,-1.0,-1.0,shift_good,brightness_1.3,good,/root/autodl-tmp/research-experiments/industrial-anomaly-detection/data/mvtec_ad/cable/test/good/057.png,60.39711380004883,0.08110427856445312,0.0
E11_B2__cable,cable,1,-1.0,-1.0,shift_good,gamma_0.7,good,/root/autodl-tmp/research-experiments/industrial-anomaly-detection/data/mvtec_ad/cable/test/good/000.png,50.32186508178711,0.021622339263558388,0.0
E11_B2__cable,cable,1,-1.0,-1.0,shift_good,gamma_0.7,good,/root/autodl-tmp/research-experiments/industrial-anomaly-detection/data/mvtec_ad/cable/test/good/001.png,55.22297286987305,0.015903154388070107,0.0
E11_B2__cable,cable,1,-1.0,-1.0,shift_good,gamma_0.7,good,/root/autodl-tmp/research-experiments/industrial-anomaly-detection/data/mvtec_ad/cable/test/good/002.png,52.1999397277832,0.02333577536046505,0.0
E11_B2__cable,cable,1,-1.0,-1.0,shift_good,gamma_0.7,good,/root/autodl-tmp/research-experiments/industrial-anomaly-detection/data/mvtec_ad/cable/test/good/003.png,48.98881912231445,0.012164751999080181,0.0
E11_B2__cable,cable,1,-1.0,-1.0,shift_good,gamma_0.7,good,/root/autodl-tmp/research-experiments/industrial-anomaly-detection/data/mvtec_ad/cable/test/good/004.png,50.17408752441406,0.01812235452234745,0.0
E11_B2__cable,cable,1,-1.0,-1.0,shift_good,gamma_0.7,good,/root/autodl-tmp/research-experiments/industrial-anomaly-detection/data/mvtec_ad/cable/test/good/005.png,51.95524215698242,0.0224126186221838,0.0
E11_B2__cable,cable,1,-1.0,-1.0,shift_good,gamma_0.7,good,/root/autodl-tmp/research-experiments/industrial-anomaly-detection/data/mvtec_ad/cable/test/good/006.png,52.7294921875,0.017833709716796875,0.0
E11_B2__cable,cable,1,-1.0,-1.0,shift_good,gamma_0.7,good,/root/autodl-tmp/research-experiments/industrial-anomaly-detection/data/mvtec_ad/cable/test/good/007.png,52.12999725341797,0.01917521096765995,0.0
E11_B2__cable,cable,1,-1.0,-1.0,shift_good,gamma_0.7,good,/root/autodl-tmp/research-experiments/industrial-anomaly-detection/data/mvtec_ad/cable/test/good/008.png,51.857513427734375,0.019934335723519325,0.0
E11_B2__cable,cable,1,-1.0,-1.0,shift_good,gamma_0.7,good,/root/autodl-tmp/research-experiments/industrial-anomaly-detection/data/mvtec_ad/cable/test/good/009.png,52.83803176879883,0.021636009216308594,0.0
E11_B2__cable,cable,1,-1.0,-1.0,shift_good,gamma_0.7,good,/root/autodl-tmp/research-experiments/industrial-anomaly-detection/data/mvtec_ad/cable/test/good/010.png,50.95233154296875,0.0151430768892169,0.0
E11_B2__cable,cable,1,-1.0,-1.0,shift_good,gamma_0.7,good,/root/autodl-tmp/research-experiments/industrial-anomaly-detection/data/mvtec_ad/cable/test/good/011.png,51.09170913696289,0.011591593734920025,0.0
E11_B2__cable,cable,1,-1.0,-1.0,shift_good,gamma_0.7,good,/root/autodl-tmp/research-experiments/industrial-anomaly-detection/data/mvtec_ad/cable/test/good/012.png,52.1558952331543,0.01686064340174198,0.0
E11_B2__cable,cable,1,-1.0,-1.0,shift_good,gamma_0.7,good,/root/autodl-tmp/research-experiments/industrial-anomaly-detection/data/mvtec_ad/cable/test/good/013.png,64.65724182128906,0.021760940551757812,0.0
E11_B2__cable,cable,1,-1.0,-1.0,shift_good,gamma_0.7,good,/root/autodl-tmp/research-experiments/industrial-anomaly-detection/data/mvtec_ad/cable/test/good/014.png,52.40265655517578,0.015605290420353413,0.0
E11_B2__cable,cable,1,-1.0,-1.0,shift_good,gamma_0.7,good,/root/autodl-tmp/research-experiments/industrial-anomaly-detection/data/mvtec_ad/cable/test/good/015.png,52.72502136230469,0.017843246459960938,0.0
E11_B2__cable,cable,1,-1.0,-1.0,shift_good,gamma_0.7,good,/root/autodl-tmp/research-experiments/industrial-anomaly-detection/data/mvtec_ad/cable/test/good/016.png,56.394474029541016,0.023102441802620888,0.0
E11_B2__cable,cable,1,-1.0,-1.0,shift_good,gamma_0.7,good,/root/autodl-tmp/research-experiments/industrial-anomaly-detection/data/mvtec_ad/cable/test/good/017.png,53.134037017822266,0.02355480194091797,0.0
E11_B2__cable,cable,1,-1.0,-1.0,shift_good,gamma_0.7,good,/root/autodl-tmp/research-experiments/industrial-anomaly-detection/data/mvtec_ad/cable/test/good/018.png,55.54023742675781,0.025061607360839844,0.0
E11_B2__cable,cable,1,-1.0,-1.0,shift_good,gamma_0.7,good,/root/autodl-tmp/research-experiments/industrial-anomaly-detection/data/mvtec_ad/cable/test/good/019.png,56.78622817993164,0.02379608154296875,0.0
E11_B2__cable,cable,1,-1.0,-1.0,shift_good,gamma_0.7,good,/root/autodl-tmp/research-experiments/industrial-anomaly-detection/data/mvtec_ad/cable/test/good/020.png,49.126739501953125,0.021706899628043175,0.0
E11_B2__cable,cable,1,-1.0,-1.0,shift_good,gamma_0.7,good,/root/autodl-tmp/research-experiments/industrial-anomaly-detection/data/mvtec_ad/cable/test/good/021.png,55.43075180053711,0.026894569396972656,0.0
E11_B2__cable,cable,1,-1.0,-1.0,shift_good,gamma_0.7,good,/root/autodl-tmp/research-experiments/industrial-anomaly-detection/data/mvtec_ad/cable/test/good/022.png,53.18383026123047,0.02138519287109375,0.0
E11_B2__cable,cable,1,-1.0,-1.0,shift_good,gamma_0.7,good,/root/autodl-tmp/research-experiments/industrial-anomaly-detection/data/mvtec_ad/cable/test/good/023.png,49.701045989990234,0.02284717559814453,0.0
E11_B2__cable,cable,1,-1.0,-1.0,shift_good,gamma_0.7,good,/root/autodl-tmp/research-experiments/industrial-anomaly-detection/data/mvtec_ad/cable/test/good/024.png,51.16225051879883,0.016427675262093544,0.0
E11_B2__cable,cable,1,-1.0,-1.0,shift_good,gamma_0.7,good,/root/autodl-tmp/research-experiments/industrial-anomaly-detection/data/mvtec_ad/cable/test/good/025.png,51.63426971435547,0.02407296560704708,0.0
E11_B2__cable,cable,1,-1.0,-1.0,shift_good,gamma_0.7,good,/root/autodl-tmp/research-experiments/industrial-anomaly-detection/data/mvtec_ad/cable/test/good/026.png,50.974788665771484,0.01862112618982792,0.0
E11_B2__cable,cable,1,-1.0,-1.0,shift_good,gamma_0.7,good,/root/autodl-tmp/research-experiments/industrial-anomaly-detection/data/mvtec_ad/cable/test/good/027.png,51.907012939453125,0.021230697631835938,0.0
E11_B2__cable,cable,1,-1.0,-1.0,shift_good,gamma_0.7,good,/root/autodl-tmp/research-experiments/industrial-anomaly-detection/data/mvtec_ad/cable/test/good/028.png,51.437477111816406,0.01690641976892948,0.0
E11_B2__cable,cable,1,-1.0,-1.0,shift_good,gamma_0.7,good,/root/autodl-tmp/research-experiments/industrial-anomaly-detection/data/mvtec_ad/cable/test/good/029.png,50.62712097167969,0.015604655258357525,0.0
E11_B2__cable,cable,1,-1.0,-1.0,shift_good,gamma_0.7,good,/root/autodl-tmp/research-experiments/industrial-anomaly-detection/data/mvtec_ad/cable/test/good/030.png,59.761226654052734,0.013756752014160156,0.0
E11_B2__cable,cable,1,-1.0,-1.0,shift_good,gamma_0.7,good,/root/autodl-tmp/research-experiments/industrial-anomaly-detection/data/mvtec_ad/cable/test/good/031.png,52.884761810302734,0.022579511627554893,0.0
E11_B2__cable,cable,1,-1.0,-1.0,shift_good,gamma_0.7,good,/root/autodl-tmp/research-experiments/industrial-anomaly-detection/data/mvtec_ad/cable/test/good/032.png,53.81622314453125,0.01865863800048828,0.0
E11_B2__cable,cable,1,-1.0,-1.0,shift_good,gamma_0.7,good,/root/autodl-tmp/research-experiments/industrial-anomaly-detection/data/mvtec_ad/cable/test/good/033.png,51.56252670288086,0.0480194091796875,0.0
E11_B2__cable,cable,1,-1.0,-1.0,shift_good,gamma_0.7,good,/root/autodl-tmp/research-experiments/industrial-anomaly-detection/data/mvtec_ad/cable/test/good/034.png,54.92079544067383,0.04469330981373787,0.0
E11_B2__cable,cable,1,-1.0,-1.0,shift_good,gamma_0.7,good,/root/autodl-tmp/research-experiments/industrial-anomaly-detection/data/mvtec_ad/cable/test/good/035.png,49.979732513427734,0.03459962084889412,0.0
E11_B2__cable,cable,1,-1.0,-1.0,shift_good,gamma_0.7,good,/root/autodl-tmp/research-experiments/industrial-anomaly-detection/data/mvtec_ad/cable/test/good/036.png,52.30121994018555,0.0373433418571949,0.0
E11_B2__cable,cable,1,-1.0,-1.0,shift_good,gamma_0.7,good,/root/autodl-tmp/research-experiments/industrial-anomaly-detection/data/mvtec_ad/cable/test/good/037.png,54.6456184387207,0.04009532928466797,0.0
E11_B2__cable,cable,1,-1.0,-1.0,shift_good,gamma_0.7,good,/root/autodl-tmp/research-experiments/industrial-anomaly-detection/data/mvtec_ad/cable/test/good/038.png,53.38142395019531,0.044147174805402756,0.0
E11_B2__cable,cable,1,-1.0,-1.0,shift_good,gamma_0.7,good,/root/autodl-tmp/research-experiments/industrial-anomaly-detection/data/mvtec_ad/cable/test/good/039.png,58.59042739868164,0.0462544746696949,0.0
E11_B2__cable,cable,1,-1.0,-1.0,shift_good,gamma_0.7,good,/root/autodl-tmp/research-experiments/industrial-anomaly-detection/data/mvtec_ad/cable/test/good/040.png,50.87980651855469,0.039132434874773026,0.0
E11_B2__cable,cable,1,-1.0,-1.0,shift_good,gamma_0.7,good,/root/autodl-tmp/research-experiments/industrial-anomaly-detection/data/mvtec_ad/cable/test/good/041.png,55.58429718017578,0.05353736877441406,0.0
E11_B2__cable,cable,1,-1.0,-1.0,shift_good,gamma_0.7,good,/root/autodl-tmp/research-experiments/industrial-anomaly-detection/data/mvtec_ad/cable/test/good/042.png,54.42308044433594,0.04771995544433594,0.0
E11_B2__cable,cable,1,-1.0,-1.0,shift_good,gamma_0.7,good,/root/autodl-tmp/research-experiments/industrial-anomaly-detection/data/mvtec_ad/cable/test/good/043.png,51.38802719116211,0.046571094542741776,0.0
E11_B2__cable,cable,1,-1.0,-1.0,shift_good,gamma_0.7,good,/root/autodl-tmp/research-experiments/industrial-anomaly-detection/data/mvtec_ad/cable/test/good/044.png,54.046295166015625,0.010723431594669819,0.0
E11_B2__cable,cable,1,-1.0,-1.0,shift_good,gamma_0.7,good,/root/autodl-tmp/research-experiments/industrial-anomaly-detection/data/mvtec_ad/cable/test/good/045.png,55.967491149902344,0.01493072509765625,0.0
E11_B2__cable,cable,1,-1.0,-1.0,shift_good,gamma_0.7,good,/root/autodl-tmp/research-experiments/industrial-anomaly-detection/data/mvtec_ad/cable/test/good/046.png,51.095558166503906,0.013328234665095806,0.0
E11_B2__cable,cable,1,-1.0,-1.0,shift_good,gamma_0.7,good,/root/autodl-tmp/research-experiments/industrial-anomaly-detection/data/mvtec_ad/cable/test/good/047.png,51.93413162231445,0.02331574819982052,0.0
E11_B2__cable,cable,1,-1.0,-1.0,shift_good,gamma_0.7,good,/root/autodl-tmp/research-experiments/industrial-anomaly-detection/data/mvtec_ad/cable/test/good/048.png,54.84609603881836,0.021440187469124794,0.0
E11_B2__cable,cable,1,-1.0,-1.0,shift_good,gamma_0.7,good,/root/autodl-tmp/research-experiments/industrial-anomaly-detection/data/mvtec_ad/cable/test/good/049.png,53.02440643310547,0.027617454528808594,0.0
E11_B2__cable,cable,1,-1.0,-1.0,shift_good,gamma_0.7,good,/root/autodl-tmp/research-experiments/industrial-anomaly-detection/data/mvtec_ad/cable/test/good/050.png,54.5147819519043,0.02107779122889042,0.0
E11_B2__cable,cable,1,-1.0,-1.0,shift_good,gamma_0.7,good,/root/autodl-tmp/research-experiments/industrial-anomaly-detection/data/mvtec_ad/cable/test/good/051.png,54.78832244873047,0.009778340347111225,0.0
E11_B2__cable,cable,1,-1.0,-1.0,shift_good,gamma_0.7,good,/root/autodl-tmp/research-experiments/industrial-anomaly-detection/data/mvtec_ad/cable/test/good/052.png,50.97749328613281,0.0060710906982421875,0.0
E11_B2__cable,cable,1,-1.0,-1.0,shift_good,gamma_0.7,good,/root/autodl-tmp/research-experiments/industrial-anomaly-detection/data/mvtec_ad/cable/test/good/053.png,53.56393051147461,0.006646156311035156,0.0
E11_B2__cable,cable,1,-1.0,-1.0,shift_good,gamma_0.7,good,/root/autodl-tmp/research-experiments/industrial-anomaly-detection/data/mvtec_ad/cable/test/good/054.png,54.64596176147461,0.0008665720815770328,0.0
E11_B2__cable,cable,1,-1.0,-1.0,shift_good,gamma_0.7,good,/root/autodl-tmp/research-experiments/industrial-anomaly-detection/data/mvtec_ad/cable/test/good/055.png,54.14704513549805,0.013045947067439556,0.0
E11_B2__cable,cable,1,-1.0,-1.0,shift_good,gamma_0.7,good,/root/autodl-tmp/research-experiments/industrial-anomaly-detection/data/mvtec_ad/cable/test/good/056.png,52.26316833496094,0.012257258407771587,0.0
E11_B2__cable,cable,1,-1.0,-1.0,shift_good,gamma_0.7,good,/root/autodl-tmp/research-experiments/industrial-anomaly-detection/data/mvtec_ad/cable/test/good/057.png,64.71876525878906,0.016841569915413857,0.0
E11_B2__cable,cable,1,-1.0,-1.0,shift_good,gamma_1.3,good,/root/autodl-tmp/research-experiments/industrial-anomaly-detection/data/mvtec_ad/cable/test/good/000.png,48.72018814086914,0.021622339263558388,0.0
E11_B2__cable,cable,1,-1.0,-1.0,shift_good,gamma_1.3,good,/root/autodl-tmp/research-experiments/industrial-anomaly-detection/data/mvtec_ad/cable/test/good/001.png,54.60753631591797,0.015903154388070107,0.0
E11_B2__cable,cable,1,-1.0,-1.0,shift_good,gamma_1.3,good,/root/autodl-tmp/research-experiments/industrial-anomaly-detection/data/mvtec_ad/cable/test/good/002.png,54.04411697387695,0.02333577536046505,0.0
E11_B2__cable,cable,1,-1.0,-1.0,shift_good,gamma_1.3,good,/root/autodl-tmp/research-experiments/industrial-anomaly-detection/data/mvtec_ad/cable/test/good/003.png,47.80867385864258,0.012164751999080181,0.0
E11_B2__cable,cable,1,-1.0,-1.0,shift_good,gamma_1.3,good,/root/autodl-tmp/research-experiments/industrial-anomaly-detection/data/mvtec_ad/cable/test/good/004.png,52.084354400634766,0.01812235452234745,0.0
E11_B2__cable,cable,1,-1.0,-1.0,shift_good,gamma_1.3,good,/root/autodl-tmp/research-experiments/industrial-anomaly-detection/data/mvtec_ad/cable/test/good/005.png,50.450904846191406,0.0224126186221838,0.0
E11_B2__cable,cable,1,-1.0,-1.0,shift_good,gamma_1.3,good,/root/autodl-tmp/research-experiments/industrial-anomaly-detection/data/mvtec_ad/cable/test/good/006.png,50.53950119018555,0.017833709716796875,0.0
E11_B2__cable,cable,1,-1.0,-1.0,shift_good,gamma_1.3,good,/root/autodl-tmp/research-experiments/industrial-anomaly-detection/data/mvtec_ad/cable/test/good/007.png,50.28125762939453,0.01917521096765995,0.0
E11_B2__cable,cable,1,-1.0,-1.0,shift_good,gamma_1.3,good,/root/autodl-tmp/research-experiments/industrial-anomaly-detection/data/mvtec_ad/cable/test/good/008.png,51.64839172363281,0.019934335723519325,0.0
E11_B2__cable,cable,1,-1.0,-1.0,shift_good,gamma_1.3,good,/root/autodl-tmp/research-experiments/industrial-anomaly-detection/data/mvtec_ad/cable/test/good/009.png,49.570770263671875,0.021636009216308594,0.0
E11_B2__cable,cable,1,-1.0,-1.0,shift_good,gamma_1.3,good,/root/autodl-tmp/research-experiments/industrial-anomaly-detection/data/mvtec_ad/cable/test/good/010.png,48.3908576965332,0.0151430768892169,0.0
E11_B2__cable,cable,1,-1.0,-1.0,shift_good,gamma_1.3,good,/root/autodl-tmp/research-experiments/industrial-anomaly-detection/data/mvtec_ad/cable/test/good/011.png,50.74827575683594,0.011591593734920025,0.0
E11_B2__cable,cable,1,-1.0,-1.0,shift_good,gamma_1.3,good,/root/autodl-tmp/research-experiments/industrial-anomaly-detection/data/mvtec_ad/cable/test/good/012.png,52.47264099121094,0.01686064340174198,0.0
E11_B2__cable,cable,1,-1.0,-1.0,shift_good,gamma_1.3,good,/root/autodl-tmp/research-experiments/industrial-anomaly-detection/data/mvtec_ad/cable/test/good/013.png,63.03217697143555,0.021760940551757812,0.0
E11_B2__cable,cable,1,-1.0,-1.0,shift_good,gamma_1.3,good,/root/autodl-tmp/research-experiments/industrial-anomaly-detection/data/mvtec_ad/cable/test/good/014.png,52.04618835449219,0.015605290420353413,0.0
E11_B2__cable,cable,1,-1.0,-1.0,shift_good,gamma_1.3,good,/root/autodl-tmp/research-experiments/industrial-anomaly-detection/data/mvtec_ad/cable/test/good/015.png,52.18468475341797,0.017843246459960938,0.0
E11_B2__cable,cable,1,-1.0,-1.0,shift_good,gamma_1.3,good,/root/autodl-tmp/research-experiments/industrial-anomaly-detection/data/mvtec_ad/cable/test/good/016.png,53.685340881347656,0.023102441802620888,0.0
E11_B2__cable,cable,1,-1.0,-1.0,shift_good,gamma_1.3,good,/root/autodl-tmp/research-experiments/industrial-anomaly-detection/data/mvtec_ad/cable/test/good/017.png,50.61183166503906,0.02355480194091797,0.0
E11_B2__cable,cable,1,-1.0,-1.0,shift_good,gamma_1.3,good,/root/autodl-tmp/research-experiments/industrial-anomaly-detection/data/mvtec_ad/cable/test/good/018.png,55.0990104675293,0.025061607360839844,0.0
E11_B2__cable,cable,1,-1.0,-1.0,shift_good,gamma_1.3,good,/root/autodl-tmp/research-experiments/industrial-anomaly-detection/data/mvtec_ad/cable/test/good/019.png,56.222686767578125,0.02379608154296875,0.0
E11_B2__cable,cable,1,-1.0,-1.0,shift_good,gamma_1.3,good,/root/autodl-tmp/research-experiments/industrial-anomaly-detection/data/mvtec_ad/cable/test/good/020.png,49.1992073059082,0.021706899628043175,0.0
E11_B2__cable,cable,1,-1.0,-1.0,shift_good,gamma_1.3,good,/root/autodl-tmp/research-experiments/industrial-anomaly-detection/data/mvtec_ad/cable/test/good/021.png,52.80193328857422,0.026894569396972656,0.0
E11_B2__cable,cable,1,-1.0,-1.0,shift_good,gamma_1.3,good,/root/autodl-tmp/research-experiments/industrial-anomaly-detection/data/mvtec_ad/cable/test/good/022.png,51.384498596191406,0.02138519287109375,0.0
E11_B2__cable,cable,1,-1.0,-1.0,shift_good,gamma_1.3,good,/root/autodl-tmp/research-experiments/industrial-anomaly-detection/data/mvtec_ad/cable/test/good/023.png,50.778202056884766,0.02284717559814453,0.0
E11_B2__cable,cable,1,-1.0,-1.0,shift_good,gamma_1.3,good,/root/autodl-tmp/research-experiments/industrial-anomaly-detection/data/mvtec_ad/cable/test/good/024.png,51.97690200805664,0.016427675262093544,0.0
E11_B2__cable,cable,1,-1.0,-1.0,shift_good,gamma_1.3,good,/root/autodl-tmp/research-experiments/industrial-anomaly-detection/data/mvtec_ad/cable/test/good/025.png,50.87162399291992,0.02407296560704708,0.0
E11_B2__cable,cable,1,-1.0,-1.0,shift_good,gamma_1.3,good,/root/autodl-tmp/research-experiments/industrial-anomaly-detection/data/mvtec_ad/cable/test/good/026.png,51.20738220214844,0.01862112618982792,0.0
E11_B2__cable,cable,1,-1.0,-1.0,shift_good,gamma_1.3,good,/root/autodl-tmp/research-experiments/industrial-anomaly-detection/data/mvtec_ad/cable/test/good/027.png,50.171852111816406,0.021230697631835938,0.0
E11_B2__cable,cable,1,-1.0,-1.0,shift_good,gamma_1.3,good,/root/autodl-tmp/research-experiments/industrial-anomaly-detection/data/mvtec_ad/cable/test/good/028.png,51.86800765991211,0.01690641976892948,0.0
E11_B2__cable,cable,1,-1.0,-1.0,shift_good,gamma_1.3,good,/root/autodl-tmp/research-experiments/industrial-anomaly-detection/data/mvtec_ad/cable/test/good/029.png,49.58537673950195,0.015604655258357525,0.0
E11_B2__cable,cable,1,-1.0,-1.0,shift_good,gamma_1.3,good,/root/autodl-tmp/research-experiments/industrial-anomaly-detection/data/mvtec_ad/cable/test/good/030.png,60.21648406982422,0.013756752014160156,0.0
E11_B2__cable,cable,1,-1.0,-1.0,shift_good,gamma_1.3,good,/root/autodl-tmp/research-experiments/industrial-anomaly-detection/data/mvtec_ad/cable/test/good/031.png,51.4452018737793,0.022579511627554893,0.0
E11_B2__cable,cable,1,-1.0,-1.0,shift_good,gamma_1.3,good,/root/autodl-tmp/research-experiments/industrial-anomaly-detection/data/mvtec_ad/cable/test/good/032.png,51.6589241027832,0.01865863800048828,0.0
E11_B2__cable,cable,1,-1.0,-1.0,shift_good,gamma_1.3,good,/root/autodl-tmp/research-experiments/industrial-anomaly-detection/data/mvtec_ad/cable/test/good/033.png,52.30902099609375,0.0480194091796875,0.0
E11_B2__cable,cable,1,-1.0,-1.0,shift_good,gamma_1.3,good,/root/autodl-tmp/research-experiments/industrial-anomaly-detection/data/mvtec_ad/cable/test/good/034.png,53.27552795410156,0.04469330981373787,0.0
E11_B2__cable,cable,1,-1.0,-1.0,shift_good,gamma_1.3,good,/root/autodl-tmp/research-experiments/industrial-anomaly-detection/data/mvtec_ad/cable/test/good/035.png,49.309783935546875,0.03459962084889412,0.0
E11_B2__cable,cable,1,-1.0,-1.0,shift_good,gamma_1.3,good,/root/autodl-tmp/research-experiments/industrial-anomaly-detection/data/mvtec_ad/cable/test/good/036.png,52.29246520996094,0.0373433418571949,0.0
E11_B2__cable,cable,1,-1.0,-1.0,shift_good,gamma_1.3,good,/root/autodl-tmp/research-experiments/industrial-anomaly-detection/data/mvtec_ad/cable/test/good/037.png,51.39479064941406,0.04009532928466797,0.0
E11_B2__cable,cable,1,-1.0,-1.0,shift_good,gamma_1.3,good,/root/autodl-tmp/research-experiments/industrial-anomaly-detection/data/mvtec_ad/cable/test/good/038.png,52.92953109741211,0.044147174805402756,0.0
E11_B2__cable,cable,1,-1.0,-1.0,shift_good,gamma_1.3,good,/root/autodl-tmp/research-experiments/industrial-anomaly-detection/data/mvtec_ad/cable/test/good/039.png,56.59850311279297,0.0462544746696949,0.0
E11_B2__cable,cable,1,-1.0,-1.0,shift_good,gamma_1.3,good,/root/autodl-tmp/research-experiments/industrial-anomaly-detection/data/mvtec_ad/cable/test/good/040.png,50.270572662353516,0.039132434874773026,0.0
E11_B2__cable,cable,1,-1.0,-1.0,shift_good,gamma_1.3,good,/root/autodl-tmp/research-experiments/industrial-anomaly-detection/data/mvtec_ad/cable/test/good/041.png,53.860260009765625,0.05353736877441406,0.0
E11_B2__cable,cable,1,-1.0,-1.0,shift_good,gamma_1.3,good,/root/autodl-tmp/research-experiments/industrial-anomaly-detection/data/mvtec_ad/cable/test/good/042.png,53.11437225341797,0.04771995544433594,0.0
E11_B2__cable,cable,1,-1.0,-1.0,shift_good,gamma_1.3,good,/root/autodl-tmp/research-experiments/industrial-anomaly-detection/data/mvtec_ad/cable/test/good/043.png,50.26382064819336,0.046571094542741776,0.0
E11_B2__cable,cable,1,-1.0,-1.0,shift_good,gamma_1.3,good,/root/autodl-tmp/research-experiments/industrial-anomaly-detection/data/mvtec_ad/cable/test/good/044.png,52.4587516784668,0.010723431594669819,0.0
E11_B2__cable,cable,1,-1.0,-1.0,shift_good,gamma_1.3,good,/root/autodl-tmp/research-experiments/industrial-anomaly-detection/data/mvtec_ad/cable/test/good/045.png,51.97466278076172,0.01493072509765625,0.0
E11_B2__cable,cable,1,-1.0,-1.0,shift_good,gamma_1.3,good,/root/autodl-tmp/research-experiments/industrial-anomaly-detection/data/mvtec_ad/cable/test/good/046.png,51.735015869140625,0.013328234665095806,0.0
E11_B2__cable,cable,1,-1.0,-1.0,shift_good,gamma_1.3,good,/root/autodl-tmp/research-experiments/industrial-anomaly-detection/data/mvtec_ad/cable/test/good/047.png,51.74346923828125,0.02331574819982052,0.0
E11_B2__cable,cable,1,-1.0,-1.0,shift_good,gamma_1.3,good,/root/autodl-tmp/research-experiments/industrial-anomaly-detection/data/mvtec_ad/cable/test/good/048.png,55.27082824707031,0.021440187469124794,0.0
E11_B2__cable,cable,1,-1.0,-1.0,shift_good,gamma_1.3,good,/root/autodl-tmp/research-experiments/industrial-anomaly-detection/data/mvtec_ad/cable/test/good/049.png,52.087799072265625,0.027617454528808594,0.0
E11_B2__cable,cable,1,-1.0,-1.0,shift_good,gamma_1.3,good,/root/autodl-tmp/research-experiments/industrial-anomaly-detection/data/mvtec_ad/cable/test/good/050.png,53.9266242980957,0.02107779122889042,0.0
E11_B2__cable,cable,1,-1.0,-1.0,shift_good,gamma_1.3,good,/root/autodl-tmp/research-experiments/industrial-anomaly-detection/data/mvtec_ad/cable/test/good/051.png,52.82210922241211,0.009778340347111225,0.0
E11_B2__cable,cable,1,-1.0,-1.0,shift_good,gamma_1.3,good,/root/autodl-tmp/research-experiments/industrial-anomaly-detection/data/mvtec_ad/cable/test/good/052.png,49.28962326049805,0.0060710906982421875,0.0
E11_B2__cable,cable,1,-1.0,-1.0,shift_good,gamma_1.3,good,/root/autodl-tmp/research-experiments/industrial-anomaly-detection/data/mvtec_ad/cable/test/good/053.png,51.12268829345703,0.006646156311035156,0.0
E11_B2__cable,cable,1,-1.0,-1.0,shift_good,gamma_1.3,good,/root/autodl-tmp/research-experiments/industrial-anomaly-detection/data/mvtec_ad/cable/test/good/054.png,52.40084457397461,0.0008665720815770328,0.0
E11_B2__cable,cable,1,-1.0,-1.0,shift_good,gamma_1.3,good,/root/autodl-tmp/research-experiments/industrial-anomaly-detection/data/mvtec_ad/cable/test/good/055.png,53.07988739013672,0.013045947067439556,0.0
E11_B2__cable,cable,1,-1.0,-1.0,shift_good,gamma_1.3,good,/root/autodl-tmp/research-experiments/industrial-anomaly-detection/data/mvtec_ad/cable/test/good/056.png,51.99969482421875,0.012257258407771587,0.0
E11_B2__cable,cable,1,-1.0,-1.0,shift_good,gamma_1.3,good,/root/autodl-tmp/research-experiments/industrial-anomaly-detection/data/mvtec_ad/cable/test/good/057.png,59.20259475708008,0.016841569915413857,0.0
