predictor,rho_all5,rho_drop_bottle,rho_drop_cable,rho_drop_grid,rho_drop_hazelnut,rho_drop_screw
norm_mean_L2,0.7,1.0,0.8,0.8,0.4,0.4
norm_mean_L3,0.4,1.0,0.4,0.4,-0.2,0.4
norm_cv_L2,0.5,0.8,0.4,0.4,0.0,0.8
norm_cv_L3,-0.3,0.4,-0.4,-0.4,-0.8,-0.2
rms_radius_L2,-0.1,-0.2,0.0,0.4,-0.6,0.0
rms_radius_L3,-0.6,-0.4,-0.6,-0.4,-0.8,-0.6
nn_dist_rel_L2,-0.6,-0.4,-0.8,-0.4,-0.6,-0.6
nn_dist_rel_L3,-0.8,-0.8,-0.8,-0.8,-0.6,-0.8
eff_dim_L2,-0.8,-0.8,-0.8,-0.8,-0.6,-0.8
eff_dim_L3,-0.9,-0.8,-1.0,-0.8,-0.8,-1.0
radius_ratio_L3L2,-0.9,-0.8,-0.8,-0.8,-1.0,-1.0
nn_dist_ratio_L3L2,-0.9,-1.0,-0.8,-1.0,-0.8,-0.8
eff_dim_ratio_L3L2,0.1,0.2,0.0,-0.4,0.6,0.0
img_brightness_mean,0.4,0.4,0.4,0.4,-0.2,1.0
img_pixel_std,0.9,0.8,1.0,1.0,0.8,0.8
sens_radius_L2,-0.3,0.4,-0.2,-0.8,-0.4,-0.4
sens_radius_L3,0.1,0.2,0.0,-0.4,0.6,0.0
sens_mdc_L2,-0.3,0.4,-0.2,-0.8,-0.4,-0.4
sens_mdc_L3,-0.1,0.4,-0.2,-0.6,0.0,0.0
sens_effrank_L2,-0.2,0.2,-0.4,-0.8,0.0,0.0
sens_effrank_L3,-0.2,0.2,-0.4,-0.8,0.0,0.0
sens_pca1_L2,0.2,-0.2,0.4,0.8,0.0,0.0
sens_pca1_L3,0.2,-0.2,0.4,0.8,0.0,0.0
