predictor,held_out,train_direction,pred_HIGH,true_HIGH,correct,damage_held
norm_mean_L2,bottle,1.0,1,1,1,1.2073
norm_mean_L2,cable,1.0,1,0,0,0.2489
norm_mean_L2,grid,1.0,1,1,1,1.0013
norm_mean_L2,hazelnut,1.0,0,0,1,-0.1831
norm_mean_L2,screw,1.0,0,0,1,0.113
norm_mean_L3,bottle,1.0,0,1,0,1.2073
norm_mean_L3,cable,1.0,1,0,0,0.2489
norm_mean_L3,grid,1.0,1,1,1,1.0013
norm_mean_L3,hazelnut,-1.0,1,0,0,-0.1831
norm_mean_L3,screw,1.0,0,0,1,0.113
norm_cv_L2,bottle,1.0,0,1,0,1.2073
norm_cv_L2,cable,1.0,0,0,1,0.2489
norm_cv_L2,grid,1.0,1,1,1,1.0013
norm_cv_L2,hazelnut,1.0,0,0,1,-0.1831
norm_cv_L2,screw,1.0,1,0,0,0.113
norm_cv_L3,bottle,1.0,0,1,0,1.2073
norm_cv_L3,cable,-1.0,1,0,0,0.2489
norm_cv_L3,grid,-1.0,0,1,0,1.0013
norm_cv_L3,hazelnut,-1.0,1,0,0,-0.1831
norm_cv_L3,screw,-1.0,0,0,1,0.113
rms_radius_L2,bottle,-1.0,0,1,0,1.2073
rms_radius_L2,cable,1.0,1,0,0,0.2489
rms_radius_L2,grid,1.0,0,1,0,1.0013
rms_radius_L2,hazelnut,-1.0,1,0,0,-0.1831
rms_radius_L2,screw,1.0,1,0,0,0.113
rms_radius_L3,bottle,-1.0,1,1,1,1.2073
rms_radius_L3,cable,-1.0,0,0,1,0.2489
rms_radius_L3,grid,-1.0,1,1,1,1.0013
rms_radius_L3,hazelnut,-1.0,0,0,1,-0.1831
rms_radius_L3,screw,-1.0,0,0,1,0.113
nn_dist_rel_L2,bottle,-1.0,1,1,1,1.2073
nn_dist_rel_L2,cable,-1.0,0,0,1,0.2489
nn_dist_rel_L2,grid,-1.0,1,1,1,1.0013
nn_dist_rel_L2,hazelnut,-1.0,0,0,1,-0.1831
nn_dist_rel_L2,screw,-1.0,1,0,0,0.113
nn_dist_rel_L3,bottle,-1.0,1,1,1,1.2073
nn_dist_rel_L3,cable,-1.0,0,0,1,0.2489
nn_dist_rel_L3,grid,-1.0,1,1,1,1.0013
nn_dist_rel_L3,hazelnut,-1.0,0,0,1,-0.1831
nn_dist_rel_L3,screw,-1.0,1,0,0,0.113
eff_dim_L2,bottle,-1.0,1,1,1,1.2073
eff_dim_L2,cable,-1.0,0,0,1,0.2489
eff_dim_L2,grid,-1.0,1,1,1,1.0013
eff_dim_L2,hazelnut,-1.0,0,0,1,-0.1831
eff_dim_L2,screw,-1.0,0,0,1,0.113
eff_dim_L3,bottle,-1.0,1,1,1,1.2073
eff_dim_L3,cable,-1.0,0,0,1,0.2489
eff_dim_L3,grid,-1.0,1,1,1,1.0013
eff_dim_L3,hazelnut,-1.0,0,0,1,-0.1831
eff_dim_L3,screw,-1.0,1,0,0,0.113
radius_ratio_L3L2,bottle,-1.0,1,1,1,1.2073
radius_ratio_L3L2,cable,-1.0,0,0,1,0.2489
radius_ratio_L3L2,grid,-1.0,1,1,1,1.0013
radius_ratio_L3L2,hazelnut,-1.0,0,0,1,-0.1831
radius_ratio_L3L2,screw,-1.0,0,0,1,0.113
nn_dist_ratio_L3L2,bottle,-1.0,1,1,1,1.2073
nn_dist_ratio_L3L2,cable,-1.0,1,0,0,0.2489
nn_dist_ratio_L3L2,grid,-1.0,1,1,1,1.0013
nn_dist_ratio_L3L2,hazelnut,-1.0,0,0,1,-0.1831
nn_dist_ratio_L3L2,screw,-1.0,0,0,1,0.113
eff_dim_ratio_L3L2,bottle,1.0,1,1,1,1.2073
eff_dim_ratio_L3L2,cable,1.0,0,0,1,0.2489
eff_dim_ratio_L3L2,grid,-1.0,0,1,0,1.0013
eff_dim_ratio_L3L2,hazelnut,1.0,1,0,0,-0.1831
eff_dim_ratio_L3L2,screw,1.0,0,0,1,0.113
img_brightness_mean,bottle,1.0,1,1,1,1.2073
img_brightness_mean,cable,1.0,0,0,1,0.2489
img_brightness_mean,grid,1.0,0,1,0,1.0013
img_brightness_mean,hazelnut,-1.0,1,0,0,-0.1831
img_brightness_mean,screw,1.0,1,0,0,0.113
img_pixel_std,bottle,1.0,1,1,1,1.2073
img_pixel_std,cable,1.0,1,0,0,0.2489
img_pixel_std,grid,1.0,0,1,0,1.0013
img_pixel_std,hazelnut,1.0,0,0,1,-0.1831
img_pixel_std,screw,1.0,0,0,1,0.113
sens_radius_L2,bottle,1.0,0,1,0,1.2073
sens_radius_L2,cable,-1.0,1,0,0,0.2489
sens_radius_L2,grid,-1.0,0,1,0,1.0013
sens_radius_L2,hazelnut,-1.0,0,0,1,-0.1831
sens_radius_L2,screw,-1.0,0,0,1,0.113
sens_radius_L3,bottle,1.0,1,1,1,1.2073
sens_radius_L3,cable,1.0,0,0,1,0.2489
sens_radius_L3,grid,-1.0,0,1,0,1.0013
sens_radius_L3,hazelnut,1.0,1,0,0,-0.1831
sens_radius_L3,screw,1.0,0,0,1,0.113
sens_mdc_L2,bottle,1.0,0,1,0,1.2073
sens_mdc_L2,cable,-1.0,1,0,0,0.2489
sens_mdc_L2,grid,-1.0,0,1,0,1.0013
sens_mdc_L2,hazelnut,-1.0,0,0,1,-0.1831
sens_mdc_L2,screw,-1.0,0,0,1,0.113
sens_mdc_L3,bottle,1.0,0,1,0,1.2073
sens_mdc_L3,cable,-1.0,1,0,0,0.2489
sens_mdc_L3,grid,-1.0,0,1,0,1.0013
sens_mdc_L3,hazelnut,1.0,1,0,0,-0.1831
sens_mdc_L3,screw,1.0,1,0,0,0.113
sens_effrank_L2,bottle,1.0,0,1,0,1.2073
sens_effrank_L2,cable,-1.0,1,0,0,0.2489
sens_effrank_L2,grid,-1.0,0,1,0,1.0013
sens_effrank_L2,hazelnut,1.0,1,0,0,-0.1831
sens_effrank_L2,screw,1.0,0,0,1,0.113
sens_effrank_L3,bottle,1.0,0,1,0,1.2073
sens_effrank_L3,cable,-1.0,1,0,0,0.2489
sens_effrank_L3,grid,-1.0,0,1,0,1.0013
sens_effrank_L3,hazelnut,1.0,1,0,0,-0.1831
sens_effrank_L3,screw,1.0,0,0,1,0.113
sens_pca1_L2,bottle,-1.0,0,1,0,1.2073
sens_pca1_L2,cable,1.0,1,0,0,0.2489
sens_pca1_L2,grid,1.0,0,1,0,1.0013
sens_pca1_L2,hazelnut,1.0,0,0,1,-0.1831
sens_pca1_L2,screw,1.0,1,0,0,0.113
sens_pca1_L3,bottle,-1.0,0,1,0,1.2073
sens_pca1_L3,cable,1.0,1,0,0,0.2489
sens_pca1_L3,grid,1.0,0,1,0,1.0013
sens_pca1_L3,hazelnut,1.0,0,0,1,-0.1831
sens_pca1_L3,screw,1.0,0,0,1,0.113
random_control,bottle,1.0,0,1,0,1.2073
random_control,cable,1.0,1,0,0,0.2489
random_control,grid,1.0,1,1,1,1.0013
random_control,hazelnut,1.0,0,0,1,-0.1831
random_control,screw,1.0,0,0,1,0.113
combo2:norm_mean_L2+norm_mean_L3,bottle,linear,1,1,1,1.2073
combo2:eff_dim_L3+img_pixel_std,cable,linear,1,0,0,0.2489
combo2:nn_dist_ratio_L3L2+img_pixel_std,grid,linear,1,1,1,1.0013
combo2:radius_ratio_L3L2+norm_cv_L3,hazelnut,linear,0,0,1,-0.1831
combo2:eff_dim_L3+radius_ratio_L3L2,screw,linear,0,0,1,0.113
