category,seed,norm_mean_L2,norm_mean_L3,norm_cv_L2,norm_cv_L3,rms_radius_L2,rms_radius_L3,nn_dist_rel_L2,nn_dist_rel_L3,eff_dim_L2,eff_dim_L3,radius_ratio_L3L2,nn_dist_ratio_L3L2,eff_dim_ratio_L3L2,img_brightness_mean,img_pixel_std,sens_radius_L2,sens_radius_L3,sens_mdc_L2,sens_mdc_L3,sens_effrank_L2,sens_effrank_L3,sens_pca1_L2,sens_pca1_L3
bottle,0,66.3033,60.1321,0.0674455,0.0672788,0.642678,0.568819,0.230129,0.235478,15.3019,9.53766,0.885076,1.02324,0.623299,0.534568,0.364307,-0.464716,0.0328715,-0.468789,0.017519,0.26856,0.545435,-0.0158722,-0.0702616
bottle,1,66.1702,60.037,0.0680925,0.0686507,0.644429,0.574961,0.230342,0.235547,15.361,9.18412,0.892202,1.0226,0.597887,0.534699,0.364232,-0.464793,0.0329022,-0.468859,0.0175043,0.268728,0.544987,-0.0158934,-0.0700741
bottle,2,66.1855,60.1375,0.0683049,0.0680348,0.644332,0.573815,0.230845,0.235448,15.2895,9.34587,0.890558,1.01994,0.61126,0.534774,0.364258,-0.46482,0.032855,-0.468867,0.017514,0.268606,0.545197,-0.0159063,-0.0700983
cable,0,66.8683,60.578,0.0633699,0.095158,0.655938,0.733071,0.371023,0.388854,26.1296,13.0367,1.11759,1.04806,0.498923,0.393832,0.19574,-0.423909,-0.0226922,-0.427678,-0.0259238,0.236346,0.512722,-0.00872735,-0.060507
cable,1,66.929,60.6818,0.062805,0.0940962,0.656101,0.733262,0.370669,0.388174,25.7685,12.9094,1.1176,1.04723,0.500977,0.393804,0.195926,-0.424362,-0.0230663,-0.428103,-0.0263584,0.236958,0.512244,-0.00880938,-0.0603348
cable,2,66.926,60.5684,0.0636464,0.093344,0.656203,0.731258,0.37007,0.388012,25.7389,13.2497,1.11438,1.04848,0.514772,0.394205,0.195613,-0.424152,-0.022844,-0.427913,-0.0261278,0.236708,0.512077,-0.00881016,-0.0603501
grid,0,71.2227,67.1974,0.17921,0.178042,0.481321,0.43289,0.21311,0.207793,12.4696,11.2655,0.899378,0.97505,0.903442,0.446688,0.156044,0.289555,0.457669,0.31483,0.436747,1.13583,1.05045,-0.198982,-0.255606
grid,1,71.0261,67.4003,0.180509,0.175866,0.483147,0.43317,0.213585,0.207096,12.4339,11.3078,0.89656,0.969617,0.909432,0.447595,0.156189,0.28836,0.456866,0.313676,0.436085,1.13434,1.05052,-0.198463,-0.255483
grid,2,71.1843,67.4595,0.179692,0.176035,0.482393,0.43277,0.21299,0.207197,12.4514,11.3407,0.897133,0.972804,0.910796,0.447435,0.156027,0.28935,0.456848,0.314725,0.435927,1.13609,1.0519,-0.198994,-0.255936
hazelnut,0,61.1532,59.3736,0.0525825,0.0832828,0.629236,0.729704,0.331192,0.39162,36.4586,23.9579,1.15967,1.18246,0.657127,0.194783,0.095297,-0.208629,0.0352825,-0.203632,0.0384233,0.315437,0.663585,-0.0364432,-0.11814
hazelnut,1,61.1757,59.3745,0.052251,0.0824202,0.628846,0.730052,0.331022,0.391717,36.5989,23.778,1.16094,1.18336,0.649693,0.194866,0.0952316,-0.208863,0.0351903,-0.203849,0.0383671,0.315046,0.663126,-0.0363648,-0.117945
hazelnut,2,61.2246,59.39,0.0515306,0.0829943,0.629049,0.730524,0.330977,0.391688,36.3502,23.9573,1.16131,1.18343,0.659071,0.195254,0.0956207,-0.209065,0.0352496,-0.204071,0.0383866,0.315542,0.662916,-0.0364616,-0.11798
screw,0,62.5578,60.2527,0.11892,0.208475,0.652386,0.883576,0.279177,0.309685,21.1517,11.8759,1.35438,1.10928,0.561463,0.722377,0.131872,-0.166278,0.0222615,-0.166447,0.0383464,0.272195,0.595997,-0.0241962,-0.100352
screw,1,62.4897,60.5244,0.118967,0.207288,0.651572,0.884364,0.279083,0.307433,21.1929,11.7021,1.35728,1.10158,0.552171,0.722465,0.131983,-0.166404,0.02228,-0.166557,0.0383017,0.272977,0.595917,-0.0243154,-0.100264
screw,2,62.3343,60.1041,0.119225,0.208335,0.650525,0.88213,0.280502,0.309903,21.3238,11.6986,1.35603,1.10482,0.548618,0.72211,0.131719,-0.165844,0.0225601,-0.165956,0.0386159,0.272639,0.596461,-0.0242735,-0.100341
