category,defect_type,slope_mean_gap,slope_defect_std,slope_z,slope_dprime
bottle,broken_large,-8.530740152994822,1.7581417455817732,-4.709062811783213,-5.886773329567754
bottle,broken_small,-3.4843979459820544,-0.5589350170996211,-2.5475429363774507,-0.2438886858611399
bottle,contamination,-2.511178921896335,-2.3001303284083776,-2.0407579475063025,0.4774061739299285
cable,bent_wire,-7.329719204147989,-3.6492535199538123,-1.366198741902783,2.4231913828800553
cable,cable_swap,-0.9270923775274633,0.4498781405156668,-0.05529058555112871,-0.48815463322957453
cable,combined,-4.6492775393877865,-1.4159476144914465,-0.2556363322476472,0.03642562311266359
cable,cut_inner_insulation,-1.0012472343758039,-0.4511433759714358,0.7525222852620311,0.1519045768362447
cable,cut_outer_insulation,-5.595471012510111,0.6674077480695614,-1.7820676418381907,-2.00332782138646
cable,missing_cable,-8.395229737146614,1.9828305221395754,-2.116879663760581,-8.1898470894606
cable,missing_wire,-1.7318974549742996,-1.0999127713517,0.5849168502388281,0.6958183284536207
cable,poke_insulation,-2.051728591042006,-0.7906041269953089,-0.4434831776006805,-0.2537690595867207
grid,bent,0.6560786655970937,4.471160255695461,-5.516531121629594,-2.052363346821331
grid,broken,5.691338590591674,6.321470695407576,-6.1759960731277985,-1.549622207460034
grid,glue,0.8007201179625434,6.7627195387660635,-3.5299044880909523,-1.3297493935281237
grid,metal_contamination,10.188397166154424,10.035777015394356,-4.947963804070152,-1.4906283017272377
grid,thread,-2.5002976432679174,11.32493327725129,-5.504552468797483,-1.6843176130149335
hazelnut,crack,-2.7420010234691605,1.4329578968491876,-2.0818586763995706,-2.5589773608206694
hazelnut,cut,0.14904421488443176,0.5048481971455085,-0.5778883319002983,-0.5169184291977482
hazelnut,hole,0.6307340353506399,-1.1483433893929456,-0.5667997761763978,1.5366894880034472
hazelnut,print,-6.976136167937657,-2.829696000967028,-4.57349863100173,0.800772856042948
screw,manipulated_front,-1.1862217954826844,-0.14069157724692644,-1.1946504062279595,-0.6484241671401035
screw,scratch_head,0.3758705723253361,0.4778909307656116,-0.8830682031573446,-0.43684041329049267
screw,scratch_neck,-2.7305371942287575,-0.7890490267456957,-2.699093447583042,-0.4473598583817055
screw,thread_side,-1.9340035550119834,0.16372173007533958,-1.2612234566676495,-1.0061090383073827
screw,thread_top,-3.8084195303891692,-0.3658121558455798,-2.5144510365790014,-1.4165174159923848
