category,seed,robustness_G2,robustness_C2,delta_robustness,robustness_win,dprime_G2,dprime_C2,delta_preservation,preservation_noninferior,pair_win,is_bottle
bottle,0,0.2347,0.28,-0.0453,1,7.0776,7.0763,0.0014,1,1,1
bottle,1,0.232,0.2162,0.0158,0,7.1277,6.8073,0.3204,1,0,1
bottle,2,0.2391,0.2517,-0.0127,1,7.2447,7.03,0.2146,1,1,1
cable,0,0.2322,0.2411,-0.0089,1,4.7191,4.7956,-0.0765,1,1,0
cable,1,0.2598,0.2274,0.0324,0,4.7663,4.8269,-0.0606,1,0,0
cable,2,0.2102,0.2449,-0.0347,1,4.7342,4.7945,-0.0603,1,1,0
grid,0,0.0672,0.09,-0.0228,1,1.9349,2.1191,-0.1842,0,0,0
grid,1,0.0839,0.0883,-0.0044,1,2.0095,2.1544,-0.145,0,0,0
grid,2,0.0603,0.0831,-0.0228,1,1.9979,2.1295,-0.1316,0,0,0
hazelnut,0,0.1203,0.1698,-0.0495,1,6.0414,6.2994,-0.258,0,0,0
hazelnut,1,0.1487,0.1483,0.0004,0,5.9381,6.1891,-0.251,0,0,0
hazelnut,2,0.1452,0.1122,0.033,0,6.0185,5.9535,0.065,1,0,0
screw,0,0.226,0.2165,0.0095,0,2.2869,2.394,-0.1071,0,0,0
screw,1,0.2271,0.2495,-0.0224,1,2.2871,2.5424,-0.2554,0,0,0
screw,2,0.2221,0.224,-0.0019,1,2.2202,2.5043,-0.2841,0,0,0
