category,defect_type,seed,alpha,n_good,n_defect,mean_good,std_good,mean_defect,std_defect,mean_gap,mean_z,d_prime
hazelnut,crack,1,0.0,40,18,38.98807373046875,1.7539363008807254,57.104263093736435,3.2482951960371564,18.116189363267686,10.32887531558061,6.940173704558611
hazelnut,cut,1,0.0,40,17,38.98807373046875,1.7539363008807254,57.833478815415326,4.441770366224325,18.845405084946577,10.74463483963671,5.580839928990812
hazelnut,hole,1,0.0,40,18,38.98807373046875,1.7539363008807254,64.93315018547906,5.543223436592592,25.945076455010316,14.792485018972577,6.31085724117353
hazelnut,print,1,0.0,40,17,38.98807373046875,1.7539363008807254,64.63397127039292,7.08754487840715,25.64589753992417,14.621909317371612,4.96741277684378
hazelnut,crack,1,0.25,40,18,38.2275408744812,1.8375180137105303,55.35663816663954,3.421365577820823,17.12909729215834,9.321866324221373,6.2375912522381425
hazelnut,cut,1,0.25,40,17,38.2275408744812,1.8375180137105303,56.55649072983686,4.063228416261238,18.32894985535566,9.97484090963751,5.812669276018623
hazelnut,hole,1,0.25,40,18,38.2275408744812,1.8375180137105303,63.741841846042206,5.11311395071321,25.514300971561006,13.885197740205856,6.64106152468571
hazelnut,print,1,0.25,40,17,38.2275408744812,1.8375180137105303,61.93967033835018,5.869493986129524,23.712129463868983,12.90443374537956,5.452329895032385
hazelnut,crack,1,0.5,40,18,38.89033708572388,1.6625642972991752,55.14436128404405,3.6340966839971482,16.254024198320174,9.776478554678896,5.751920213062802
hazelnut,cut,1,0.5,40,17,38.89033708572388,1.6625642972991752,57.292179107666016,4.317670716952409,18.401842021942137,11.06834908691099,5.624766170832711
hazelnut,hole,1,0.5,40,18,38.89033708572388,1.6625642972991752,64.53657574123807,4.597176494509391,25.64623865551419,15.425712375260515,7.419190454634184
hazelnut,print,1,0.5,40,17,38.89033708572388,1.6625642972991752,60.451219222124884,4.9370252473249145,21.560882136401005,12.968450105314133,5.853153275453524
hazelnut,crack,1,0.75,40,18,40.97722759246826,1.7303030530157952,56.834195878770615,3.892811294461787,15.856968286302354,9.16427226933732,5.264069645492116
hazelnut,cut,1,0.75,40,17,40.97722759246826,1.7303030530157952,59.447813370648554,4.6362211486275235,18.470585778180293,10.674769223800057,5.27854972887221
hazelnut,hole,1,0.75,40,18,40.97722759246826,1.7303030530157952,66.9862740834554,4.44292335262084,26.00904649098714,15.031497774713639,7.7144704271501325
hazelnut,print,1,0.75,40,17,40.97722759246826,1.7303030530157952,60.83327057782341,4.274053961456382,19.856042985355153,11.47547127698092,6.089910296434724
hazelnut,crack,1,1.0,40,18,44.19557867050171,1.9867577717925913,59.82464938693576,4.9872391985776705,15.62907071643405,7.866621154491529,4.117209484671975
hazelnut,cut,1,1.0,40,17,44.19557867050171,1.9867577717925913,63.29035725313074,4.843378478081181,19.094778582629033,9.611024984389715,5.158347421301722
hazelnut,hole,1,1.0,40,18,44.19557867050171,1.9867577717925913,70.78800625271268,4.470380124324441,26.592427582210966,13.384836319637206,7.687550440050912
hazelnut,print,1,1.0,40,17,44.19557867050171,1.9867577717925913,63.26992954927332,4.118532060787443,19.07435087877161,9.600743054630865,5.899195765915049
