category,seed,mask,n_channels_l2,n_channels_l3,mu_g,sd_g,mean_dprime,mean_abs_delta_z,dz_brightness_0.7,dz_brightness_1.3,dz_gamma_0.7,dz_gamma_1.3
bottle,0,FULL25,512,1024,24.726181030273438,2.1850126216587644,8.264976670570876,0.4782154231342519,0.5846787205713605,0.5657647402323237,0.6491923858542571,0.11322584587906633
bottle,0,PROPOSED25,128,256,12.391162538528443,1.2939401633669527,7.732102826083833,0.12757336291377872,0.05975056943447808,0.23330410500361123,0.14139678909024916,0.07584198812677642
bottle,0,D-ONLY25,128,256,11.817962026596069,1.2977002178748611,7.4806451811147925,0.17833565255217604,0.08733011851774494,0.3769966830635233,0.1673374055284746,0.08167840309896124
bottle,0,I-ONLY25,128,256,12.0551438331604,1.0538665602853363,8.42967336900748,0.23742658239326417,0.15022910325201358,0.48239217277207935,0.2201325538871016,0.09695249966186217
bottle,0,PARETO25,10,6,2.067538768053055,0.24996587837652662,3.6923405919352086,10.902751029158981,31.75003626618681,2.735281552141024,7.157751194978351,1.967935103329737
bottle,0,PROPOSED50,256,512,17.981750535964967,1.5487295289519274,8.859449512505533,0.16219620577001465,0.048319798705049814,0.3750778156455926,0.18844099250814766,0.03694621622126845
bottle,0,D-ONLY50,256,512,17.401163005828856,1.7358420525902991,7.378278352806294,0.35593540573623483,0.4947429094737167,0.4479584280870611,0.3475551847170603,0.13348510066710118
bottle,0,I-ONLY50,256,512,18.226563358306883,1.5131421103394644,8.654762133468315,0.17671527064598497,0.15424494886534051,0.3096351763348615,0.2250538792176669,0.017927078166070986
bottle,0,RANDOM25_0,128,256,12.166815137863159,1.1710062815228695,7.364368381247008,0.46279637186095124,0.9139036789661705,0.41773007614929913,0.37157541869644534,0.14797631363188996
bottle,0,RANDOM50_0,256,512,17.69780011177063,1.705219403265643,7.632776033304011,0.6797420134634102,1.4040540498991303,0.5261771334445096,0.7003480610473589,0.08838880946264185
bottle,0,RANDOM25_1,128,256,12.40957555770874,1.0360695133944648,7.787819351918258,0.5022950615884962,0.5477704808218712,0.7069431868820053,0.6823976159419348,0.07206896270817403
bottle,0,RANDOM50_1,256,512,18.02802324295044,1.3918809640032057,7.407660174911352,0.5342731270692674,0.8369277701244936,0.6540289108574079,0.5813546315627753,0.06478119573239277
bottle,0,RANDOM25_2,128,256,12.347868156433105,0.8752094479473526,8.64737696141479,0.7742000782122943,1.783602939489306,0.5923425494502423,0.6126732890660447,0.10818153484358409
bottle,0,RANDOM50_2,256,512,17.539575481414794,1.6207517642230285,7.9727570759025665,0.42758871863982006,0.4969059379202296,0.5056906765958729,0.60008517824713,0.10767308179604777
bottle,0,RANDOM25_3,128,256,11.67590627670288,0.839686533441049,7.212573447091692,1.0464531039559644,2.2842681681805166,0.9025632957028549,0.7700594419993662,0.2289215099411194
bottle,0,RANDOM50_3,256,512,17.451943778991698,1.6932795728638155,7.636219846639001,0.47012236974884475,0.7988058470743407,0.47471464745719566,0.5252932254520081,0.08167575901183456
bottle,0,RANDOM25_4,128,256,12.710753536224365,1.2241868869679045,6.783940584901527,0.9390228104102387,2.710964590358563,0.5933149818636158,0.34673989290603935,0.10507177651273694
bottle,0,RANDOM50_4,256,512,17.369379425048827,1.4174901737471086,8.541885163985066,0.6674523931462432,1.3604684642583666,0.6032586581918726,0.597452810175535,0.1086296399591985
bottle,0,RANDOM25_5,128,256,11.933713006973267,1.1830035869702769,7.284345918417546,0.6691524127342862,1.2879207638963246,0.5496007211800874,0.7227677013289275,0.11632046453180489
bottle,0,RANDOM50_5,256,512,17.416776037216188,1.6084722886522504,7.085591662426399,0.5188880754200306,0.9419331953356778,0.5005027439777606,0.5181256564389152,0.11499070592776901
bottle,0,RANDOM25_6,128,256,11.705916595458984,0.916848595506843,7.923374570237421,1.2020626930402263,3.0579174069514683,0.5996232419205445,0.892518464137322,0.25819165915156944
bottle,0,RANDOM50_6,256,512,17.38757004737854,1.418135684285526,8.176818732728487,0.5374318868888095,0.903052347482882,0.5244254307432015,0.6872379379825642,0.035011831346590506
bottle,0,RANDOM25_7,128,256,12.782309865951538,1.096575571819446,7.460124768458484,0.3381202660395663,0.26774920260869856,0.559499859465624,0.39243602645877057,0.13279597562517229
bottle,0,RANDOM50_7,256,512,17.841467571258544,1.4609074346129054,8.17484565665932,0.4388157459843847,0.40838497365415966,0.633351937819844,0.5591932190514682,0.1543328534120671
bottle,0,RANDOM25_8,128,256,12.393830060958862,1.1625204630977337,7.973284338527095,0.26572484729059676,0.051363666398241026,0.5529011850145416,0.4326574808916227,0.025977056857981663
bottle,0,RANDOM50_8,256,512,17.27285442352295,1.462906928250644,7.482282500196839,0.4780879564628056,0.6409193660277197,0.5834937306118594,0.5291288804586877,0.15880984875295537
bottle,0,RANDOM25_9,128,256,12.304489612579346,1.3153386818257602,7.521636344299966,0.32970076707355095,0.3574372512831735,0.4598577224208228,0.43711529260903903,0.06439280198116863
bottle,0,RANDOM50_9,256,512,17.695243692398073,1.592408815137684,7.983579811007537,0.50955749701081,0.9715425160867472,0.5117979215436957,0.4750235116025497,0.07986603881024718
bottle,1,FULL25,512,1024,24.967542552947997,2.305153490507379,8.160930760515038,0.41735562350957506,0.5666549909694614,0.47715106567912996,0.5346977342664715,0.0909187031232375
bottle,1,PROPOSED25,128,256,12.435619068145751,1.2533514298209305,7.772109602870855,0.11665723021925349,-0.007377337910527535,0.27128752407015894,0.11467103556487115,0.0732930233314563
bottle,1,D-ONLY25,128,256,11.866722965240479,1.1282084630782803,7.701765651314791,0.17734720249110558,0.11121177528505258,0.3583559475852424,0.20692028849029337,0.032900798603833936
bottle,1,I-ONLY25,128,256,12.149110460281372,0.9850379343521091,8.401805459302542,0.24071676476659967,0.23218771092907148,0.43978410971099546,0.19895949192153942,0.09193574650479244
bottle,1,PARETO25,8,7,1.8759956240653992,0.2747145549255239,3.4718476220131564,9.96504736476733,29.025363467265255,2.373445655812857,6.630806133093917,1.8305742028972873
bottle,1,PROPOSED50,256,512,18.027325916290284,1.7476551145596246,8.687305743079088,0.1704766703653883,0.032168276681179164,0.36047348502836174,0.22321856237242982,0.06604635737958255
bottle,1,D-ONLY50,256,512,17.36115770339966,1.5891462642639864,7.5930459908539545,0.4201133075996292,0.5963529186067642,0.4766188762235899,0.424863911913234,0.18261752365492886
bottle,1,I-ONLY50,256,512,18.203285932540894,1.5269271001024998,8.795624695076677,0.2007090849709697,0.1635789116452543,0.3533384948767854,0.27264286578109775,-0.013276067580741369
bottle,1,RANDOM25_0,128,256,12.280867576599121,1.1183694868585699,7.327279611938014,0.4276338712463364,0.844170274244628,0.3605262277822507,0.39281769059641347,0.11302129236205334
bottle,1,RANDOM50_0,256,512,17.854644107818604,1.6698756359597666,7.6917466717467065,0.6157149911094995,1.201661619803833,0.5308948627763584,0.6469421984010303,0.08336128345677585
bottle,1,RANDOM25_1,128,256,12.499240446090699,1.032555023606055,7.634409249821697,0.42311257407516456,0.3649621949491569,0.6718190712142663,0.5943629538490421,0.061306076288192735
bottle,1,RANDOM50_1,256,512,18.05901165008545,1.7903584428722275,7.199794276327121,0.4128978228205547,0.5270597267048764,0.5631047011815585,0.4866737394703894,0.07475312392539454
bottle,1,RANDOM25_2,128,256,12.186947011947632,0.8777331306498375,8.626358899891226,0.8267990988895804,1.8077068890119594,0.6672799742799985,0.7180346765398238,0.11417485572653976
bottle,1,RANDOM50_2,256,512,17.645920991897583,1.519748350605404,8.138982600241162,0.38632412691212,0.42440040364172954,0.4839331207362464,0.5713789850671184,0.06558399820338565
bottle,1,RANDOM25_3,128,256,11.598297500610352,0.8438352228051954,7.40509432596333,0.9474158098813041,1.945570417381021,0.8617989291915281,0.77574228658211,0.20655160637055747
bottle,1,RANDOM50_3,256,512,17.324817514419557,1.6198483412734583,7.617335357888802,0.5148691909895635,0.8464883070794367,0.4946973115348051,0.5730792530259079,0.1452118923181045
bottle,1,RANDOM25_4,128,256,12.813789892196656,1.2859994213639534,6.742914580129065,0.9489019779101938,2.7086085468070022,0.606380998007768,0.3541810070538814,0.12643735977212334
bottle,1,RANDOM50_4,256,512,17.40146427154541,1.4053787981711776,8.60719012833294,0.6297892428290539,1.298686983411226,0.5689205397185997,0.4961093183347873,0.15544012985160274
bottle,1,RANDOM25_5,128,256,11.973900938034058,1.035248141746182,7.254437758167906,0.7413849577100513,1.6007382352774484,0.485961660645544,0.7888692033917397,0.08997073152547311
bottle,1,RANDOM50_5,256,512,17.392954540252685,1.4705736756778702,7.229925750195541,0.5500080613049382,1.0277350896821686,0.5410319582994118,0.5654029366610404,0.06586226057713215
bottle,1,RANDOM25_6,128,256,11.6756986618042,0.9828514063636563,7.89341877719599,1.1531712468947486,2.9122185321750713,0.5979454693571483,0.8910291510562848,0.21149183499049018
bottle,1,RANDOM50_6,256,512,17.377013826370238,1.5760132173581165,7.925035243135468,0.5223856949838572,0.8376284547072519,0.43262543053140556,0.7219437078111216,0.09734518688564969
bottle,1,RANDOM25_7,128,256,12.720099115371704,1.0530412575422097,7.672706193190192,0.37407677335694506,0.27438589388456586,0.6466254897288494,0.393177224923812,0.18211848489055288
bottle,1,RANDOM50_7,256,512,17.96161308288574,1.5313934657956871,8.122148005175744,0.35158807181358426,0.2235331463486232,0.5720102425457292,0.43864354518988014,0.17216535317010456
bottle,1,RANDOM25_8,128,256,12.407232999801636,1.1094648322419807,8.28346767229234,0.27170582637835583,0.14852059374665358,0.5539049815033321,0.3223719928316984,0.062025737431739184
bottle,1,RANDOM50_8,256,512,17.15946888923645,1.3285194285502862,7.612267897882941,0.539254057635002,0.7872366570831018,0.6037983441968564,0.6731255766955401,0.09285565256450948
bottle,1,RANDOM25_9,128,256,12.388717222213746,1.3476443063138628,7.56462692871218,0.2979551942155818,0.35363170065871385,0.33681355313538286,0.43425875976354067,0.06711676330468992
bottle,1,RANDOM50_9,256,512,17.65293598175049,1.659465470779035,7.831929870547275,0.5018661356632967,0.9592269078323576,0.4777166398491451,0.5139037156464238,0.056617279325260575
bottle,2,FULL25,512,1024,25.104214191436768,2.1407937470210734,8.109693906133147,0.4309794363834108,0.6135754801967086,0.4996222034362702,0.5578902795587328,0.05282978234193172
bottle,2,PROPOSED25,128,256,12.388984203338623,1.1962317932127076,7.898163870360313,0.12065242970600282,0.04095201627688756,0.30324454735253525,0.08645244066710905,0.05196071452747941
bottle,2,D-ONLY25,128,256,11.8849383354187,1.1760342694521129,7.71311130341462,0.18769180730827129,0.07747956347277386,0.35631579290746174,0.24166290942892782,0.07530896342392165
bottle,2,I-ONLY25,128,256,12.091105031967164,1.1199352161406184,8.298642648347338,0.23227330064020985,0.18906873770324845,0.47553641759441556,0.19368593798428044,0.070802109278895
bottle,2,PARETO25,8,9,1.8598292529582978,0.23098913482239464,3.7873962908856647,12.195596848222046,35.62064379728936,3.155653078291464,7.8635459662508564,2.1425445510565
bottle,2,PROPOSED50,256,512,17.858905029296874,1.7645316528975572,8.662568997174231,0.1594378790430134,0.059615655040480185,0.3824660747761096,0.17177293105429853,0.0238968553011653
bottle,2,D-ONLY50,256,512,17.51398186683655,1.6483316578347627,7.375101490216594,0.37049597078855967,0.505418674073906,0.4510245264742182,0.38449890602737946,0.1410417765787351
bottle,2,I-ONLY50,256,512,18.12941861152649,1.5750413183699528,8.787588689892198,0.19341772024367881,0.18064064368755206,0.37441606567325814,0.20983357436512332,-0.00878059724878183
bottle,2,RANDOM25_0,128,256,12.15092978477478,1.1207020530025673,7.180923521727766,0.48274301066603753,0.9815939356635088,0.4426220154582752,0.3852570403860692,0.12149905115629696
bottle,2,RANDOM50_0,256,512,17.701200485229492,1.6559738932622585,7.586105055567542,0.7486014941406823,1.5367114989201875,0.5804788032870358,0.7556592416620153,0.12155643269349029
bottle,2,RANDOM25_1,128,256,12.447110033035278,1.1651801612241697,7.701409761646878,0.4647990407179341,0.5961116798234912,0.588452485564291,0.6055383773022069,0.06909362018174744
bottle,2,RANDOM50_1,256,512,18.027187728881835,1.7095763982722572,7.234378989098999,0.44076831988149145,0.6316581910419496,0.6178578378067539,0.4532564881724907,0.060300762504771475
bottle,2,RANDOM25_2,128,256,12.232001733779907,0.9893310421553139,8.418430603249794,0.7949416582734352,1.7928647133648887,0.5516471329256378,0.6377912103747243,0.19746357642849013
bottle,2,RANDOM50_2,256,512,17.43406524658203,1.636998699663699,7.988314346126113,0.4350634301136169,0.5977406411588809,0.4673242640028117,0.5892349314370253,0.08595388385574956
bottle,2,RANDOM25_3,128,256,11.631748056411743,0.8493985725442083,7.357422882148327,0.9545733024310983,1.9319678821046966,0.8556840342684255,0.7913078221274306,0.2393334712238405
bottle,2,RANDOM50_3,256,512,17.25205030441284,1.6315758241003135,7.831944010973294,0.5382514051477332,0.9280340762796075,0.520583137177722,0.6072547769929109,0.09713363014069204
bottle,2,RANDOM25_4,128,256,12.633936500549316,1.1790447252449892,6.70534125244539,1.0313490628014013,2.7536032760119977,0.6827231737776812,0.4961240951743838,0.19294570624154184
bottle,2,RANDOM50_4,256,512,17.443828964233397,1.321755704897604,8.348688946355457,0.6678648374300619,1.3964150990433306,0.5898053532165093,0.5690551708036888,0.11618372665671861
bottle,2,RANDOM25_5,128,256,12.065564346313476,1.0545834658635858,7.466189117011646,0.7148423760395709,1.538861916689266,0.4695750821624037,0.721370436053897,0.1295620692527168
bottle,2,RANDOM50_5,256,512,17.364748668670654,1.495499590839164,7.308321445217731,0.5556775755362952,0.9776950604485055,0.5624234122681707,0.5626176863972129,0.11997414303129159
bottle,2,RANDOM25_6,128,256,11.767990398406983,0.8548073581608311,8.029657527131713,1.218455565656725,3.2531951258965135,0.5300022261798427,0.8845060135122133,0.20611889703833047
bottle,2,RANDOM50_6,256,512,17.394043445587158,1.5647843623986992,7.734471946960999,0.5577988138509655,0.9636612643977485,0.4943073559290128,0.6471650559621487,0.12606157911495258
bottle,2,RANDOM25_7,128,256,12.759431743621827,0.9551656811371083,7.820844049382853,0.4421358838089415,0.31837022968542794,0.761006031717621,0.5021586696204369,0.18700860421228013
bottle,2,RANDOM50_7,256,512,17.935094594955444,1.5561216713530022,7.961160787265861,0.39525788813584156,0.33456222931045193,0.567744394946693,0.5385646716027346,0.1401602566834868
bottle,2,RANDOM25_8,128,256,12.425167512893676,1.1756367218127015,7.900561814884903,0.2727094104294041,0.08113283324999784,0.5473844959000692,0.35468409496413444,0.10763621760341498
bottle,2,RANDOM50_8,256,512,17.178319692611694,1.445317874506292,7.614130277933668,0.4821782507962339,0.666651507755241,0.5744836837865632,0.6114233426651394,0.07615446897799202
bottle,2,RANDOM25_9,128,256,12.260141849517822,1.3407352090623894,7.56054273443127,0.37988094515053616,0.4125976343070672,0.4707682838020773,0.4950004143533797,0.14115744813962047
bottle,2,RANDOM50_9,256,512,17.56507840156555,1.742422139328379,7.695314303514658,0.5469977029619001,1.0114644781652133,0.5221492924665669,0.5383782706823006,0.11599877053351966
cable,0,FULL25,512,1024,39.46346546041554,2.1312328643335636,5.146295169761309,0.34549037723652826,0.44518974423068625,0.44625334700824704,0.45876960476872125,0.03174881293845844
cable,0,PROPOSED25,128,256,19.32798010727455,1.0807123750161658,4.139219806383556,0.21398764046132235,-0.31591541202776086,0.22831682073273513,0.2420695863783773,-0.06964874270641609
cable,0,D-ONLY25,128,256,18.15757337109796,1.1659615249746422,4.771173232796695,0.2553820156178643,-0.09013240304282169,0.3186084976154108,0.5018564335762987,0.11093072823692592
cable,0,I-ONLY25,128,256,20.883404370011956,1.2707150987439464,4.165954870426623,0.18540797883756463,-0.26819049259111455,0.07067863628725152,0.27994850505875396,-0.12281428141313845
cable,0,PARETO25,7,2,1.336822875614824,0.24678416332866282,1.4497846514839756,3.3981290929542345,3.627527927109239,3.760710240223229,5.377996527307854,0.8262816771766166
cable,0,PROPOSED50,256,512,28.164747928750927,1.765164945804646,4.774302762653287,0.17499192454969015,-0.19113621886812202,0.1813714766084921,0.23321700131863562,-0.0942430014035108
cable,0,D-ONLY50,256,512,26.59663351650896,1.3487659557765181,5.261017574846421,0.34852496541160977,0.3760381210997988,0.36270855059576534,0.603471750893746,0.051881439057128886
cable,0,I-ONLY50,256,512,30.30211747925857,1.8816022518750497,3.977939391136859,0.1494618410225975,-0.14339774330767818,0.12572772422700484,0.23508584512851977,-0.0936360514271871
cable,0,RANDOM25_0,128,256,19.849105078598548,1.0288186597687738,4.659159860205601,0.3159556480734543,-0.09507080064037228,0.5661670182973996,0.39597392781338414,0.206610845542661
cable,0,RANDOM50_0,256,512,27.391490147031586,1.5021295781064672,4.818311788416155,0.4695853579167822,0.6292551824460128,0.6736669402605786,0.46964850673599434,0.10577080222454308
cable,0,RANDOM25_1,128,256,19.33256744516307,1.0247578840355362,4.875361015073416,0.4562240346727325,0.9038305127412436,0.5158882748353635,0.3941737617830223,0.011003589331300561
cable,0,RANDOM50_1,256,512,28.03896532387569,1.4464681347809518,5.397129221297886,0.3778742436120087,0.3744862818056117,0.4944366387061567,0.5301818492912121,0.11239220464505456
cable,0,RANDOM25_2,128,256,19.395361308393806,1.0748737649331195,4.901813565192854,0.456023365737007,0.9569479930367212,0.4273606412988922,0.40578542879495805,-0.03399939981745677
cable,0,RANDOM50_2,256,512,27.67164059343009,1.7222918313572961,4.533672536345312,0.3600091459835503,0.507733323645872,0.4087452494790261,0.4708241632618695,0.052733847547433786
cable,0,RANDOM25_3,128,256,18.761943619826745,0.92656193566218,4.4395237733077675,0.6189682175236627,1.0669214094762496,0.726490085023522,0.5056657347865934,0.17679564080828572
cable,0,RANDOM50_3,256,512,27.818104974154767,1.6393115982339048,4.726406812682349,0.31526136827574525,0.4278900082933372,0.3722069453738274,0.4318498600271516,0.029098659408664924
cable,0,RANDOM25_4,128,256,20.171077465188915,1.1584183793397467,3.882227264841071,0.39377441712923206,0.5532276191390416,0.5209748527670972,0.45541302642461295,0.04548217018617646
cable,0,RANDOM50_4,256,512,28.01429745246624,1.7906212066289235,4.327909442829995,0.3146321771292946,0.36933987729065304,0.4232967666727211,0.42108220361294074,0.04480986094086361
cable,0,RANDOM25_5,128,256,19.129849105045714,1.1258298907163728,4.396799970828946,0.43133135578678555,0.9497543595958642,0.38034652805303776,0.3657390622304892,0.02948547326775091
cable,0,RANDOM50_5,256,512,27.53573046059444,1.5149650299363713,4.531937207601702,0.42813999995318014,0.7435373018520007,0.5385152529608258,0.3896583964456066,0.04084904855428745
cable,0,RANDOM25_6,128,256,18.84913872028219,1.0878200726303697,4.703256629004175,0.6075747933543105,0.6360339698161701,1.2088859373819285,0.44591536757275313,0.13946389864639014
cable,0,RANDOM50_6,256,512,27.398901051488416,1.5996664306572226,4.926828202795984,0.3791842269818064,0.5314939219686776,0.41141522658082386,0.5312293043914834,0.04259845498624092
cable,0,RANDOM25_7,128,256,19.92685821138579,1.151148224225854,4.311732721099298,0.3635735908018228,0.24874496511887856,0.8105564147064017,0.37096490775184593,0.024028075630165062
cable,0,RANDOM50_7,256,512,28.78418442298626,1.5860969184696583,4.563111243816781,0.28353973034884566,0.229356890889316,0.4949070497837217,0.3934118993148004,0.01648308140754444
cable,0,RANDOM25_8,128,256,19.562266777301655,1.2043057824336576,4.284667118889235,0.19688053484758083,-0.041608838350026836,0.2813815193444803,0.4158483324572895,-0.04868344923852664
cable,0,RANDOM50_8,256,512,27.620717772122088,1.7706825017678414,4.751674347092394,0.24734482312729264,0.27103292130249773,0.3369091648005761,0.3600911031626756,0.021346103243421125
cable,0,RANDOM25_9,128,256,20.189046234920106,1.1907905711057536,3.536891973979719,0.25571996610746667,0.20084833089789694,0.2300183223439977,0.5657670208001179,0.026246190387854057
cable,0,RANDOM50_9,256,512,27.760999021859003,1.6555120138712174,4.674584415240995,0.3809508581428409,0.6373698316084542,0.3271630496420523,0.5090847369954392,0.05018581432541799
cable,1,FULL25,512,1024,39.654071676320044,2.300372514894328,5.025934407946084,0.31471408310401067,0.39138726007712354,0.3599142706677886,0.4815196775336414,0.026035124137489176
cable,1,PROPOSED25,128,256,19.424679558852624,1.1896925441911719,4.077167825216139,0.18858205242998044,-0.24432913013685964,0.19838190917358786,0.21077906470127805,-0.10083810570819622
cable,1,D-ONLY25,128,256,17.97704499343346,1.0121339088332102,4.934896930731592,0.2891006038205834,-0.027303584543404653,0.3749847887894634,0.6364283701257788,0.11768567182368662
cable,1,I-ONLY25,128,256,21.06797113089726,1.304651414288987,4.142340302105772,0.19537150951516166,-0.24582623755992983,0.15058224330054434,0.2762898866784435,-0.1087876705217289
cable,1,PARETO25,8,4,1.9367549994896198,0.27226804022630924,1.3197521230798692,3.0401964806751236,2.849242608819256,4.3788774699780015,4.154985620384552,0.7776802235186873
cable,1,PROPOSED50,256,512,28.085514726309942,1.5546431011621762,4.822549656662568,0.184188600580466,-0.1710657941392056,0.20701112326895166,0.2650712495422809,-0.09360623537142582
cable,1,D-ONLY50,256,512,26.660034113916858,1.3800193921960149,5.150420205447653,0.3523410820816038,0.4321443663572659,0.28624573219331045,0.5785098225434597,0.11246440723237934
cable,1,I-ONLY50,256,512,30.22708583700246,1.7354143704274847,4.027836390443084,0.14453305889857235,-0.13064361676380273,0.1392385451743639,0.22092527962044387,-0.0873247940356789
cable,1,RANDOM25_0,128,256,19.947299792848785,1.0583192224226154,4.6184607466550585,0.29092085672984896,-0.15385007636798292,0.3948310611705049,0.4420476270829059,0.1729546622980021
cable,1,RANDOM50_0,256,512,27.364173099912446,1.7768686350032559,4.51125145441175,0.3682473663929574,0.4800564526141736,0.5003224520251917,0.43181844807098624,0.06079211286147817
cable,1,RANDOM25_1,128,256,19.29527318888697,1.0635345654737034,4.73757426673656,0.43827407364529397,0.8646751078249415,0.4962509510182406,0.391278263917752,0.0008919718202416801
cable,1,RANDOM50_1,256,512,28.147556699555494,1.3374396196238048,5.225820038904254,0.3918605535422227,0.39554654363035846,0.5076844046969682,0.5543705881232903,0.10984067771827391
cable,1,RANDOM25_2,128,256,19.42500196654221,1.0299965351310285,5.007262498468468,0.43852514286644106,0.8754717530750216,0.4580815185450161,0.3807895151096639,-0.03975778473606264
cable,1,RANDOM50_2,256,512,27.670232180891364,1.7352463563046863,4.421098650379696,0.36838050767843405,0.49163397929607444,0.45789026182296394,0.4554650152195615,0.06853277437513644
cable,1,RANDOM25_3,128,256,18.850527894907984,0.9520784169864445,4.542043132183311,0.5953163187718775,1.05562039476454,0.7121377067845154,0.47645600152917683,0.13705117200927783
cable,1,RANDOM50_3,256,512,27.69063795023951,1.6721772921883584,4.767385290676471,0.36305139387747826,0.4640415868372428,0.4701274795013958,0.42892844836944094,0.08910806080183348
cable,1,RANDOM25_4,128,256,20.08908127094137,1.1882742954523342,4.0679570288478875,0.4183378576362213,0.5855050226109109,0.53457185593448,0.5459118223321495,0.00736272966734479
cable,1,RANDOM50_4,256,512,27.874277673918627,1.8002015279202348,4.320009764560645,0.3526380046166045,0.36831855534905145,0.5144710324667445,0.4405167536528012,0.08724567699782089
cable,1,RANDOM25_5,128,256,19.00817683647419,1.0882918178998653,4.551383894635833,0.5376777531327164,1.1108858051256714,0.5385658039929253,0.4178361224139058,0.08342328099836317
cable,1,RANDOM50_5,256,512,27.482972605475062,1.4914277988298517,4.825900880031522,0.368284197355661,0.6254789704952055,0.44413649571541236,0.4031784967102819,-0.00034282650174431955
cable,1,RANDOM25_6,128,256,18.9182019069277,1.1246771504169746,4.327943590810807,0.5650513851883617,0.6705742999319085,1.0686231047661001,0.4284779502739168,0.09253018578152114
cable,1,RANDOM50_6,256,512,27.33249542630952,1.487319604664672,5.168564204000493,0.4186730931882436,0.6547711709819934,0.4057749063519123,0.5508865877536863,0.06325970766538244
cable,1,RANDOM25_7,128,256,19.94096598131903,1.1780895285118191,4.354922593570863,0.3394460372833337,0.18503342672209028,0.7968884250913324,0.3510184877648291,-0.024843809555083134
cable,1,RANDOM50_7,256,512,28.859214322320348,1.6608505872361086,4.387779942118604,0.23258054795689728,0.23865648437363537,0.3672428465889243,0.32007719248402294,-0.00434566838100647
cable,1,RANDOM25_8,128,256,19.568015789163525,1.1767223063308943,4.44420983695999,0.2224516296329829,-0.01061527101941205,0.3946276369035403,0.44938084051052074,-0.035182770098458514
cable,1,RANDOM50_8,256,512,27.647427789096174,1.697735877564079,4.663767427776813,0.24273842497925147,0.29074832808055634,0.30829219970141425,0.34194533489818935,0.029967837236845953
cable,1,RANDOM25_9,128,256,20.323043231306404,1.1872792571329476,3.4998250406497666,0.23721001303563083,0.1484945687146584,0.24816071442573714,0.51638465048601,0.035800118516117786
cable,1,RANDOM50_9,256,512,27.6501710825953,1.5732309403434572,4.715037798427463,0.4658873813054163,0.7442681441384893,0.48844734556995084,0.5241640903870318,0.10666994512619299
cable,2,FULL25,512,1024,39.543026957018625,2.3229814967031928,4.991477035310819,0.3326724565996373,0.4554787193491709,0.3618437384602018,0.4768999890303639,0.03646737955881239
cable,2,PROPOSED25,128,256,19.369183047064418,1.013628920509415,4.220702472481332,0.23606001279633945,-0.3221507418463089,0.27936548626964625,0.2808481060584488,-0.061875717010953804
cable,2,D-ONLY25,128,256,17.986241998343633,1.0137202412951272,4.790022962455178,0.28571106248650313,-0.08242300967838875,0.3218864643881964,0.626220069954027,0.11231470592540028
cable,2,I-ONLY25,128,256,20.931560384816137,1.3063794526896135,4.130202445511936,0.1562554668847156,-0.23470819782290755,0.12878803220797366,0.1962726727045435,-0.0652529648034377
cable,2,PARETO25,11,4,2.8241968442653786,0.34269186916866407,0.8551500302985178,2.48881947812713,2.145680130126125,3.8899486260343537,3.3326224683878833,0.5870266879601554
cable,2,PROPOSED50,256,512,28.050790063266096,1.6595927489203377,4.744420185197082,0.18899435816508053,-0.20422583113887252,0.2162028498353514,0.2328077903157465,-0.10274096137035171
cable,2,D-ONLY50,256,512,26.50569905905888,1.3572271014156514,5.1855435058274235,0.38646734689809964,0.4815010049087723,0.34058142171182665,0.5885258079929091,0.13526115297889058
cable,2,I-ONLY50,256,512,30.30389558857885,1.7929819887615908,4.046932941836412,0.14213644028596578,-0.08802113348850397,0.14931841073701546,0.23742239112361452,-0.09378382579472912
cable,2,RANDOM25_0,128,256,19.9944089034508,1.0834287083063194,4.350319671230264,0.25550465554677887,-0.18381545452944012,0.3824492176642151,0.3219613468846412,0.13379260310881916
cable,2,RANDOM50_0,256,512,27.36287758268159,1.6088904929509256,4.7298008447371025,0.4530648201707198,0.6013995943565567,0.6569203356010572,0.4546032027089597,0.09933614801630579
cable,2,RANDOM25_1,128,256,19.38287202243147,1.0808327511710263,4.785221718258258,0.43672752713942353,0.8440927873435613,0.5042335342408271,0.3615019034998505,0.03708188347345528
cable,2,RANDOM50_1,256,512,28.116407197097253,1.4942718628102598,5.11726052751621,0.396635671043448,0.375630109422099,0.5408923149404777,0.5178141445944726,0.15220611521674265
cable,2,RANDOM25_2,128,256,19.299518124810582,1.0988634013225698,4.766119652208495,0.45925638280768577,0.997476226928024,0.42816049384364446,0.39963771484103766,0.011751095618036812
cable,2,RANDOM50_2,256,512,27.499395271827435,1.6470529533822018,4.648944855685025,0.40312369974179224,0.5539185952665588,0.4971050294107662,0.5045719735778225,0.05689920071202141
cable,2,RANDOM25_3,128,256,18.76278647061052,0.9036617272469644,4.593147717323623,0.6489226649101237,1.1925144286999556,0.7449298168668999,0.5266334351052472,0.13161297896839239
cable,2,RANDOM50_3,256,512,27.662947424526873,1.6702784927094245,4.718686661092829,0.3843526038877173,0.5144370222478751,0.46767986448825843,0.4545815607748396,0.10071196803989604
cable,2,RANDOM25_4,128,256,20.07628786152807,1.1759245140651817,3.866555542570982,0.42141222299519404,0.5944865929985896,0.5786386539589327,0.4764403150119463,0.0360833300113077
cable,2,RANDOM50_4,256,512,27.910133690669618,1.8732322812636935,4.284450516958129,0.318653201321904,0.3820247145060042,0.4879067424292439,0.35455161926335416,0.0501297290890137
cable,2,RANDOM25_5,128,256,18.97614725704851,1.1293169003118586,4.56146096614702,0.49714122358682783,1.1523440786863868,0.4411458331485686,0.36157639836882527,0.03349858414353057
cable,2,RANDOM50_5,256,512,27.488970822301404,1.5580564347430361,4.748541945125257,0.37655408431175563,0.6561210914349014,0.44841523772863423,0.37530260887754435,0.026377399205942727
cable,2,RANDOM25_6,128,256,18.93628143442088,1.092695777710099,4.3971326052661945,0.6062701228042543,0.6637988387551301,1.1754271647873151,0.44555575120894564,0.14029873646562646
cable,2,RANDOM50_6,256,512,27.35399949961695,1.5176843212220428,5.135647351923451,0.4182037351961184,0.6600325504326974,0.40317384838460946,0.5437899185564214,0.0658186234107454
cable,2,RANDOM25_7,128,256,19.822546005249023,0.9238761843054432,4.750467619934097,0.47001759678920657,0.32688901792787145,0.9712143536091749,0.5515619566386512,0.030405058981128937
cable,2,RANDOM50_7,256,512,28.87292477180218,1.7748479090660039,4.330280773160409,0.2629258182689142,0.2488160607459129,0.4103299906616994,0.38512233435359833,-0.0074348873144459895
cable,2,RANDOM25_8,128,256,19.514294163934117,1.2129875602303117,4.312802542076556,0.21606665216085408,-0.0289265559798792,0.34780918925420673,0.4653837415088934,-0.02214712190043702
cable,2,RANDOM50_8,256,512,27.514291434452453,1.772246398407914,4.778654057798729,0.23860632802229648,0.2583932373340299,0.33527241833672794,0.32807129304761634,0.032688363370811754
cable,2,RANDOM25_9,128,256,20.302854406422583,1.2708776252846137,3.437829541736397,0.19186000079008217,0.12853077218003536,0.18097675768551705,0.4466108636501894,0.011321609644586835
cable,2,RANDOM50_9,256,512,27.740322540546284,1.72825302069196,4.633388308409758,0.39530410387965215,0.6727053132597195,0.3762499834089112,0.45603411444372727,0.07622700440625066
grid,0,FULL25,512,1024,27.951227551414853,2.367440137942263,3.1524875017150698,0.2431469278888951,0.21458261685224495,0.4312375795837333,0.254678559969974,0.07208895514962824
grid,0,PROPOSED25,128,256,13.15870866321382,1.1576848619508444,3.050179149596539,0.04734244240847414,-0.01537042602090288,0.10553161716736954,-0.010530460772602475,0.05793726567302167
grid,0,D-ONLY25,128,256,11.354581242515927,0.9136449731000343,2.7350147985602846,0.2181739487271434,0.20295632619806106,0.28534934152727287,0.31991261767751095,0.06447750950572888
grid,0,I-ONLY25,128,256,13.614402453104654,1.2722866650095657,2.2196397872511158,0.06718383892662025,0.034923664435110816,0.048476195160465425,0.07885611422770479,-0.10647938188319997
grid,0,PARETO25,5,7,0.7692412194751558,0.21786018707960275,0.16275145715580971,4.4397327865565135,2.958076903455429,4.714405948175697,7.405819409850333,2.6806288847445963
grid,0,PROPOSED50,256,512,20.211625144595192,1.7900245702172903,3.3216177929041293,0.07499425454272231,0.1085036114985223,0.16675285356300298,0.011356763125630439,0.013363789983733484
grid,0,D-ONLY50,256,512,17.84887631734212,1.1929707670706835,3.1405862195715692,0.2765569496559159,0.19611477871543354,0.560579258874012,0.28675835150646695,0.06277540952775103
grid,0,I-ONLY50,256,512,20.91864622206915,1.683844213232173,3.091688422369581,0.10101887800234101,0.06226615229078801,0.16798594638538095,0.13294561005229602,-0.04087780328089902
grid,0,RANDOM25_0,128,256,13.027519543965658,0.9203775110698383,2.7561629537846546,0.30882331669792523,0.17564059437175558,0.5355554100357162,0.41411878164109983,0.10997848074312941
grid,0,RANDOM50_0,256,512,19.526620229085285,1.7594773141843199,2.9068388253635575,0.2617052654370434,0.2518914263874297,0.47919227208575627,0.21886023071228528,0.09687713256270254
grid,0,RANDOM25_1,128,256,13.791828382582892,0.9470744871265944,3.2530017362569468,0.2557955585994148,0.17441809454003868,0.48682230176716534,0.3245314183673003,0.0374104197231548
grid,0,RANDOM50_1,256,512,18.845702035086497,1.4456349683629068,3.024927905792743,0.2758676771363416,0.38219087288119546,0.38452404762145176,0.2807500444445869,0.05600574359813224
grid,0,RANDOM25_2,128,256,14.094219389415922,1.3575160922567422,2.6280095781638915,0.2746498205929311,0.35962049239159155,0.4677884085143009,0.24141699381583825,0.029773387649993394
grid,0,RANDOM50_2,256,512,19.74696667989095,1.7877877210733377,3.1113950962386516,0.2608848118605794,0.2213329708399096,0.4577342507646598,0.2610082774088564,0.10346374842889162
grid,0,RANDOM25_3,128,256,12.58069474356515,0.9360010620593161,3.068838437788581,0.46914022767367175,0.5637083597357395,0.8067044550918785,0.364600640426826,0.141547455440243
grid,0,RANDOM50_3,256,512,19.437937691098167,1.7001830068708836,2.99670214637977,0.2796864953371741,0.2894377939567021,0.43288349914496704,0.3105834726327434,0.08584121561428372
grid,0,RANDOM25_4,128,256,13.178909846714564,1.1231223774711705,2.731292204406004,0.3097571839610596,0.29937767950769134,0.5557851306689481,0.2845637977279647,0.09930212793963435
grid,0,RANDOM50_4,256,512,19.791917074294318,1.9267730449953366,2.859305651444864,0.21185187249857398,0.12970805495641197,0.4237160247027011,0.2221100344708431,0.07187337586433988
grid,0,RANDOM25_5,128,256,13.791763351077126,1.1404454776837025,2.882267506453405,0.3726140441723678,0.44705545600606167,0.514939105191798,0.3711939769092383,0.15726763858237355
grid,0,RANDOM50_5,256,512,19.663936251685733,1.631033580409037,3.1783614703339973,0.1457433466112473,0.007291054926105085,0.4073261258984118,0.15722135237823623,0.01113485324223607
grid,0,RANDOM25_6,128,256,13.21852343423026,1.029998312566077,2.9703000116961835,0.38706853474536385,0.2076990106209214,0.7351435863719809,0.43677570439462726,0.16865583759392594
grid,0,RANDOM50_6,256,512,19.33056522551037,1.7099953825434124,2.9468829105751704,0.26543620405443485,0.2961221722238199,0.3571749680667332,0.2702981635758001,0.1381495123513861
grid,0,RANDOM25_7,128,256,14.377899124508811,1.2541943854726827,2.77127114590069,0.19823756900356407,0.15866382007724053,0.4104593425479256,0.14710766103981693,0.07671945234927324
grid,0,RANDOM50_7,256,512,20.369940439860027,1.6702015103790753,2.956973196197736,0.15609229362527827,0.03989352590756767,0.3590446153261143,0.1743818157290741,0.05104921753835705
grid,0,RANDOM25_8,128,256,13.39159143538702,1.2369796182239603,2.5994149793762937,0.21971272414395843,0.15563834338418658,0.4471855745375665,0.16725333855674487,0.10877364009733574
grid,0,RANDOM50_8,256,512,19.711057753789994,1.820804465686997,3.0550826140275222,0.16813476796817492,0.06033632351121879,0.374832633910801,0.16834976118009332,0.06902035327058655
grid,0,RANDOM25_9,128,256,13.722946757362003,1.2395564661147813,2.9145413562825713,0.2371637703126541,0.3124390690653381,0.21714859536990788,0.32666415909511426,0.09240325772025618
grid,0,RANDOM50_9,256,512,18.62363560994466,1.4429404072598657,2.9209453451856247,0.25461010177185917,0.23349642003301285,0.5051819248615306,0.27295189864988895,-0.0068101635430042355
grid,1,FULL25,512,1024,28.043732688540505,2.3761607844321526,3.1547189314839166,0.21781203567826715,0.21825558578048335,0.3521795456375905,0.2543050400679195,0.04650797122707513
grid,1,PROPOSED25,128,256,13.11636275336856,1.0787372571250293,3.1090542949559583,0.10207533113153233,0.12200351305703268,0.15182497651422538,0.07870586137464758,0.05576697358022369
grid,1,D-ONLY25,128,256,11.309343474251884,0.9104998279350436,2.7406432624862234,0.24303856248355568,0.24690460891254845,0.2969037769153732,0.3482540648386612,0.0800917992676399
grid,1,I-ONLY25,128,256,13.570003327869234,1.2562007976358176,2.285544959653623,0.06025658329590279,0.019246059652369814,0.0445125095127269,0.07876012610739092,-0.09850763791112353
grid,1,PARETO25,11,11,1.7130352542513894,0.24936104865081066,0.45522016128677106,3.7000756652053486,3.5049002767174615,3.8550924827481,5.184694805815445,2.255615095540388
grid,1,PROPOSED50,256,512,19.9987982795352,1.7717280214075484,3.3365359901314684,0.06536465795712151,0.08190482986426431,0.10849738831663436,0.06040075062286527,-0.01065566302472211
grid,1,D-ONLY50,256,512,17.659329550606863,1.0755156073813317,3.256385277576696,0.3913375567809328,0.3812976575925554,0.703020406337131,0.4096087338720353,0.07142342932200936
grid,1,I-ONLY50,256,512,21.055194945562455,1.875211916853076,2.957705149181156,0.07953881975710743,0.01398031475363821,0.1736910255815586,0.12708480998932706,0.0033991287039058277
grid,1,RANDOM25_0,128,256,12.99681518191383,0.8619956298021875,2.82542215114036,0.37581391237018524,0.16729198172117632,0.6896444750990177,0.5073698472509977,0.13894934540954929
grid,1,RANDOM50_0,256,512,19.529032389322918,1.701988189757283,3.003544744479025,0.25440714332209236,0.22573106335269952,0.45472756736537984,0.24585788817261567,0.09131205439767448
grid,1,RANDOM25_1,128,256,13.880981899443126,0.9380388366797194,3.2073853588928336,0.18984690695897613,0.03236602151224266,0.45899275245971455,0.23032396840379551,0.03770488546015186
grid,1,RANDOM50_1,256,512,18.93383707318987,1.3147994069099251,3.0071666179024157,0.30375182085382996,0.4476276560972644,0.3970937538775907,0.31011063688545215,0.060175236555012473
grid,1,RANDOM25_2,128,256,14.13813000633603,1.423846580646503,2.6381232632925355,0.27625120859450003,0.3169626012715375,0.4476476344526505,0.26510913785853074,0.07528546079528145
grid,1,RANDOM50_2,256,512,19.727516810099285,1.7054540500485265,3.0476770824873136,0.27796950253540736,0.2242657842978728,0.434778402542383,0.32095845819790153,0.131875365103472
grid,1,RANDOM25_3,128,256,12.636466480436779,0.8974603749114495,3.0679516537023597,0.49608118284037406,0.5977124889796587,0.7835684039573546,0.48091242369591347,0.1221314147285695
grid,1,RANDOM50_3,256,512,19.51815650576637,1.852536350784574,2.8489210998249908,0.22620061288186616,0.22527270922801185,0.3574718674262603,0.23580083175351704,0.0862570431196754
grid,1,RANDOM25_4,128,256,13.071856998261952,1.0328817857594843,2.7396742076735516,0.3688086390559555,0.3509959645125933,0.7075728351515209,0.3401865065074144,0.07647925005229357
grid,1,RANDOM50_4,256,512,19.81774430047898,1.9433610059295006,2.7727585212898824,0.1940289601793014,0.08870900293351226,0.41118252238475395,0.2286860686231084,0.04753824677583106
grid,1,RANDOM25_5,128,256,13.891419229053316,1.1111697495219535,2.8336105542848173,0.3469889488112822,0.4772754286676567,0.4806962550189114,0.3107736610044317,0.11921045055412921
grid,1,RANDOM50_5,256,512,19.574023837134952,1.602953774212052,3.181730824826991,0.1508305362627139,0.056694361797744286,0.4139261374594949,0.12138408957487896,0.01131755621873746
grid,1,RANDOM25_6,128,256,13.39126037416004,1.0137714252614074,2.8692568261127525,0.30239681912581146,0.08329468878608311,0.7159193498916847,0.3322867740905473,0.07808646373493049
grid,1,RANDOM50_6,256,512,19.219113940284366,1.7445273198179803,2.9797964162984107,0.2801249773954461,0.3650993226097358,0.3447068469447213,0.2457937212454796,0.1649000187818478
grid,1,RANDOM25_7,128,256,14.376424199058896,1.3681720770554868,2.805730883841087,0.18658697068567764,0.1438752496327432,0.37946763920836396,0.16112951193905986,0.06187548196254359
grid,1,RANDOM50_7,256,512,20.426193418956938,1.8739454165881795,2.9110729803882025,0.16319264400768874,0.04324525481976525,0.4057578561033895,0.19596821083851146,0.007799254269088817
grid,1,RANDOM25_8,128,256,13.45298213050479,1.238246518074193,2.6020477692608135,0.23793908733196661,0.1408984712109451,0.5689351655288966,0.15506386578277856,0.08685884680524622
grid,1,RANDOM50_8,256,512,19.640250978015718,1.783651172064415,3.1455422279379297,0.19253101797909186,0.10407516812108865,0.40376900253011516,0.1864567750027311,0.07582312626243262
grid,1,RANDOM25_9,128,256,13.692142486572266,1.1707727755475033,2.9165675404732587,0.27258686290175976,0.3705320023767642,0.3168951664245673,0.339229502619576,0.06369078018613157
grid,1,RANDOM50_9,256,512,18.55571156456357,1.3905946442208568,2.958717562991951,0.2677178446470983,0.2413252130366216,0.5238971803635264,0.3002143537194431,-0.005434631468801975
grid,2,FULL25,512,1024,28.00563230968657,2.6220768089317374,3.099606481809601,0.21223432060702377,0.20694642572910937,0.3745266295473798,0.21197812188412804,0.055486105267477916
grid,2,PROPOSED25,128,256,13.220078649975004,1.113054476265247,2.993290684110923,0.05152491187845257,0.08659879834581223,0.10474191815336722,0.004756510090772737,0.010002420923858089
grid,2,D-ONLY25,128,256,11.40345250992548,0.9397467679756248,2.7464151889789363,0.1921137905250076,0.12083521249325198,0.3287594236818912,0.27832656417692175,0.04053396174796542
grid,2,I-ONLY25,128,256,13.550737880525135,1.3092427908326107,2.276615060140071,0.11121380363913001,0.10106542409593351,0.08246266742411036,0.16925119352502074,-0.09207592951145543
grid,2,PARETO25,10,10,1.9769064415068853,0.3269810362549567,0.42146721344335303,2.8022302290810583,2.662637165102126,3.1412275142312596,3.970514330012856,1.4345419069779932
grid,2,PROPOSED50,256,512,20.032862163725355,1.830521793960723,3.3265397423375402,0.05997175671122064,0.06457881427331712,0.09660619078588177,0.07331652586839792,0.005385495917285776
grid,2,D-ONLY50,256,512,17.998693012055895,1.0613263879543449,3.1719579161963964,0.26972330869911654,0.18809637434034115,0.5346525412298744,0.2956578316183412,0.06048648760790948
grid,2,I-ONLY50,256,512,20.802988506498792,1.897298026811802,3.0479739229230924,0.11215148429525892,0.03969311174501746,0.2745819808556451,0.1283122252327382,-0.0060186193476349185
grid,2,RANDOM25_0,128,256,13.070534206572033,0.8258994272011372,2.7961676752696243,0.35602003181538006,0.17557161895323287,0.5542412184204187,0.5289934295801354,0.16527386030773336
grid,2,RANDOM50_0,256,512,19.603627250308083,1.7070722578966278,2.912275343311268,0.24886154910893937,0.25167354153419436,0.43003211370867717,0.2265817981266991,0.08715874306618691
grid,2,RANDOM25_1,128,256,13.98876598903111,0.9620743080316317,3.1762273597440505,0.17105037135804818,0.07113104705927326,0.408790079160687,0.20291193613277062,0.0013684230794617886
grid,2,RANDOM50_1,256,512,18.97423753284273,1.5506623668248258,2.9214072948893963,0.24232425216345738,0.3487687198889458,0.34157484909098884,0.22259934314763669,0.05635409652625813
grid,2,RANDOM25_2,128,256,14.199659438360305,1.3315390295482694,2.59598697429689,0.2670310853621955,0.3079568182492218,0.4242660340459333,0.27251383999124235,0.06338764916238461
grid,2,RANDOM50_2,256,512,19.792104811895463,1.579280839866278,3.092736169616766,0.25019444703781035,0.2194902375767745,0.42361650876557055,0.28635766444018734,0.07131337736870903
grid,2,RANDOM25_3,128,256,12.763710748581659,0.858160496589983,3.007435464822211,0.4610492028391196,0.5756514604199611,0.7262261892495898,0.4127918850306581,0.12952727665626954
grid,2,RANDOM50_3,256,512,19.37587492806571,1.777702485598397,2.916958768341718,0.29713230800223017,0.3790295058122204,0.45131575009382147,0.2514239595471646,0.1067600165557143
grid,2,RANDOM25_4,128,256,13.083846955072312,1.0573192313818334,2.7121011335032703,0.32531174717719114,0.2746787461640845,0.6226289529015747,0.32795245821688973,0.07598683142621553
grid,2,RANDOM50_4,256,512,19.670699709937686,1.9035808971283181,2.855367531105881,0.24694495263353056,0.21417717625003604,0.4294504701283376,0.2826066837685672,0.06154548038718134
grid,2,RANDOM25_5,128,256,13.813827650887626,1.1636715487261702,2.8744867952177935,0.3076591482953401,0.39054768259393857,0.40073720716740774,0.31671103554167085,0.12264066787834325
grid,2,RANDOM50_5,256,512,19.4706419081915,1.6276817405986765,3.27020186460368,0.18076591010898757,0.08205981659087362,0.43214413553805886,0.1937168274480416,0.015142860858976249
grid,2,RANDOM25_6,128,256,13.297855513436454,1.0357099730606303,2.9623775525507066,0.3357403145097272,0.14802832143132702,0.7181551352155188,0.3625201269891263,0.11425767440293676
grid,2,RANDOM50_6,256,512,19.29393059866769,1.7317602394793727,2.9283533607817582,0.24643154745244056,0.31356297273710243,0.2911670898118509,0.2453294726219109,0.13566665463889802
grid,2,RANDOM25_7,128,256,14.362743332272483,1.3355742684881842,2.817519823951778,0.1799382172109786,0.08379915373233159,0.4090748158456834,0.14648640290316237,0.08039249636273703
grid,2,RANDOM50_7,256,512,20.415700276692707,1.6304586313813174,2.9585372830637473,0.2015558618298634,0.1407719780881077,0.4044269393780278,0.1898558732598297,0.07116865659348834
grid,2,RANDOM25_8,128,256,13.381554694402785,1.1824507813835796,2.565595980866398,0.23491015003870264,0.17111774350416115,0.5425049832079379,0.1097499097685644,0.11626796367414706
grid,2,RANDOM50_8,256,512,19.66715994335356,1.9270921035404973,3.0817885354654835,0.14854064266748007,0.09689025380436025,0.3395336826629606,0.10316327250773753,0.054575361694862046
grid,2,RANDOM25_9,128,256,13.82081177121117,1.1262194942771633,2.9059365516362035,0.2729020056528418,0.33548353620114774,0.27599063120091577,0.3739564282264916,0.10617742698281205
grid,2,RANDOM50_9,256,512,18.574792316981725,1.4074641676046458,2.964825155882996,0.2681090602259663,0.2523528268904573,0.48565775269096245,0.3203314754662701,0.01409418585617543
hazelnut,0,FULL25,512,1024,38.847685146331784,1.8617897484383938,5.925186978367417,0.2151199244318543,0.14560911590179487,0.31423142437762674,0.3612870437910458,0.039352113656949725
hazelnut,0,PROPOSED25,128,256,19.61049904823303,1.200557169026462,6.094443230300065,0.10934206338039174,-0.08314980749259229,0.25765877323665326,0.08759607743203394,0.008963595360287391
hazelnut,0,D-ONLY25,128,256,16.665790271759032,1.1546436536078246,6.23350857257163,0.21893817222214035,-0.03279110268701553,0.5250449501302008,0.10992153206545516,0.20799510400588983
hazelnut,0,I-ONLY25,128,256,22.844528436660767,1.1460583552703432,4.684327556982077,0.13920509340812995,-0.11581722408603885,0.15422882854656295,0.2032234737541508,-0.08355084724576727
hazelnut,0,PARETO25,8,6,1.6931477159261703,0.2625663215913691,0.674076268842253,1.1467202910676109,0.4283647337712879,0.5107868743403551,2.2333733794935187,1.4143561766652815
hazelnut,0,PROPOSED50,256,512,29.778417110443115,1.6394872777809297,6.054392179955277,0.10888115666654143,-0.08468690736742823,0.21470170468466634,0.10959463652672083,-0.02654137808735031
hazelnut,0,D-ONLY50,256,512,25.867120122909547,1.6047542305542521,6.265166342610774,0.17235216932380748,0.017002278991849373,0.3963607094683673,0.18829186716385454,0.08775382167115865
hazelnut,0,I-ONLY50,256,512,30.7333487033844,1.3946398433628635,5.70761180672976,0.14625193467909542,-0.11952936210465345,0.21819627561801394,0.19710023614802163,-0.05018186484569263
hazelnut,0,RANDOM25_0,128,256,19.26162748336792,0.9387562538597746,5.323206918074413,0.21674067672860872,-0.09751027617677228,0.4261167764234326,0.23439858193711588,0.10893707237711406
hazelnut,0,RANDOM50_0,256,512,27.340722846984864,1.3987962422683413,5.999745819963742,0.23664876769015433,-0.0528070618323855,0.4209523468688026,0.38411988408557446,0.08871577797385477
hazelnut,0,RANDOM25_1,128,256,18.8421679019928,0.8127247658865133,5.168143538399133,0.17175333518082112,0.014056381383108163,0.2988238665791412,0.31984689233456476,-0.054286200426470324
hazelnut,0,RANDOM50_1,256,512,27.591565322875976,1.3812797630300706,5.830266031416567,0.21104155917371917,0.041334582020574315,0.3897917286235293,0.29576395272112066,0.11727597332965234
hazelnut,0,RANDOM25_2,128,256,18.97917585372925,0.8809290112078201,5.673484164588154,0.21686905019011365,0.1879928533130229,0.3252051148213042,0.3100376024295782,0.04424063019654943
hazelnut,0,RANDOM50_2,256,512,27.73294863700867,1.5080467097665726,5.3743763782958025,0.20420440522396827,0.09188968203057397,0.32063270172592384,0.3354257369041294,0.06886950023524589
hazelnut,0,RANDOM25_3,128,256,19.03622922897339,0.6726836522127553,5.894667501833049,0.34578998392774973,-0.04292687827933376,0.6802674455200746,0.4335272469591704,0.22643836495242028
hazelnut,0,RANDOM50_3,256,512,27.411717081069945,1.4382157114357772,5.627121938249035,0.2174005977267088,0.1032045760798157,0.31278100372955026,0.40209097796471244,0.05152583313275685
hazelnut,0,RANDOM25_4,128,256,19.20017557144165,1.30449097698821,4.612911095399273,0.1812293838700086,0.054138919209861844,0.36938982380023483,0.20861037071065658,0.09277842175928105
hazelnut,0,RANDOM50_4,256,512,27.513493490219116,1.3744882442511004,5.674793975144689,0.19941192619332507,0.08289991574470494,0.31106076313920833,0.38857533907551917,0.015111686813867741
hazelnut,0,RANDOM25_5,128,256,19.124140119552614,0.9500298695648947,5.2178060918608296,0.23260653861682332,0.15618832046340203,0.34042231690236074,0.39105626349080297,0.042759253610727535
hazelnut,0,RANDOM50_5,256,512,27.030128240585327,1.210856334902064,6.123841461079943,0.20366693992552937,-0.018345404908463037,0.4557122091195039,0.2860604334414719,0.05454971223267856
hazelnut,0,RANDOM25_6,128,256,19.181514406204222,1.096922708550219,5.695453339204673,0.22380844398751665,0.012607602103978193,0.31082622873195676,0.5249518489456498,0.046848096168481825
hazelnut,0,RANDOM50_6,256,512,27.689111757278443,1.4738113754892028,5.295428871143143,0.20786220536955408,0.06055937231622142,0.30875385052768034,0.4040448700409698,0.05809072859334476
hazelnut,0,RANDOM25_7,128,256,19.59605779647827,0.9094269088940043,5.232742750164373,0.22006167586856737,0.09806777810386605,0.4018522460657426,0.36835099629972123,0.01197568300493953
hazelnut,0,RANDOM50_7,256,512,27.91450915336609,1.392712974516976,5.899459677008568,0.1959745143280198,-0.024154194560344833,0.3818676134154898,0.2921818744881299,0.08569437484811458
hazelnut,0,RANDOM25_8,128,256,19.216039371490478,0.9758511492549484,5.002655903091536,0.13390447271329503,-0.05348500463812226,0.30992487755332965,0.1419381078023018,0.030269900859426414
hazelnut,0,RANDOM50_8,256,512,27.03187026977539,1.3317781548050922,5.611635917904888,0.18584255232971345,-0.0924584083857831,0.37691827959722946,0.20532458603407994,0.06866893530176121
hazelnut,0,RANDOM25_9,128,256,19.773758268356325,1.038744096248668,4.92818411081889,0.1777419404188546,0.07205278788642053,0.3348456086641346,0.24460643510687827,0.05946293001798499
hazelnut,0,RANDOM50_9,256,512,26.67201738357544,1.289624660536584,5.784419035789227,0.2719416386226284,0.10676555480360936,0.4386693732402346,0.4425663775907148,0.09976524885595463
hazelnut,1,FULL25,512,1024,38.99131851196289,2.027830301539009,5.89909487779359,0.1989798465042227,0.08078452630327433,0.3668540933208754,0.2668629435885229,0.08141782280421823
hazelnut,1,PROPOSED25,128,256,19.688702964782713,1.250810042882194,5.967663381785113,0.10419941436805792,-0.08967962409004958,0.22947009280996156,0.09490504338108148,-0.002742897191139049
hazelnut,1,D-ONLY25,128,256,16.700618410110472,1.1907135948342014,6.167396139973999,0.21089552482514473,-0.06570598453556287,0.5359452507717319,0.10073721711727886,0.14119364687600516
hazelnut,1,I-ONLY25,128,256,22.997049188613893,1.1762849059546954,4.697430880488892,0.11953493727296094,-0.1237454719214082,0.14249648351262093,0.1469507502194469,-0.0649470434383678
hazelnut,1,PARETO25,8,6,1.6579723864793778,0.2694046726110479,0.7653221523760309,1.2168938270101872,0.5074750225070315,0.5069700400947035,2.533280605530847,1.3198496399081667
hazelnut,1,PROPOSED50,256,512,29.56738724708557,1.3785205981911137,6.294267310123496,0.1394423883056141,-0.07866889588934094,0.29472606652004757,0.17102974912623675,-0.013344841686831024
hazelnut,1,D-ONLY50,256,512,25.73573431968689,1.582076839756251,6.39826476871739,0.213034210457372,0.021720505199848715,0.4173616526260046,0.2933886265160621,0.11966605748757268
hazelnut,1,I-ONLY50,256,512,30.734279823303222,1.3691165032636263,5.753203807035249,0.16105763648687924,-0.1449539625237233,0.2549044385662428,0.18078075027665458,-0.06359139458089622
hazelnut,1,RANDOM25_0,128,256,19.22747473716736,0.9491937281185576,5.310425207208494,0.18286922552449214,-0.04769327432249728,0.33174054582101237,0.27687296490335056,0.07517011705110836
hazelnut,1,RANDOM50_0,256,512,27.4106164932251,1.4985402974503086,5.872343053313596,0.20049931912391888,-0.06652057456598799,0.3762228330466709,0.3083189746960118,0.050934894187004864
hazelnut,1,RANDOM25_1,128,256,18.803711128234863,0.8289239746845305,5.257124557220876,0.19640191395793027,0.06243659427914057,0.34891551304086565,0.3635975769701302,0.010657971541584632
hazelnut,1,RANDOM50_1,256,512,27.560512685775755,1.3386876872583273,5.833265831068712,0.24214343619770407,0.057075727950969636,0.4311836188427753,0.36737426280819835,0.11294013518887298
hazelnut,1,RANDOM25_2,128,256,19.001694202423096,0.9405419825221789,5.530365301571635,0.1764706575965615,0.11839786826138925,0.3617820290340834,0.21063281657078212,0.0150699165199912
hazelnut,1,RANDOM50_2,256,512,27.718321752548217,1.4680653547400169,5.4418060467798695,0.22358567273281987,0.0971136982209529,0.3371094800377404,0.3461933756859312,0.11392613698665496
hazelnut,1,RANDOM25_3,128,256,19.013772678375243,0.8032428528127438,5.7574419187176655,0.2911266796003664,-0.03187574200619534,0.5330468290878628,0.41766468566135095,0.18191946164605663
hazelnut,1,RANDOM50_3,256,512,27.579609155654907,1.390227292326048,5.628261167601357,0.1748822625503874,-0.01609237221654549,0.3440311184449369,0.29821589711941543,0.04118966242065181
hazelnut,1,RANDOM25_4,128,256,19.1873881816864,1.229131234707163,4.674455760625372,0.2150522153358881,0.05482223263706627,0.44205370654085696,0.25388623201622507,0.109446690149404
hazelnut,1,RANDOM50_4,256,512,27.52177996635437,1.5229521432683921,5.605076128563794,0.1916001221989575,0.06649570054857128,0.2770037851085268,0.3573780120780704,0.06552299106066153
hazelnut,1,RANDOM25_5,128,256,19.08754458427429,0.9754160246349814,5.324585638966146,0.19962478734606331,0.06583881760192262,0.3152689998502091,0.37203002153159836,0.0453613104005232
hazelnut,1,RANDOM50_5,256,512,27.05019030570984,1.1423013377163773,5.979647874219015,0.2493645446847379,-0.02303029358619395,0.48994027660311207,0.3772329354124505,0.10725467313719506
hazelnut,1,RANDOM25_6,128,256,19.31169056892395,1.0101579462778623,5.738982513693494,0.22238046310167592,-0.0028482081002950523,0.32252296048742424,0.5517857277541515,-0.012364956064832854
hazelnut,1,RANDOM50_6,256,512,27.55312647819519,1.373180513464483,5.387166547881091,0.25514114630732343,0.1011712657679245,0.3989406772373272,0.41953021592348405,0.10092242630055814
hazelnut,1,RANDOM25_7,128,256,19.683989238739013,0.8353736139560546,5.155916941260932,0.2345640291905984,0.041873778176034306,0.46533002235247023,0.4177465752972792,0.0133057409366099
hazelnut,1,RANDOM50_7,256,512,27.975087213516236,1.4554785171540359,5.750817406776749,0.16505557250406605,0.008159850930095159,0.33545951534922225,0.2549005296723842,0.06170239406456264
hazelnut,1,RANDOM25_8,128,256,19.328479528427124,1.0679554138784317,4.937859809748563,0.1584771836878291,-0.07877392968327683,0.33203941470746334,0.16957305153534558,0.05352233882523062
hazelnut,1,RANDOM50_8,256,512,27.068808364868165,1.3538564588082411,5.64643995920395,0.14589598602619255,-0.03765313792172671,0.32315528152974826,0.17023415656919702,0.05254136808409822
hazelnut,1,RANDOM25_9,128,256,19.87303810119629,0.9932959052551996,4.775004600831978,0.16949983064435617,0.08694299484817355,0.3471495874424834,0.22367153704188797,0.020235203244879752
hazelnut,1,RANDOM50_9,256,512,26.711723566055298,1.2751711164055037,5.542049801140844,0.2897496770476104,0.16162573102200634,0.39919267799094355,0.5001103389396179,0.09806996023787391
hazelnut,2,FULL25,512,1024,38.80968713760376,1.601831216786521,6.0685220951697225,0.22754561825770217,0.048647158852989536,0.4280474044245137,0.3941005825370635,0.039387327216241955
hazelnut,2,PROPOSED25,128,256,19.664054822921752,1.250607745206482,5.952302700158892,0.1059296089568351,-0.046186688801306774,0.2522916586624646,0.10994296033886494,0.015297128024704098
hazelnut,2,D-ONLY25,128,256,16.706767797470093,1.0928176356323296,6.338190593356588,0.23112044179183677,-0.11577408892406908,0.5801483240192844,0.08970299732736597,0.13885635689662762
hazelnut,2,I-ONLY25,128,256,22.946148300170897,1.2457527404099575,4.568554098496588,0.11542926623031015,-0.08942877020878046,0.1537038280064717,0.17571629762068156,-0.042868169085306884
hazelnut,2,PARETO25,9,7,2.2669346541166306,0.3815288133919574,0.6039811819636649,0.7061893567442021,0.25668803780302807,0.36139280418681174,1.4011524172021304,0.8055241677848388
hazelnut,2,PROPOSED50,256,512,29.833653831481932,1.557606064253764,5.999970928028666,0.10022983293591889,-0.07612325374021872,0.2190884939225224,0.10546938072431292,0.0002382033566215136
hazelnut,2,D-ONLY50,256,512,25.701628541946413,1.5664661429135744,6.457190626974876,0.20226533871451263,0.02540198253011807,0.44309515677210437,0.25715304646373244,0.08341116909209564
hazelnut,2,I-ONLY50,256,512,30.84972138404846,1.4517381140436307,5.573415455592123,0.13820324661603983,-0.08706127491478546,0.1649194434246028,0.19241521419437788,-0.1084170539303931
hazelnut,2,RANDOM25_0,128,256,19.26008195877075,0.8670399045134553,5.440036313157089,0.1995642288618461,-0.017117501134391245,0.39152149521555596,0.3120482234588315,0.07756969563860572
hazelnut,2,RANDOM50_0,256,512,27.24664959907532,1.374654292649382,5.966973584692383,0.19119772252641012,0.008780068677504981,0.35685723800835334,0.3369203975256308,0.06223318589415135
hazelnut,2,RANDOM25_1,128,256,18.800661754608154,0.7596754307780244,5.105118911655319,0.181465583951363,-0.04480374274006625,0.3187906061463906,0.3337342257291569,-0.028533761189838282
hazelnut,2,RANDOM50_1,256,512,27.61280040740967,1.2964918491695034,5.85371596066238,0.23786678343010853,0.06549602746810507,0.42647980376482364,0.2887368103022435,0.17075449218526198
hazelnut,2,RANDOM25_2,128,256,19.000390672683714,0.8930358452590561,5.618546485305149,0.19868161858011246,0.0889986972150926,0.38294776833417193,0.28368365439478466,0.0390963543764007
hazelnut,2,RANDOM50_2,256,512,27.69768681526184,1.6224665133845986,5.283866195371908,0.16596626764712633,0.0578546929422318,0.2641551632575545,0.29099158339271797,0.05086363099600098
hazelnut,2,RANDOM25_3,128,256,19.15421094894409,0.73206452332941,5.985388354067108,0.2634396009822901,-0.09554166725905366,0.50839427163207,0.34101964010514846,0.10880282493288836
hazelnut,2,RANDOM50_3,256,512,27.627571725845335,1.4491826285647782,5.6008360777239945,0.1843810433881444,0.0821035115176175,0.2892720308865592,0.3297180264113234,0.036430604737077536
hazelnut,2,RANDOM25_4,128,256,19.17145457267761,1.3142580106348887,4.608266462616346,0.1692330474759945,0.025584946776317685,0.3837560607182984,0.1896991599648276,0.07789202244453426
hazelnut,2,RANDOM50_4,256,512,27.560337448120116,1.4720006383230724,5.519398214883756,0.15555754360986182,-0.0032472531604467282,0.28236373028380335,0.27315400681402424,0.06346518418117297
hazelnut,2,RANDOM25_5,128,256,19.083463525772096,1.1248136266589335,5.160626801710695,0.2001960848852368,0.1069937044077622,0.30798567758997847,0.3373985177352702,0.04840643980793634
hazelnut,2,RANDOM50_5,256,512,26.996730947494505,1.1735186621459228,6.165598661897936,0.23752428246090881,0.0015798966802423654,0.5148846792370926,0.3145661976616937,0.11906635626460656
hazelnut,2,RANDOM25_6,128,256,19.21878914833069,1.0866569868030151,5.5961219047220805,0.19807673494648564,0.007781744575447097,0.28098501487889627,0.4641769369069711,0.039363243424628026
hazelnut,2,RANDOM50_6,256,512,27.722282457351685,1.4265020367117351,5.34397428543068,0.19595320101123564,0.04279076730600697,0.3592139048169448,0.3241912767200071,0.05761685520198375
hazelnut,2,RANDOM25_7,128,256,19.60887818336487,0.9294069018276359,5.142466359255208,0.20769231100544486,0.045461216503451626,0.3597269440184023,0.384445231202443,-0.04113585229748255
hazelnut,2,RANDOM50_7,256,512,27.847711277008056,1.4290786306759529,5.797623585196619,0.17692455469807006,-0.013792481637039522,0.3664906215203369,0.24986190263752467,0.07755321299737919
hazelnut,2,RANDOM25_8,128,256,19.216876363754274,0.9276713008720122,4.9217548120925265,0.18531532060833913,-0.052597942766884655,0.3615398453211068,0.28626401411819674,0.040859480227168385
hazelnut,2,RANDOM50_8,256,512,27.102568578720092,1.312191415710575,5.623919285683588,0.18482503770484002,-0.10711318174033221,0.42242583214892493,0.13477151675962076,0.07498962017048212
hazelnut,2,RANDOM25_9,128,256,19.810167694091795,0.9527523442934748,4.819046272847211,0.1660736404923249,0.08013507120755906,0.29442258533974447,0.24358253532330706,0.04615437009868891
hazelnut,2,RANDOM50_9,256,512,26.774467039108277,1.3264465269986516,5.7093397353062585,0.25863856995762835,0.11014623886790771,0.41623756377831544,0.4527159804909891,0.05545449669330105
screw,0,FULL25,512,1024,29.282141243539204,2.234940394134513,2.608848560054652,0.3460199573310983,0.37167678070834703,0.701040681776004,0.31093020196356025,-0.0004321648764819295
screw,0,PROPOSED25,128,256,16.708683269779858,1.0462444869234477,2.8705357758071637,0.3036665536157697,0.3359607812052162,0.4390473680514106,0.27705488428577396,0.16260318092067805
screw,0,D-ONLY25,128,256,15.62527765878817,1.0536697525634793,2.718917577059691,0.5287624682414618,0.6591750549030934,0.6705556459503093,0.5493108680100655,0.23600830410237936
screw,0,I-ONLY25,128,256,16.95474945626608,1.218053835074762,2.7013804389264684,0.10601033796704837,0.02704852806979101,0.29254418788121833,0.05200453837988113,0.052444097537303
screw,0,PARETO25,7,6,1.089225223878535,0.1887352252570627,-0.3878061393012159,1.0403704868776233,1.768445527950266,1.6483673152462517,0.7168520164811394,-0.02781708783283675
screw,0,PROPOSED50,256,512,22.26852658899819,1.4617645132663522,2.8995282916980845,0.2002793087512469,0.19081421885185765,0.3043504243533153,0.20355123205006975,0.10240135974974485
screw,0,D-ONLY50,256,512,21.549632467874666,1.321138968929933,2.854916610286824,0.49350793563841183,0.6028857486154421,0.7387067931244916,0.4946737534044208,0.1377654474092929
screw,0,I-ONLY50,256,512,22.85785219145984,1.5860074063483096,2.78939650841085,0.12789055899126894,0.07190206734969518,0.30217630765404196,0.08353289159627328,0.05395096936506542
screw,0,RANDOM25_0,128,256,14.767205796590666,1.1537058451522542,2.4730446510559663,0.3084245535388053,0.26629579774929435,0.6047460952018101,0.2977286626740475,0.06492765853006942
screw,0,RANDOM50_0,256,512,20.392191910162204,1.645546471170355,2.549185236555727,0.335550173077732,0.30388867848212525,0.670432875678298,0.2976377510274013,0.0702413871231033
screw,0,RANDOM25_1,128,256,14.547483165089677,1.2535252618224821,2.370040008958716,0.345410523206558,0.2856834923705531,0.7399494209418375,0.28748011633734394,0.06852906317649762
screw,0,RANDOM50_1,256,512,20.546692266696837,1.8167204088480071,2.4934499434154564,0.26304080790564893,0.2958022262063862,0.5322610761253448,0.18756869821752384,0.03653123107334103
screw,0,RANDOM25_2,128,256,14.646440761845286,1.0960594493295341,2.489966850905082,0.4550106063088254,0.7019479300962902,0.8182876153350352,0.2642838865625988,0.03552299324137744
screw,0,RANDOM50_2,256,512,20.58865175014589,1.5916147104860128,2.416980831403564,0.43387149070080194,0.45679951472593405,0.8838248593063036,0.30844539673557086,0.08641619203539928
screw,0,RANDOM25_3,128,256,14.323241792074064,1.0146497691429779,2.2334314100810837,0.4333816851426771,0.3273883945610397,1.1510142436824773,0.24790657239874175,-0.007217529928449785
screw,0,RANDOM50_3,256,512,20.61358558840868,1.6929624310862321,2.3331967105383584,0.46216284499408117,0.5510977410080664,0.9557074551565662,0.33400404341911916,0.00784214039257298
screw,0,RANDOM25_4,128,256,14.019386663669493,1.0792452757196822,2.224469589957861,0.4307547261620755,0.5156412339246859,0.8374301601703851,0.32738100376096185,0.042566506792269046
screw,0,RANDOM50_4,256,512,21.0575348923846,1.6999285401218005,2.5393031159073844,0.33806441118590363,0.38183613271817995,0.658734727265459,0.2691579090864438,0.04252887567353185
screw,0,RANDOM25_5,128,256,14.725862898477693,1.0383185156584709,2.740255180668062,0.4311140464268413,0.3747449854634412,0.911247211685661,0.34403826535104853,0.09442572320721451
screw,0,RANDOM50_5,256,512,20.618565908292446,1.773597230919528,2.4674714631472616,0.30620480452512344,0.3487151721397913,0.625512369381235,0.23738138811322682,0.013210288466240554
screw,0,RANDOM25_6,128,256,14.56611726342178,1.084760414974946,2.5711203179024666,0.42082080852545156,0.3552487768727429,0.9719185531570516,0.29287121982178527,0.0632446842502266
screw,0,RANDOM50_6,256,512,20.80220669071849,1.7602238721731982,2.4004055888353597,0.3827792827989187,0.332859275528635,0.8533721304782459,0.32003084231735535,-0.02485488287143866
screw,0,RANDOM25_7,128,256,14.86670291714552,1.1579509742062053,2.381849380512989,0.3703118496579563,0.5751560882275828,0.6468855854016551,0.225275373281626,0.03393035172096147
screw,0,RANDOM50_7,256,512,20.750755449620687,1.5960803532456858,2.6183161250127385,0.24193877234477756,0.23540328575745192,0.48972596010902414,0.23363185742186995,0.008993986090764237
screw,0,RANDOM25_8,128,256,14.14983251618176,1.091769842713892,2.4991540966557175,0.37607652522794915,0.36071638779926707,0.8949693183021956,0.18809637248283864,0.06052402232749512
screw,0,RANDOM50_8,256,512,20.1744526653755,1.6258023549928315,2.6411728496826283,0.3666795162978727,0.5050413669422134,0.6950066667209646,0.2651599280102083,-0.0015101035181045793
screw,0,RANDOM25_9,128,256,14.788907260429568,1.1880410618729482,2.3652624230689683,0.23194294189147938,0.15740973598826463,0.46591486795164383,0.2873140612134132,-0.017133102412595788
screw,0,RANDOM50_9,256,512,19.930078041262743,1.655488606308993,2.6476874365156275,0.3993885291665932,0.4059510347009265,0.8435981558556972,0.3153543368250082,0.03265058928474054
screw,1,FULL25,512,1024,29.303617663499786,2.4042686900140438,2.5388619868715616,0.31630041364771677,0.3574248266691964,0.6030203944731501,0.2864152404518287,0.018341192996691808
screw,1,PROPOSED25,128,256,16.88568564159114,1.1060854034257395,2.768605300480048,0.2617041312475101,0.26521063678164675,0.385405498217345,0.2536154909543427,0.14258489903670574
screw,1,D-ONLY25,128,256,15.46764369127227,1.0168643850513877,2.749288079547932,0.6205523694228042,0.6952221121930687,0.829976214368827,0.6668268395898966,0.29018431153942453
screw,1,I-ONLY25,128,256,16.989223270881467,1.3291425067475058,2.583133790650986,0.09476358880751348,-0.05813237049876424,0.23764258760010012,0.04105872469095098,0.04222067244023861
screw,1,PARETO25,8,6,1.1666037076857032,0.19497611200040152,0.32385819674345395,1.0989310619807993,1.712738709243597,1.6327314455666284,0.8347182133114535,-0.2155358798015182
screw,1,PROPOSED50,256,512,22.195252348737018,1.301279881372291,2.9744910193221203,0.23738740229616173,0.19013095666421417,0.4493092708869945,0.203153879096381,0.10695550253705727
screw,1,D-ONLY50,256,512,21.50985257218524,1.4379469892392407,2.8035446170706906,0.45298631261184585,0.5462523958171026,0.6545220867441873,0.4449417526535941,0.1662290152324993
screw,1,I-ONLY50,256,512,22.929071565953695,1.604950448400712,2.719926398942108,0.10703319982857987,-0.005703323850764538,0.32516998191735197,0.093683173286015,0.0035763202601879268
screw,1,RANDOM25_0,128,256,14.60597917510242,1.1894560587526901,2.5756123163211404,0.3474061338557234,0.3672737138769482,0.6178311120429572,0.29996148675190937,0.10455822275107877
screw,1,RANDOM50_0,256,512,20.385709948656036,1.5988462889774646,2.5460484132954355,0.3309747622583868,0.29860005921637295,0.6509391639036834,0.2967049513835838,0.07765487452990702
screw,1,RANDOM25_1,128,256,14.511958192034465,1.2145184169241507,2.394689115455475,0.3746566535903176,0.36286105835725746,0.7816659991874338,0.2807503789100989,0.07334917790648005
screw,1,RANDOM50_1,256,512,20.45273836647592,1.6364052404037628,2.58289941844386,0.2918489365835106,0.30119977595984726,0.5998889660255384,0.18802952771938514,0.07827747662927151
screw,1,RANDOM25_2,128,256,14.565819833336807,1.0322779009178287,2.5957159938553467,0.4789840553298947,0.6856571947945896,0.8960584410159799,0.3107879465463606,-0.02343263896264858
screw,1,RANDOM50_2,256,512,20.672318342255384,1.6699898887725233,2.4617175765364983,0.37433534182930783,0.365529045665852,0.8246495839473463,0.290830001608516,0.016332736095516887
screw,1,RANDOM25_3,128,256,14.32433993641923,0.9493349964210959,2.3798769556922226,0.46372380993069856,0.3031800381363179,1.2363918123448308,0.29807725897056414,0.017246130271081378
screw,1,RANDOM50_3,256,512,20.486605388362232,1.499578613892358,2.4400029905264433,0.5546285301941333,0.6050547346062563,1.1617251433969824,0.43680121447025766,-0.014933028303036788
screw,1,RANDOM25_4,128,256,14.025138575856278,1.106745903260657,2.2390362306119957,0.4127985313923612,0.4243060682326242,0.8712013975873666,0.3001045282081918,0.05558213154126232
screw,1,RANDOM50_4,256,512,21.095843152302066,1.5380371413457923,2.564708580157908,0.34791025235626405,0.3870513024780637,0.6834855581181212,0.2900710250677537,0.031033123761117744
screw,1,RANDOM25_5,128,256,14.653397397297185,0.9547427023083294,2.6919515383138863,0.5129419935326144,0.48044505786029185,1.0401511257718603,0.4446304486800037,0.0865413418183016
screw,1,RANDOM50_5,256,512,20.66894708028654,1.732641309879242,2.430983052749549,0.3222856184244375,0.3322718446066404,0.6766036900011506,0.24997352006744453,0.0302934190225144
screw,1,RANDOM25_6,128,256,14.49565059382741,0.9760912529132226,2.6696492575971043,0.4698207570808163,0.37889582473827726,1.142704621352745,0.3442027542759453,-0.013479827956297463
screw,1,RANDOM50_6,256,512,20.769357681274414,1.5753860336602372,2.5653352370726052,0.4017772079498563,0.3408945572017484,0.9320165249023755,0.31964680614754665,-0.014550943547754604
screw,1,RANDOM25_7,128,256,14.880620072527629,0.9640664321955277,2.435994665054598,0.44859394404599645,0.6938094169421304,0.7157450928830073,0.3323811655251751,-0.05244010083367302
screw,1,RANDOM50_7,256,512,20.84813690185547,1.544262573249374,2.616381208555289,0.2720182489456619,0.27800057979001236,0.524723870009081,0.252263433262766,0.03308511272078828
screw,1,RANDOM25_8,128,256,14.145221547382635,1.0739620578738784,2.433839543172593,0.37917158136943635,0.37625699888360553,0.85676367857091,0.24161001406860982,0.04205563395462007
screw,1,RANDOM50_8,256,512,20.187675336512125,1.5644706616232051,2.750330990636168,0.3606405317935722,0.43151166961661624,0.7837038083340763,0.21576044384855547,-0.011586205375040919
screw,1,RANDOM25_9,128,256,14.808538157765458,1.215834804274438,2.2714512617771008,0.22262572199341746,0.11822961319398562,0.48909093470332077,0.27957205766040916,0.003610282415954248
screw,1,RANDOM50_9,256,512,19.866392414744308,1.5773185353850774,2.697245459872359,0.3995064092872573,0.4080481497366046,0.8779696053875214,0.2740329215305017,0.03797496049440135
screw,2,FULL25,512,1024,29.17886478144948,2.278045965168114,2.6320412342084163,0.3607515825563573,0.42246601191765976,0.6594397507631253,0.322229550799668,0.03887101674497611
screw,2,PROPOSED25,128,256,16.860050271197064,1.134581127692449,2.7055439381951185,0.2511812103430221,0.2705255383860434,0.38270598375716874,0.19492623948612695,0.15656707974274925
screw,2,D-ONLY25,128,256,15.664197851971883,1.061865168006074,2.7059137922264505,0.5118032396011538,0.572102026871919,0.6939454367032386,0.5689312299518456,0.21223426487761188
screw,2,I-ONLY25,128,256,17.002520840342452,1.1544571534424823,2.576896842720752,0.09599309017255213,-0.029972026928687872,0.2612295612240296,0.04691650553354273,0.0458542670039483
screw,2,PARETO25,6,6,0.707397988656672,0.15321758317082007,-0.027713794273807886,1.6558858088208266,2.2782122145946775,3.090446651763921,1.0279269019424593,0.2269574669822484
screw,2,PROPOSED50,256,512,22.22208795314882,1.5463749666449593,2.8585868923896975,0.2159304571127044,0.1957756188843695,0.3603179975727003,0.22445279653314526,0.0831754154606025
screw,2,D-ONLY50,256,512,21.35098164256026,1.3906490913817486,2.9218453222319205,0.4942186229487626,0.5920024249280644,0.7894377492533682,0.4133015749616215,0.18213274265199642
screw,2,I-ONLY50,256,512,22.91324461960211,1.4929436355263737,2.80237994278202,0.1097896044000799,-0.033102767524245395,0.33065636809562937,0.06938146380129032,0.006017818179154469
screw,2,RANDOM25_0,128,256,14.702818544899545,1.1679636756817957,2.4869536253550386,0.33799827142670325,0.3535397647465339,0.5794590089663506,0.3482409003765609,0.07075341161736766
screw,2,RANDOM50_0,256,512,20.34799720019829,1.5992075509571941,2.593322728223634,0.3179272770573435,0.26746392451888323,0.6798606666888359,0.2652523982100553,0.05913211881159962
screw,2,RANDOM25_1,128,256,14.465850620734983,1.2936560724733328,2.3753213003703535,0.3567401422756678,0.25971977803709806,0.7940868288954276,0.3141643645243017,0.058989597645843786
screw,2,RANDOM50_1,256,512,20.570401773220155,1.6734065436025325,2.484913046630853,0.2673352532446163,0.3031993146571549,0.5435642679103821,0.19413697618175432,0.028440454229173955
screw,2,RANDOM25_2,128,256,14.578464740660133,1.0318299979315946,2.470589018466811,0.48734820716532334,0.7168102797506102,0.9470575071902925,0.2706366418413904,0.014888399879000298
screw,2,RANDOM50_2,256,512,20.53818879476408,1.5887896403253288,2.499459057620896,0.42074131381509194,0.4325344302025603,0.8846195397575909,0.3178262833724878,0.04798500192772877
screw,2,RANDOM25_3,128,256,14.22827060048173,1.0522802517749765,2.3276781249392413,0.45570187489025293,0.3418036405512242,1.1733391295521334,0.2779449697641026,0.02971975969355175
screw,2,RANDOM50_3,256,512,20.59146360071694,1.7013601311413256,2.349059320544776,0.48719990179003697,0.5676020768978391,0.9691016816998584,0.3746255201318183,-0.037470328430631854
screw,2,RANDOM25_4,128,256,13.992311198536942,1.1175052942413581,2.2417423559462732,0.423212820458465,0.485437565856879,0.8129023496507174,0.3353167952241863,0.05919457110207749
screw,2,RANDOM50_4,256,512,21.077329635620117,1.7299449948281103,2.4570198097653977,0.30575649053736836,0.3535797091656735,0.582326513150309,0.27809104907239623,0.009028690761094684
screw,2,RANDOM25_5,128,256,14.790860129565727,1.083967046183923,2.5817758739660333,0.4301680288869652,0.43359486637316125,0.8718432315229427,0.3569351583632527,0.05829885928850413
screw,2,RANDOM50_5,256,512,20.749665097492496,1.6103415132155594,2.5333631833315913,0.308020183661367,0.3119876732270341,0.6717720156786154,0.223831734667851,0.024489311071967605
screw,2,RANDOM25_6,128,256,14.744753558461259,0.994604093071108,2.6045928619285403,0.3943744343484757,0.25600958535298873,0.9603043348623113,0.3472969360376681,-0.013886881140934644
screw,2,RANDOM50_6,256,512,20.902408832457006,1.6893956927497404,2.4138423613646407,0.3622290170762483,0.3018957870610852,0.8285995807317502,0.3126139971415119,0.005806703370646014
screw,2,RANDOM25_7,128,256,14.890258416896913,1.1319425520357838,2.290492993135699,0.3898772981606406,0.5716315017822381,0.6856196962157389,0.28494621765040073,0.017311776994184597
screw,2,RANDOM50_7,256,512,20.75582899698397,1.5160619039604926,2.5947166802064423,0.2743694097275887,0.28133317571888933,0.48207069136106473,0.3263909283116273,-0.0076828435187735016
screw,2,RANDOM25_8,128,256,14.23786905335217,0.996129384796196,2.439503762886833,0.4097635407160369,0.3881718554243322,0.9316294570206214,0.2858161683057601,0.03343668211343404
screw,2,RANDOM50_8,256,512,20.184298492059476,1.4875329812841327,2.7459917782633063,0.38656330338763445,0.4677981114577492,0.7863131888350829,0.2652361575901511,-0.026905755667554432
screw,2,RANDOM25_9,128,256,14.6833623793067,1.1322731199460143,2.4482072942236175,0.24050569743656572,0.1203911368621014,0.497822814350315,0.3237060004843719,0.020102838049474533
screw,2,RANDOM50_9,256,512,19.856169444758716,1.6636390456864796,2.6429854491583824,0.4060825531189107,0.4310947831759095,0.8702288791647464,0.27993928229229276,0.043067267842694136
